task,setting,method,source,episode_index,episode_seed,instruction_hash,success,policy_calls,policy_infer_seconds,wall_seconds
adjust_bottle,demo_clean,base,strict_paired_manifest,0,9300001,59c72768d0bf9a8cb10730b6cab2cf7810538fa0,1,3,5.3483076095581055,20.034223556518555
adjust_bottle,demo_clean,base,strict_paired_manifest,1,9300002,94bd5737a09f1ae91ae60766df81d282cf152ce9,1,3,0.2522413730621338,11.89259147644043
adjust_bottle,demo_clean,base,strict_paired_manifest,2,9300003,e9ff1bcbed7313fc39903b3ce322c74c5342d79e,1,3,0.25043392181396484,11.016956329345703
adjust_bottle,demo_clean,base,strict_paired_manifest,3,9300004,5f5fe801fd93dedb5814a8cf579bf3b00a40f39d,1,3,0.25087881088256836,11.941113471984863
adjust_bottle,demo_clean,base,strict_paired_manifest,4,9300005,6e87041c15a5c7bd1318e7d2df79c8ba0a7d9f8a,1,3,0.25013303756713867,11.207481384277344
adjust_bottle,demo_clean,base,strict_paired_manifest,5,9300006,b5f32b963a8e793161afe2a385064b77aabc2c44,1,3,0.25551605224609375,14.5878324508667
adjust_bottle,demo_clean,base,strict_paired_manifest,6,9300008,23d9a44c825aac5bdb97144c09b9a030f66aa058,1,3,0.24944734573364258,11.675966262817383
adjust_bottle,demo_clean,base,strict_paired_manifest,7,9300009,c6a9e12bf293bd07ad2e5d28d94a063febbe0efa,1,3,0.24784421920776367,11.320890426635742
adjust_bottle,demo_clean,base,strict_paired_manifest,8,9300010,e1479661c3ae3ca700308edb06e16821c310df01,1,3,0.24991750717163086,11.435330390930176
adjust_bottle,demo_clean,base,strict_paired_manifest,9,9300011,9d330cce6853b8945629c2b054f68dc23f60f0bb,1,3,0.24962878227233887,11.833379745483398
adjust_bottle,demo_clean,base,strict_paired_manifest,10,9300012,dece1477ca956295ffaad33c2dc54dcc24daccba,1,3,0.254680871963501,13.876398086547852
adjust_bottle,demo_clean,base,strict_paired_manifest,11,9300013,dece1477ca956295ffaad33c2dc54dcc24daccba,1,3,0.25277185440063477,11.575817108154297
adjust_bottle,demo_clean,base,strict_paired_manifest,12,9300014,5f5fe801fd93dedb5814a8cf579bf3b00a40f39d,1,3,0.2585408687591553,12.354795455932617
adjust_bottle,demo_clean,base,strict_paired_manifest,13,9300015,498cb3b6e696b6c2aa46e8e0f9e39b2524f5c920,1,3,0.26021480560302734,12.263087272644043
adjust_bottle,demo_clean,base,strict_paired_manifest,14,9300016,d142517440dfbb945bfcc81d119f0a9143613c50,1,3,0.2612767219543457,12.198478698730469
adjust_bottle,demo_clean,base,strict_paired_manifest,15,9300017,1cf29c5452075390fc77c0f7a45f6a3d9408ca66,1,3,0.2547938823699951,14.185768127441406
adjust_bottle,demo_clean,base,strict_paired_manifest,16,9300018,11f84bb22d1bdf2f0f7bf09d269e3f50ab069e53,1,3,0.24965691566467285,11.574188232421875
adjust_bottle,demo_clean,base,strict_paired_manifest,17,9300019,052d03fd21f47ef1dada16db7f96e7768e6ad49a,1,3,0.24993562698364258,11.63536262512207
adjust_bottle,demo_clean,base,strict_paired_manifest,18,9300020,a97ce117504285c151baad04af2d71eb2128b8da,1,3,0.2524685859680176,11.77701187133789
adjust_bottle,demo_clean,base,strict_paired_manifest,19,9300021,aad1228431ae2bad876dc77159f913a19d958175,1,3,0.2503395080566406,11.539993286132812
adjust_bottle,demo_clean,ahs,strict_paired_manifest,0,9300001,59c72768d0bf9a8cb10730b6cab2cf7810538fa0,1,6,5.625789165496826,19.827678680419922
adjust_bottle,demo_clean,ahs,strict_paired_manifest,1,9300002,94bd5737a09f1ae91ae60766df81d282cf152ce9,1,6,0.5111269950866699,10.924388885498047
adjust_bottle,demo_clean,ahs,strict_paired_manifest,2,9300003,e9ff1bcbed7313fc39903b3ce322c74c5342d79e,1,6,0.5199971199035645,11.099655151367188
adjust_bottle,demo_clean,ahs,strict_paired_manifest,3,9300004,5f5fe801fd93dedb5814a8cf579bf3b00a40f39d,1,5,0.43595457077026367,11.456729888916016
adjust_bottle,demo_clean,ahs,strict_paired_manifest,4,9300005,6e87041c15a5c7bd1318e7d2df79c8ba0a7d9f8a,1,6,0.5149424076080322,10.690753936767578
adjust_bottle,demo_clean,ahs,strict_paired_manifest,5,9300006,b5f32b963a8e793161afe2a385064b77aabc2c44,1,5,0.42285895347595215,14.22287654876709
adjust_bottle,demo_clean,ahs,strict_paired_manifest,6,9300008,23d9a44c825aac5bdb97144c09b9a030f66aa058,1,6,0.5303566455841064,11.453314781188965
adjust_bottle,demo_clean,ahs,strict_paired_manifest,7,9300009,c6a9e12bf293bd07ad2e5d28d94a063febbe0efa,1,5,0.43029332160949707,10.683321952819824
adjust_bottle,demo_clean,ahs,strict_paired_manifest,8,9300010,e1479661c3ae3ca700308edb06e16821c310df01,1,6,0.5208849906921387,12.078230857849121
adjust_bottle,demo_clean,ahs,strict_paired_manifest,9,9300011,9d330cce6853b8945629c2b054f68dc23f60f0bb,1,6,0.5185675621032715,12.478666305541992
adjust_bottle,demo_clean,ahs,strict_paired_manifest,10,9300012,dece1477ca956295ffaad33c2dc54dcc24daccba,1,6,0.5068004131317139,14.050549507141113
adjust_bottle,demo_clean,ahs,strict_paired_manifest,11,9300013,dece1477ca956295ffaad33c2dc54dcc24daccba,1,6,0.501126766204834,11.114852905273438
adjust_bottle,demo_clean,ahs,strict_paired_manifest,12,9300014,5f5fe801fd93dedb5814a8cf579bf3b00a40f39d,1,5,0.4212632179260254,10.81225299835205
adjust_bottle,demo_clean,ahs,strict_paired_manifest,13,9300015,498cb3b6e696b6c2aa46e8e0f9e39b2524f5c920,1,6,0.49959397315979004,11.364673614501953
adjust_bottle,demo_clean,ahs,strict_paired_manifest,14,9300016,d142517440dfbb945bfcc81d119f0a9143613c50,1,5,0.41918063163757324,10.11431884765625
adjust_bottle,demo_clean,ahs,strict_paired_manifest,15,9300017,1cf29c5452075390fc77c0f7a45f6a3d9408ca66,1,4,0.339658260345459,14.1742525100708
adjust_bottle,demo_clean,ahs,strict_paired_manifest,16,9300018,11f84bb22d1bdf2f0f7bf09d269e3f50ab069e53,1,6,0.5108363628387451,11.473901748657227
adjust_bottle,demo_clean,ahs,strict_paired_manifest,17,9300019,052d03fd21f47ef1dada16db7f96e7768e6ad49a,1,6,0.5021195411682129,11.303720474243164
adjust_bottle,demo_clean,ahs,strict_paired_manifest,18,9300020,a97ce117504285c151baad04af2d71eb2128b8da,1,6,0.5040876865386963,11.641624450683594
adjust_bottle,demo_clean,ahs,strict_paired_manifest,19,9300021,aad1228431ae2bad876dc77159f913a19d958175,1,5,0.4214496612548828,9.811290740966797
adjust_bottle,demo_randomized,base,strict_paired_manifest,0,9301000,fcaf8166a94ab1ef9b19d4422484054af27ad9dd,1,3,5.353848457336426,22.514019012451172
adjust_bottle,demo_randomized,base,strict_paired_manifest,1,9301001,dada0b84e90ef81a62007ebb20b1ff1853769097,0,8,0.6699349880218506,36.97932815551758
adjust_bottle,demo_randomized,base,strict_paired_manifest,2,9301002,c6a9e12bf293bd07ad2e5d28d94a063febbe0efa,1,3,0.253908634185791,14.544599533081055
adjust_bottle,demo_randomized,base,strict_paired_manifest,3,9301005,d4c4d23764b11288aa0dd1154baf7233f9f17bc2,1,3,0.2554194927215576,14.901655197143555
adjust_bottle,demo_randomized,base,strict_paired_manifest,4,9301007,5f5fe801fd93dedb5814a8cf579bf3b00a40f39d,1,3,0.24905991554260254,13.962759971618652
adjust_bottle,demo_randomized,base,strict_paired_manifest,5,9301009,1b2a485984272667dddecfaee302d7cb3ade1f8f,1,3,0.25661206245422363,17.667387008666992
adjust_bottle,demo_randomized,base,strict_paired_manifest,6,9301011,48ea6f696d971d9a2e98a2a11b1e9da0bd864f59,1,3,0.25046253204345703,14.44117546081543
adjust_bottle,demo_randomized,base,strict_paired_manifest,7,9301013,212f3c92e6e0781f3479f1abc50b3da0ec9c35e3,1,3,0.2495737075805664,14.617740631103516
adjust_bottle,demo_randomized,base,strict_paired_manifest,8,9301014,5c046662b429ada275447337c8421a4cb153b317,0,8,0.6823687553405762,38.38322830200195
adjust_bottle,demo_randomized,base,strict_paired_manifest,9,9301015,168dcb0bbca991470a69c5fb4272be9a687a9a2b,1,3,0.25296497344970703,14.862517356872559
adjust_bottle,demo_randomized,base,strict_paired_manifest,10,9301018,fd1f679f33c384905054ebff547cbed7e05b8e98,1,3,0.25773048400878906,17.594615936279297
adjust_bottle,demo_randomized,base,strict_paired_manifest,11,9301019,0bf3e7cc955a018fe34147dcbf4952cbb004028b,1,3,0.25946545600891113,14.565099716186523
adjust_bottle,demo_randomized,base,strict_paired_manifest,12,9301020,6e87041c15a5c7bd1318e7d2df79c8ba0a7d9f8a,1,3,0.26296448707580566,14.577393531799316
adjust_bottle,demo_randomized,base,strict_paired_manifest,13,9301022,f2e079c62e5bcdd595bc2d4434c766fef621c2df,1,3,0.26032233238220215,14.918803215026855
adjust_bottle,demo_randomized,base,strict_paired_manifest,14,9301023,33a39f94106349b09b3e52d8e8a5d5207622fe89,1,4,0.3469240665435791,20.079750061035156
adjust_bottle,demo_randomized,base,strict_paired_manifest,15,9301024,0bf3e7cc955a018fe34147dcbf4952cbb004028b,1,3,0.2527031898498535,17.53441619873047
adjust_bottle,demo_randomized,base,strict_paired_manifest,16,9301025,94bd5737a09f1ae91ae60766df81d282cf152ce9,1,3,0.24906706809997559,14.172325134277344
adjust_bottle,demo_randomized,base,strict_paired_manifest,17,9301026,b03fae1eddaaa9728d4c70e1378597c621610148,1,3,0.24980401992797852,14.577177047729492
adjust_bottle,demo_randomized,base,strict_paired_manifest,18,9301027,59292bee70a4c31b74d56554d34235610f2d77fe,1,3,0.25007176399230957,14.324488639831543
adjust_bottle,demo_randomized,base,strict_paired_manifest,19,9301029,d4c4d23764b11288aa0dd1154baf7233f9f17bc2,1,3,0.24987316131591797,14.313774108886719
adjust_bottle,demo_randomized,ahs,strict_paired_manifest,0,9301000,fcaf8166a94ab1ef9b19d4422484054af27ad9dd,1,6,5.557428359985352,21.674137115478516
adjust_bottle,demo_randomized,ahs,strict_paired_manifest,1,9301001,dada0b84e90ef81a62007ebb20b1ff1853769097,1,6,0.5320756435394287,16.249221801757812
adjust_bottle,demo_randomized,ahs,strict_paired_manifest,2,9301002,c6a9e12bf293bd07ad2e5d28d94a063febbe0efa,1,5,0.4274475574493408,12.742376327514648
adjust_bottle,demo_randomized,ahs,strict_paired_manifest,3,9301005,d4c4d23764b11288aa0dd1154baf7233f9f17bc2,1,5,0.42325544357299805,12.877096176147461
adjust_bottle,demo_randomized,ahs,strict_paired_manifest,4,9301007,5f5fe801fd93dedb5814a8cf579bf3b00a40f39d,1,6,0.5059347152709961,12.786383628845215
adjust_bottle,demo_randomized,ahs,strict_paired_manifest,5,9301009,1b2a485984272667dddecfaee302d7cb3ade1f8f,1,6,0.5224344730377197,17.620786666870117
adjust_bottle,demo_randomized,ahs,strict_paired_manifest,6,9301011,48ea6f696d971d9a2e98a2a11b1e9da0bd864f59,1,6,0.5085287094116211,13.01019287109375
adjust_bottle,demo_randomized,ahs,strict_paired_manifest,7,9301013,212f3c92e6e0781f3479f1abc50b3da0ec9c35e3,1,6,0.5102529525756836,14.718070983886719
adjust_bottle,demo_randomized,ahs,strict_paired_manifest,8,9301014,5c046662b429ada275447337c8421a4cb153b317,0,17,1.440986156463623,41.90045166015625
adjust_bottle,demo_randomized,ahs,strict_paired_manifest,9,9301015,168dcb0bbca991470a69c5fb4272be9a687a9a2b,1,6,0.5047340393066406,14.049942016601562
adjust_bottle,demo_randomized,ahs,strict_paired_manifest,10,9301018,fd1f679f33c384905054ebff547cbed7e05b8e98,1,5,0.428760290145874,15.544332504272461
adjust_bottle,demo_randomized,ahs,strict_paired_manifest,11,9301019,0bf3e7cc955a018fe34147dcbf4952cbb004028b,1,5,0.4264845848083496,13.540328025817871
adjust_bottle,demo_randomized,ahs,strict_paired_manifest,12,9301020,6e87041c15a5c7bd1318e7d2df79c8ba0a7d9f8a,1,5,0.443051815032959,13.559463500976562
adjust_bottle,demo_randomized,ahs,strict_paired_manifest,13,9301022,f2e079c62e5bcdd595bc2d4434c766fef621c2df,1,5,0.4392387866973877,13.139364242553711
adjust_bottle,demo_randomized,ahs,strict_paired_manifest,14,9301023,33a39f94106349b09b3e52d8e8a5d5207622fe89,1,4,0.35610437393188477,12.576983451843262
adjust_bottle,demo_randomized,ahs,strict_paired_manifest,15,9301024,0bf3e7cc955a018fe34147dcbf4952cbb004028b,1,5,0.4293653964996338,15.462093353271484
adjust_bottle,demo_randomized,ahs,strict_paired_manifest,16,9301025,94bd5737a09f1ae91ae60766df81d282cf152ce9,1,6,0.5058884620666504,13.911659240722656
adjust_bottle,demo_randomized,ahs,strict_paired_manifest,17,9301026,b03fae1eddaaa9728d4c70e1378597c621610148,1,6,0.5192227363586426,13.557855606079102
adjust_bottle,demo_randomized,ahs,strict_paired_manifest,18,9301027,59292bee70a4c31b74d56554d34235610f2d77fe,1,5,0.41930294036865234,14.09070873260498
adjust_bottle,demo_randomized,ahs,strict_paired_manifest,19,9301029,d4c4d23764b11288aa0dd1154baf7233f9f17bc2,1,5,0.4389193058013916,12.191522598266602
beat_block_hammer,demo_clean,base,strict_paired_manifest,0,9310000,7ca95d78ba9a1e5f7beec8467c08ca6687cd7dbf,1,3,5.275533199310303,18.704795837402344
beat_block_hammer,demo_clean,base,strict_paired_manifest,1,9310001,eac8fdd390749df1a4c320e22257754d90d91df8,0,8,0.6720254421234131,29.422706604003906
beat_block_hammer,demo_clean,base,strict_paired_manifest,2,9310002,e77f00156210d6968de8c9b3fccb6ffff5a84b18,1,3,0.2501990795135498,11.037602424621582
beat_block_hammer,demo_clean,base,strict_paired_manifest,3,9310003,fa6dc8f7cc9ef2de48a83778cdf7ecbf0afde47c,0,8,0.6633014678955078,28.779348373413086
beat_block_hammer,demo_clean,base,strict_paired_manifest,4,9310004,db675bb36658cdc455d4b132b6fc8467f282bd24,1,3,0.25322604179382324,10.894611358642578
beat_block_hammer,demo_clean,base,strict_paired_manifest,5,9310005,93329a52422f9a0d7763d60d7607ac20a6148bfc,0,8,0.68603515625,31.85239028930664
beat_block_hammer,demo_clean,base,strict_paired_manifest,6,9310006,eac8fdd390749df1a4c320e22257754d90d91df8,0,8,0.6711995601654053,28.80386734008789
beat_block_hammer,demo_clean,base,strict_paired_manifest,7,9310007,7c7a34518dc5546d0f22bdb68893dbe2d3e93b14,1,3,0.24886775016784668,10.892236709594727
beat_block_hammer,demo_clean,base,strict_paired_manifest,8,9310008,aea1566d05c065d1da4ddf1c09f1437025a98526,1,3,0.2549304962158203,11.011507987976074
beat_block_hammer,demo_clean,base,strict_paired_manifest,9,9310009,4b650430a68c7caa1a259976f255d160f01e5d00,1,3,0.24921035766601562,11.073694229125977
beat_block_hammer,demo_clean,base,strict_paired_manifest,10,9310010,37a7d0c2059e946739a743a02db55d109c27b1c7,1,6,0.5059161186218262,24.413270950317383
beat_block_hammer,demo_clean,base,strict_paired_manifest,11,9310011,959452eff7f4f958ae7e5ed4ef1e1ddb49e130b1,1,3,0.2506225109100342,11.105348587036133
beat_block_hammer,demo_clean,base,strict_paired_manifest,12,9310012,493ee8141428d6db18031e9ce48ea2301f2fcaaf,1,3,0.24902677536010742,11.341497421264648
beat_block_hammer,demo_clean,base,strict_paired_manifest,13,9310013,2b551d761d363a5eeb9259ba4292665278159861,1,3,0.2518765926361084,11.191224098205566
beat_block_hammer,demo_clean,base,strict_paired_manifest,14,9310014,eb181a86ed63a0c082073be558ad0a536cc94e2c,1,3,0.24975204467773438,10.904504776000977
beat_block_hammer,demo_clean,base,strict_paired_manifest,15,9310015,ec81cde1698ee392ff9b38fe2f94d3a3d2a7248d,0,8,0.6681990623474121,31.357986450195312
beat_block_hammer,demo_clean,base,strict_paired_manifest,16,9310016,7c7a34518dc5546d0f22bdb68893dbe2d3e93b14,1,3,0.248976469039917,10.992298126220703
beat_block_hammer,demo_clean,base,strict_paired_manifest,17,9310017,1ff6fae8b81e878c2fc1fd4bd75591f110cc0c92,1,3,0.26069045066833496,11.226434707641602
beat_block_hammer,demo_clean,base,strict_paired_manifest,18,9310018,ec81cde1698ee392ff9b38fe2f94d3a3d2a7248d,0,8,0.6934630870819092,30.093955993652344
beat_block_hammer,demo_clean,base,strict_paired_manifest,19,9310019,d754e587cbc581729abfb5b026fa4d5201087753,1,3,0.2581171989440918,11.453285217285156
beat_block_hammer,demo_clean,ahs,strict_paired_manifest,0,9310000,7ca95d78ba9a1e5f7beec8467c08ca6687cd7dbf,1,6,5.692951202392578,18.067609786987305
beat_block_hammer,demo_clean,ahs,strict_paired_manifest,1,9310001,eac8fdd390749df1a4c320e22257754d90d91df8,1,4,0.34674596786499023,10.384031295776367
beat_block_hammer,demo_clean,ahs,strict_paired_manifest,2,9310002,e77f00156210d6968de8c9b3fccb6ffff5a84b18,1,5,0.42505717277526855,9.595721244812012
beat_block_hammer,demo_clean,ahs,strict_paired_manifest,3,9310003,fa6dc8f7cc9ef2de48a83778cdf7ecbf0afde47c,0,16,1.3503811359405518,31.06785774230957
beat_block_hammer,demo_clean,ahs,strict_paired_manifest,4,9310004,db675bb36658cdc455d4b132b6fc8467f282bd24,1,4,0.3366811275482178,9.008190155029297
beat_block_hammer,demo_clean,ahs,strict_paired_manifest,5,9310005,93329a52422f9a0d7763d60d7607ac20a6148bfc,0,14,1.1778571605682373,33.76002502441406
beat_block_hammer,demo_clean,ahs,strict_paired_manifest,6,9310006,eac8fdd390749df1a4c320e22257754d90d91df8,0,15,1.275575876235962,31.239665985107422
beat_block_hammer,demo_clean,ahs,strict_paired_manifest,7,9310007,7c7a34518dc5546d0f22bdb68893dbe2d3e93b14,1,4,0.33360862731933594,8.94264030456543
beat_block_hammer,demo_clean,ahs,strict_paired_manifest,8,9310008,aea1566d05c065d1da4ddf1c09f1437025a98526,1,6,0.5089175701141357,9.922014236450195
beat_block_hammer,demo_clean,ahs,strict_paired_manifest,9,9310009,4b650430a68c7caa1a259976f255d160f01e5d00,1,6,0.5088939666748047,10.911504745483398
beat_block_hammer,demo_clean,ahs,strict_paired_manifest,10,9310010,37a7d0c2059e946739a743a02db55d109c27b1c7,1,6,0.5093584060668945,15.859088897705078
beat_block_hammer,demo_clean,ahs,strict_paired_manifest,11,9310011,959452eff7f4f958ae7e5ed4ef1e1ddb49e130b1,1,8,0.6903088092803955,14.624024391174316
beat_block_hammer,demo_clean,ahs,strict_paired_manifest,12,9310012,493ee8141428d6db18031e9ce48ea2301f2fcaaf,1,5,0.43935608863830566,12.111655235290527
beat_block_hammer,demo_clean,ahs,strict_paired_manifest,13,9310013,2b551d761d363a5eeb9259ba4292665278159861,1,5,0.43769288063049316,11.142955780029297
beat_block_hammer,demo_clean,ahs,strict_paired_manifest,14,9310014,eb181a86ed63a0c082073be558ad0a536cc94e2c,1,4,0.3520956039428711,10.039953231811523
beat_block_hammer,demo_clean,ahs,strict_paired_manifest,15,9310015,ec81cde1698ee392ff9b38fe2f94d3a3d2a7248d,0,15,1.3158659934997559,35.35866928100586
beat_block_hammer,demo_clean,ahs,strict_paired_manifest,16,9310016,7c7a34518dc5546d0f22bdb68893dbe2d3e93b14,1,5,0.44003915786743164,11.093385696411133
beat_block_hammer,demo_clean,ahs,strict_paired_manifest,17,9310017,1ff6fae8b81e878c2fc1fd4bd75591f110cc0c92,1,5,0.44355154037475586,10.390482902526855
beat_block_hammer,demo_clean,ahs,strict_paired_manifest,18,9310018,ec81cde1698ee392ff9b38fe2f94d3a3d2a7248d,1,8,0.7027716636657715,15.583127975463867
beat_block_hammer,demo_clean,ahs,strict_paired_manifest,19,9310019,d754e587cbc581729abfb5b026fa4d5201087753,1,5,0.4404447078704834,10.937071800231934
beat_block_hammer,demo_randomized,base,strict_paired_manifest,0,9311000,aa5c01649d1a3a0fa56fb2fb371b2c8ba0dbaafc,0,8,5.728273868560791,48.25518035888672
beat_block_hammer,demo_randomized,base,strict_paired_manifest,1,9311001,493ee8141428d6db18031e9ce48ea2301f2fcaaf,0,8,0.6950922012329102,38.14017105102539
beat_block_hammer,demo_randomized,base,strict_paired_manifest,2,9311002,93329a52422f9a0d7763d60d7607ac20a6148bfc,0,8,0.6950323581695557,38.27224349975586
beat_block_hammer,demo_randomized,base,strict_paired_manifest,3,9311003,5e0cb54c9592ca8510ac8aeef3f751b9c9f2d711,0,8,0.6927578449249268,37.10150909423828
beat_block_hammer,demo_randomized,base,strict_paired_manifest,4,9311004,da93bb00d1b741fa972adcbc4f0ffd08d36effc3,1,3,0.2614314556121826,15.277899742126465
beat_block_hammer,demo_randomized,base,strict_paired_manifest,5,9311005,7c7a34518dc5546d0f22bdb68893dbe2d3e93b14,0,8,0.694481611251831,39.77684783935547
beat_block_hammer,demo_randomized,base,strict_paired_manifest,6,9311006,eac8fdd390749df1a4c320e22257754d90d91df8,0,8,0.6957395076751709,36.8117790222168
beat_block_hammer,demo_randomized,base,strict_paired_manifest,7,9311007,131ce39b27c6159f1e0338d30eb683247ad9cff0,0,8,0.6849541664123535,40.580589294433594
beat_block_hammer,demo_randomized,base,strict_paired_manifest,8,9311008,1ff6fae8b81e878c2fc1fd4bd75591f110cc0c92,0,8,0.6867668628692627,36.65874099731445
beat_block_hammer,demo_randomized,base,strict_paired_manifest,9,9311009,4b650430a68c7caa1a259976f255d160f01e5d00,0,8,0.6914749145507812,37.768341064453125
beat_block_hammer,demo_randomized,base,strict_paired_manifest,10,9311010,4b650430a68c7caa1a259976f255d160f01e5d00,0,8,0.6932284832000732,40.35205841064453
beat_block_hammer,demo_randomized,base,strict_paired_manifest,11,9311011,d0ded8fdb71f28c47f59b2af482d74987286c15d,0,8,0.6945717334747314,37.44629669189453
beat_block_hammer,demo_randomized,base,strict_paired_manifest,12,9311012,4b650430a68c7caa1a259976f255d160f01e5d00,0,8,0.6909565925598145,35.34298324584961
beat_block_hammer,demo_randomized,base,strict_paired_manifest,13,9311013,9a430bc5018e2af52ecf32ab820205ba04e34c14,0,8,0.6891467571258545,35.960384368896484
beat_block_hammer,demo_randomized,base,strict_paired_manifest,14,9311014,4b650430a68c7caa1a259976f255d160f01e5d00,1,3,0.2595832347869873,13.908270835876465
beat_block_hammer,demo_randomized,base,strict_paired_manifest,15,9311015,7b0556dc27e9af01bfa1d5747c7b5f0d46356f90,1,4,0.3462710380554199,20.504169464111328
beat_block_hammer,demo_randomized,base,strict_paired_manifest,16,9311016,2d03507bf99e38ef5ce0209d9aabc43c4a006ca5,0,8,0.6884212493896484,37.999088287353516
beat_block_hammer,demo_randomized,base,strict_paired_manifest,17,9311017,8d290524e19329391c35f53df9678c2f1101825d,0,8,0.690892219543457,34.680057525634766
beat_block_hammer,demo_randomized,base,strict_paired_manifest,18,9311018,493ee8141428d6db18031e9ce48ea2301f2fcaaf,0,8,0.6889595985412598,37.75043487548828
beat_block_hammer,demo_randomized,base,strict_paired_manifest,19,9311020,eb181a86ed63a0c082073be558ad0a536cc94e2c,0,8,0.6882219314575195,37.56611251831055
beat_block_hammer,demo_randomized,ahs,strict_paired_manifest,0,9311000,aa5c01649d1a3a0fa56fb2fb371b2c8ba0dbaafc,0,14,6.420184135437012,48.67822265625
beat_block_hammer,demo_randomized,ahs,strict_paired_manifest,1,9311001,493ee8141428d6db18031e9ce48ea2301f2fcaaf,0,17,1.4731903076171875,41.55789566040039
beat_block_hammer,demo_randomized,ahs,strict_paired_manifest,2,9311002,93329a52422f9a0d7763d60d7607ac20a6148bfc,1,4,0.34698915481567383,12.1621732711792
beat_block_hammer,demo_randomized,ahs,strict_paired_manifest,3,9311003,5e0cb54c9592ca8510ac8aeef3f751b9c9f2d711,0,16,1.3885014057159424,36.41466522216797
beat_block_hammer,demo_randomized,ahs,strict_paired_manifest,4,9311004,da93bb00d1b741fa972adcbc4f0ffd08d36effc3,1,5,0.4354877471923828,13.459859848022461
beat_block_hammer,demo_randomized,ahs,strict_paired_manifest,5,9311005,7c7a34518dc5546d0f22bdb68893dbe2d3e93b14,0,17,1.4858648777008057,42.56825256347656
beat_block_hammer,demo_randomized,ahs,strict_paired_manifest,6,9311006,eac8fdd390749df1a4c320e22257754d90d91df8,1,5,0.43924975395202637,13.905473709106445
beat_block_hammer,demo_randomized,ahs,strict_paired_manifest,7,9311007,131ce39b27c6159f1e0338d30eb683247ad9cff0,0,20,1.7067437171936035,43.920169830322266
beat_block_hammer,demo_randomized,ahs,strict_paired_manifest,8,9311008,1ff6fae8b81e878c2fc1fd4bd75591f110cc0c92,0,19,1.624891757965088,38.886253356933594
beat_block_hammer,demo_randomized,ahs,strict_paired_manifest,9,9311009,4b650430a68c7caa1a259976f255d160f01e5d00,0,17,1.4371654987335205,36.67676544189453
beat_block_hammer,demo_randomized,ahs,strict_paired_manifest,10,9311010,4b650430a68c7caa1a259976f255d160f01e5d00,0,18,1.5662047863006592,43.105899810791016
beat_block_hammer,demo_randomized,ahs,strict_paired_manifest,11,9311011,d0ded8fdb71f28c47f59b2af482d74987286c15d,1,6,0.52685546875,15.177592277526855
beat_block_hammer,demo_randomized,ahs,strict_paired_manifest,12,9311012,4b650430a68c7caa1a259976f255d160f01e5d00,1,5,0.4342658519744873,12.57418441772461
beat_block_hammer,demo_randomized,ahs,strict_paired_manifest,13,9311013,9a430bc5018e2af52ecf32ab820205ba04e34c14,1,5,0.4340689182281494,12.872377395629883
beat_block_hammer,demo_randomized,ahs,strict_paired_manifest,14,9311014,4b650430a68c7caa1a259976f255d160f01e5d00,1,11,0.9589419364929199,25.40635871887207
beat_block_hammer,demo_randomized,ahs,strict_paired_manifest,15,9311015,7b0556dc27e9af01bfa1d5747c7b5f0d46356f90,1,4,0.35057711601257324,14.159244537353516
beat_block_hammer,demo_randomized,ahs,strict_paired_manifest,16,9311016,2d03507bf99e38ef5ce0209d9aabc43c4a006ca5,0,17,1.4397785663604736,39.944156646728516
beat_block_hammer,demo_randomized,ahs,strict_paired_manifest,17,9311017,8d290524e19329391c35f53df9678c2f1101825d,1,11,0.9263296127319336,25.01201629638672
beat_block_hammer,demo_randomized,ahs,strict_paired_manifest,18,9311018,493ee8141428d6db18031e9ce48ea2301f2fcaaf,0,17,1.4273314476013184,38.581478118896484
beat_block_hammer,demo_randomized,ahs,strict_paired_manifest,19,9311020,eb181a86ed63a0c082073be558ad0a536cc94e2c,1,6,0.501910924911499,14.326652526855469
blocks_ranking_rgb,demo_clean,base,strict_paired_manifest,0,9320000,cab189df6635475ccbccb1683b2d356ae87c72ec,0,24,7.216159343719482,91.73026275634766
blocks_ranking_rgb,demo_clean,base,strict_paired_manifest,1,9320001,45c5c7bcd3d45f75f977413435f56df522dbacd5,1,9,0.7680270671844482,33.95055389404297
blocks_ranking_rgb,demo_clean,base,strict_paired_manifest,2,9320002,184a81ce2754f0fc1c414d84e0589b48ba9afd8c,1,12,1.023036241531372,45.00798416137695
blocks_ranking_rgb,demo_clean,base,strict_paired_manifest,3,9320003,45c5c7bcd3d45f75f977413435f56df522dbacd5,1,15,1.2621448040008545,53.99381637573242
blocks_ranking_rgb,demo_clean,base,strict_paired_manifest,4,9320004,394379b33d7d613554b1b9f450f2b3d1fed76759,1,10,0.8924093246459961,38.34151840209961
blocks_ranking_rgb,demo_clean,base,strict_paired_manifest,5,9320005,184a81ce2754f0fc1c414d84e0589b48ba9afd8c,1,9,0.7990491390228271,36.819854736328125
blocks_ranking_rgb,demo_clean,base,strict_paired_manifest,6,9320006,363f30a314d645e15a34a01598c63c8ecd56758f,0,24,2.1258788108825684,94.46033477783203
blocks_ranking_rgb,demo_clean,base,strict_paired_manifest,7,9320007,394379b33d7d613554b1b9f450f2b3d1fed76759,1,15,1.328510046005249,59.01165008544922
blocks_ranking_rgb,demo_clean,base,strict_paired_manifest,8,9320008,45c5c7bcd3d45f75f977413435f56df522dbacd5,0,24,2.1181681156158447,89.74333190917969
blocks_ranking_rgb,demo_clean,base,strict_paired_manifest,9,9320009,36ad36ce8b0fdfb29e7dcb9fb094e2899600bf10,1,9,0.7955656051635742,34.2642707824707
blocks_ranking_rgb,demo_clean,base,strict_paired_manifest,10,9320010,cab189df6635475ccbccb1683b2d356ae87c72ec,1,10,0.8872711658477783,41.52960968017578
blocks_ranking_rgb,demo_clean,base,strict_paired_manifest,11,9320011,4c6b23b7957714715b5bd910c0bf8ef208e8f36f,1,9,0.7962112426757812,34.49882125854492
blocks_ranking_rgb,demo_clean,base,strict_paired_manifest,12,9320012,45c5c7bcd3d45f75f977413435f56df522dbacd5,1,10,0.8771238327026367,38.682838439941406
blocks_ranking_rgb,demo_clean,base,strict_paired_manifest,13,9320013,3af7a94a1a162b0e73398e5399e0e5decae5bd3f,1,13,1.1491742134094238,50.797115325927734
blocks_ranking_rgb,demo_clean,base,strict_paired_manifest,14,9320014,cab189df6635475ccbccb1683b2d356ae87c72ec,0,24,2.1198153495788574,88.78047180175781
blocks_ranking_rgb,demo_clean,base,strict_paired_manifest,15,9320015,cab189df6635475ccbccb1683b2d356ae87c72ec,1,9,0.7951784133911133,37.37300491333008
blocks_ranking_rgb,demo_clean,base,strict_paired_manifest,16,9320016,3af7a94a1a162b0e73398e5399e0e5decae5bd3f,1,10,0.8859353065490723,39.44587326049805
blocks_ranking_rgb,demo_clean,base,strict_paired_manifest,17,9320017,363f30a314d645e15a34a01598c63c8ecd56758f,1,9,0.7954113483428955,33.87300109863281
blocks_ranking_rgb,demo_clean,base,strict_paired_manifest,18,9320018,3af7a94a1a162b0e73398e5399e0e5decae5bd3f,1,9,0.7999584674835205,34.74178695678711
blocks_ranking_rgb,demo_clean,base,strict_paired_manifest,19,9320019,45c5c7bcd3d45f75f977413435f56df522dbacd5,1,10,0.8842818737030029,37.92580795288086
blocks_ranking_rgb,demo_clean,ahs,strict_paired_manifest,0,9320000,cab189df6635475ccbccb1683b2d356ae87c72ec,1,18,6.754393577575684,45.04422378540039
blocks_ranking_rgb,demo_clean,ahs,strict_paired_manifest,1,9320001,45c5c7bcd3d45f75f977413435f56df522dbacd5,1,16,1.4210174083709717,36.141357421875
blocks_ranking_rgb,demo_clean,ahs,strict_paired_manifest,2,9320002,184a81ce2754f0fc1c414d84e0589b48ba9afd8c,1,17,1.5225555896759033,35.70036315917969
blocks_ranking_rgb,demo_clean,ahs,strict_paired_manifest,3,9320003,45c5c7bcd3d45f75f977413435f56df522dbacd5,1,16,1.4281039237976074,35.724517822265625
blocks_ranking_rgb,demo_clean,ahs,strict_paired_manifest,4,9320004,394379b33d7d613554b1b9f450f2b3d1fed76759,1,18,1.611128330230713,38.261531829833984
blocks_ranking_rgb,demo_clean,ahs,strict_paired_manifest,5,9320005,184a81ce2754f0fc1c414d84e0589b48ba9afd8c,1,18,1.6136212348937988,38.082611083984375
blocks_ranking_rgb,demo_clean,ahs,strict_paired_manifest,6,9320006,363f30a314d645e15a34a01598c63c8ecd56758f,1,17,1.503974199295044,36.80643844604492
blocks_ranking_rgb,demo_clean,ahs,strict_paired_manifest,7,9320007,394379b33d7d613554b1b9f450f2b3d1fed76759,1,18,1.611565351486206,38.147865295410156
blocks_ranking_rgb,demo_clean,ahs,strict_paired_manifest,8,9320008,45c5c7bcd3d45f75f977413435f56df522dbacd5,1,17,1.5146903991699219,37.89030456542969
blocks_ranking_rgb,demo_clean,ahs,strict_paired_manifest,9,9320009,36ad36ce8b0fdfb29e7dcb9fb094e2899600bf10,1,17,1.5146656036376953,34.73399353027344
blocks_ranking_rgb,demo_clean,ahs,strict_paired_manifest,10,9320010,cab189df6635475ccbccb1683b2d356ae87c72ec,1,16,1.4211466312408447,39.34893035888672
blocks_ranking_rgb,demo_clean,ahs,strict_paired_manifest,11,9320011,4c6b23b7957714715b5bd910c0bf8ef208e8f36f,1,16,1.423929214477539,34.215904235839844
blocks_ranking_rgb,demo_clean,ahs,strict_paired_manifest,12,9320012,45c5c7bcd3d45f75f977413435f56df522dbacd5,1,18,1.611405372619629,39.00790786743164
blocks_ranking_rgb,demo_clean,ahs,strict_paired_manifest,13,9320013,3af7a94a1a162b0e73398e5399e0e5decae5bd3f,0,43,3.8345956802368164,92.0298843383789
blocks_ranking_rgb,demo_clean,ahs,strict_paired_manifest,14,9320014,cab189df6635475ccbccb1683b2d356ae87c72ec,1,16,1.4348671436309814,35.01409149169922
blocks_ranking_rgb,demo_clean,ahs,strict_paired_manifest,15,9320015,cab189df6635475ccbccb1683b2d356ae87c72ec,1,17,1.5165584087371826,37.8380241394043
blocks_ranking_rgb,demo_clean,ahs,strict_paired_manifest,16,9320016,3af7a94a1a162b0e73398e5399e0e5decae5bd3f,1,17,1.5261950492858887,38.16018295288086
blocks_ranking_rgb,demo_clean,ahs,strict_paired_manifest,17,9320017,363f30a314d645e15a34a01598c63c8ecd56758f,1,15,1.3376743793487549,32.53288650512695
blocks_ranking_rgb,demo_clean,ahs,strict_paired_manifest,18,9320018,3af7a94a1a162b0e73398e5399e0e5decae5bd3f,1,17,1.5201523303985596,35.621124267578125
blocks_ranking_rgb,demo_clean,ahs,strict_paired_manifest,19,9320019,45c5c7bcd3d45f75f977413435f56df522dbacd5,1,18,1.5954771041870117,37.887901306152344
blocks_ranking_rgb,demo_randomized,base,strict_paired_manifest,0,9321000,b3de40fc65501a4c802b2867915b642803013086,1,9,5.929649353027344,51.67757797241211
blocks_ranking_rgb,demo_randomized,base,strict_paired_manifest,1,9321001,394379b33d7d613554b1b9f450f2b3d1fed76759,0,24,2.1248300075531006,107.3841323852539
blocks_ranking_rgb,demo_randomized,base,strict_paired_manifest,2,9321004,cab189df6635475ccbccb1683b2d356ae87c72ec,0,24,2.1117706298828125,104.35078430175781
blocks_ranking_rgb,demo_randomized,base,strict_paired_manifest,3,9321005,363f30a314d645e15a34a01598c63c8ecd56758f,1,12,1.0582308769226074,53.59872817993164
blocks_ranking_rgb,demo_randomized,base,strict_paired_manifest,4,9321006,45c5c7bcd3d45f75f977413435f56df522dbacd5,1,17,1.4964087009429932,78.68785858154297
blocks_ranking_rgb,demo_randomized,base,strict_paired_manifest,5,9321007,cab189df6635475ccbccb1683b2d356ae87c72ec,0,24,2.1274373531341553,113.45240783691406
blocks_ranking_rgb,demo_randomized,base,strict_paired_manifest,6,9321008,3af7a94a1a162b0e73398e5399e0e5decae5bd3f,0,24,2.0677826404571533,109.30233001708984
blocks_ranking_rgb,demo_randomized,base,strict_paired_manifest,7,9321009,184a81ce2754f0fc1c414d84e0589b48ba9afd8c,0,24,1.9971964359283447,103.11868286132812
blocks_ranking_rgb,demo_randomized,base,strict_paired_manifest,8,9321010,394379b33d7d613554b1b9f450f2b3d1fed76759,0,24,2.027946710586548,101.34426879882812
blocks_ranking_rgb,demo_randomized,base,strict_paired_manifest,9,9321011,184a81ce2754f0fc1c414d84e0589b48ba9afd8c,0,24,2.0626585483551025,101.3612060546875
blocks_ranking_rgb,demo_randomized,base,strict_paired_manifest,10,9321012,4c6b23b7957714715b5bd910c0bf8ef208e8f36f,0,24,2.1174890995025635,111.84907531738281
blocks_ranking_rgb,demo_randomized,base,strict_paired_manifest,11,9321013,b22ea9822b80e8ad56b15920235f4db3faca9a7b,1,9,0.7867131233215332,40.734336853027344
blocks_ranking_rgb,demo_randomized,base,strict_paired_manifest,12,9321015,b22ea9822b80e8ad56b15920235f4db3faca9a7b,0,24,2.098437547683716,107.10677337646484
blocks_ranking_rgb,demo_randomized,base,strict_paired_manifest,13,9321017,394379b33d7d613554b1b9f450f2b3d1fed76759,1,13,1.1248385906219482,58.57910919189453
blocks_ranking_rgb,demo_randomized,base,strict_paired_manifest,14,9321018,3af7a94a1a162b0e73398e5399e0e5decae5bd3f,0,24,2.046062707901001,109.52163696289062
blocks_ranking_rgb,demo_randomized,base,strict_paired_manifest,15,9321019,292399051bd0d397f56f3176f0996d1410870b05,0,24,2.0083391666412354,106.06542205810547
blocks_ranking_rgb,demo_randomized,base,strict_paired_manifest,16,9321020,b22ea9822b80e8ad56b15920235f4db3faca9a7b,1,9,0.7490646839141846,37.810157775878906
blocks_ranking_rgb,demo_randomized,base,strict_paired_manifest,17,9321021,cab189df6635475ccbccb1683b2d356ae87c72ec,0,24,1.9904282093048096,99.19315338134766
blocks_ranking_rgb,demo_randomized,base,strict_paired_manifest,18,9321022,cab189df6635475ccbccb1683b2d356ae87c72ec,1,15,1.2567863464355469,62.00213623046875
blocks_ranking_rgb,demo_randomized,base,strict_paired_manifest,19,9321023,363f30a314d645e15a34a01598c63c8ecd56758f,1,19,1.6086618900299072,79.82597351074219
blocks_ranking_rgb,demo_randomized,ahs,strict_paired_manifest,0,9321000,b3de40fc65501a4c802b2867915b642803013086,1,17,6.530449390411377,50.49394989013672
blocks_ranking_rgb,demo_randomized,ahs,strict_paired_manifest,1,9321001,394379b33d7d613554b1b9f450f2b3d1fed76759,1,17,1.475870132446289,40.58149337768555
blocks_ranking_rgb,demo_randomized,ahs,strict_paired_manifest,2,9321004,cab189df6635475ccbccb1683b2d356ae87c72ec,1,25,2.15676212310791,58.68156433105469
blocks_ranking_rgb,demo_randomized,ahs,strict_paired_manifest,3,9321005,363f30a314d645e15a34a01598c63c8ecd56758f,1,35,2.9566378593444824,82.6113510131836
blocks_ranking_rgb,demo_randomized,ahs,strict_paired_manifest,4,9321006,45c5c7bcd3d45f75f977413435f56df522dbacd5,0,41,3.497605085372925,108.06532287597656
blocks_ranking_rgb,demo_randomized,ahs,strict_paired_manifest,5,9321007,cab189df6635475ccbccb1683b2d356ae87c72ec,0,47,4.042414665222168,116.65129852294922
blocks_ranking_rgb,demo_randomized,ahs,strict_paired_manifest,6,9321008,3af7a94a1a162b0e73398e5399e0e5decae5bd3f,1,16,1.3878381252288818,41.52735900878906
blocks_ranking_rgb,demo_randomized,ahs,strict_paired_manifest,7,9321009,184a81ce2754f0fc1c414d84e0589b48ba9afd8c,0,43,3.7531838417053223,111.5915298461914
blocks_ranking_rgb,demo_randomized,ahs,strict_paired_manifest,8,9321010,394379b33d7d613554b1b9f450f2b3d1fed76759,1,16,1.3925719261169434,38.301292419433594
blocks_ranking_rgb,demo_randomized,ahs,strict_paired_manifest,9,9321011,184a81ce2754f0fc1c414d84e0589b48ba9afd8c,0,50,4.293536186218262,102.04845428466797
blocks_ranking_rgb,demo_randomized,ahs,strict_paired_manifest,10,9321012,4c6b23b7957714715b5bd910c0bf8ef208e8f36f,1,17,1.4528992176055908,46.053932189941406
blocks_ranking_rgb,demo_randomized,ahs,strict_paired_manifest,11,9321013,b22ea9822b80e8ad56b15920235f4db3faca9a7b,1,17,1.4504497051239014,40.66092300415039
blocks_ranking_rgb,demo_randomized,ahs,strict_paired_manifest,12,9321015,b22ea9822b80e8ad56b15920235f4db3faca9a7b,1,44,3.8895151615142822,113.19951629638672
blocks_ranking_rgb,demo_randomized,ahs,strict_paired_manifest,13,9321017,394379b33d7d613554b1b9f450f2b3d1fed76759,0,44,3.781109094619751,111.586669921875
blocks_ranking_rgb,demo_randomized,ahs,strict_paired_manifest,14,9321018,3af7a94a1a162b0e73398e5399e0e5decae5bd3f,0,45,3.9866678714752197,119.98344421386719
blocks_ranking_rgb,demo_randomized,ahs,strict_paired_manifest,15,9321019,292399051bd0d397f56f3176f0996d1410870b05,1,17,1.4362232685089111,41.132057189941406
blocks_ranking_rgb,demo_randomized,ahs,strict_paired_manifest,16,9321020,b22ea9822b80e8ad56b15920235f4db3faca9a7b,1,21,1.776648759841919,49.46174240112305
blocks_ranking_rgb,demo_randomized,ahs,strict_paired_manifest,17,9321021,cab189df6635475ccbccb1683b2d356ae87c72ec,1,22,1.8492052555084229,50.76970672607422
blocks_ranking_rgb,demo_randomized,ahs,strict_paired_manifest,18,9321022,cab189df6635475ccbccb1683b2d356ae87c72ec,1,21,1.7723338603973389,49.354270935058594
blocks_ranking_rgb,demo_randomized,ahs,strict_paired_manifest,19,9321023,363f30a314d645e15a34a01598c63c8ecd56758f,1,17,1.4834275245666504,43.31304168701172
blocks_ranking_size,demo_clean,base,strict_paired_manifest,0,9330000,9e4dcf52eeef874cf28c1ee02d0a4f5cbf80c6ae,0,24,7.267568588256836,104.67900085449219
blocks_ranking_size,demo_clean,base,strict_paired_manifest,1,9330001,2de607686732e7758269df6215528cf325c996bb,0,24,2.168935775756836,97.54097747802734
blocks_ranking_size,demo_clean,base,strict_paired_manifest,2,9330002,bfabc274e76d8e79b2a5dc81c4adf8f8783043a3,0,24,2.1529622077941895,93.6985855102539
blocks_ranking_size,demo_clean,base,strict_paired_manifest,3,9330003,953e23176f05d7c5d19df97f4f7bcacb81ec528d,1,13,1.1208469867706299,50.340030670166016
blocks_ranking_size,demo_clean,base,strict_paired_manifest,4,9330004,a7b7a73d308324b4af12394abcc5bee33a90290a,0,24,2.1849513053894043,93.21812438964844
blocks_ranking_size,demo_clean,base,strict_paired_manifest,5,9330005,b77d6c4d25f85f7d7f02c5342e63dbb6158bfde0,0,24,2.1687722206115723,100.18009948730469
blocks_ranking_size,demo_clean,base,strict_paired_manifest,6,9330006,4083bb32dbaa80241944e4e636c709e166cdc18d,0,24,2.133495569229126,92.18046569824219
blocks_ranking_size,demo_clean,base,strict_paired_manifest,7,9330007,bfabc274e76d8e79b2a5dc81c4adf8f8783043a3,0,24,2.0513200759887695,85.70629119873047
blocks_ranking_size,demo_clean,base,strict_paired_manifest,8,9330008,953e23176f05d7c5d19df97f4f7bcacb81ec528d,0,24,2.0094196796417236,88.6308364868164
blocks_ranking_size,demo_clean,base,strict_paired_manifest,9,9330009,681f4c7ba0bd9ddb00e4a2fe877522c85b0cef32,0,24,2.01786732673645,88.06238555908203
blocks_ranking_size,demo_clean,base,strict_paired_manifest,10,9330010,b77d6c4d25f85f7d7f02c5342e63dbb6158bfde0,1,9,0.7563700675964355,36.945072174072266
blocks_ranking_size,demo_clean,base,strict_paired_manifest,11,9330011,2de607686732e7758269df6215528cf325c996bb,1,10,0.836963415145874,37.35740661621094
blocks_ranking_size,demo_clean,base,strict_paired_manifest,12,9330012,1ac4a65e4d25c441272de37f796dc4db3ef40fcc,0,24,2.030867576599121,90.45637512207031
blocks_ranking_size,demo_clean,base,strict_paired_manifest,13,9330013,4083bb32dbaa80241944e4e636c709e166cdc18d,0,24,2.040154457092285,92.94844055175781
blocks_ranking_size,demo_clean,base,strict_paired_manifest,14,9330014,2de607686732e7758269df6215528cf325c996bb,0,24,2.0378940105438232,91.07095336914062
blocks_ranking_size,demo_clean,base,strict_paired_manifest,15,9330015,b77d6c4d25f85f7d7f02c5342e63dbb6158bfde0,1,17,1.4435689449310303,66.07260131835938
blocks_ranking_size,demo_clean,base,strict_paired_manifest,16,9330016,681f4c7ba0bd9ddb00e4a2fe877522c85b0cef32,0,24,2.00091814994812,86.37974548339844
blocks_ranking_size,demo_clean,base,strict_paired_manifest,17,9330017,2dd0da25cf6f92234ffc13118e3b04ce0d6adffb,0,24,2.0019400119781494,89.27978515625
blocks_ranking_size,demo_clean,base,strict_paired_manifest,18,9330018,9e4dcf52eeef874cf28c1ee02d0a4f5cbf80c6ae,0,24,2.020657539367676,90.12966918945312
blocks_ranking_size,demo_clean,base,strict_paired_manifest,19,9330019,bfabc274e76d8e79b2a5dc81c4adf8f8783043a3,1,10,0.8470766544342041,36.66656494140625
blocks_ranking_size,demo_clean,ahs,strict_paired_manifest,0,9330000,9e4dcf52eeef874cf28c1ee02d0a4f5cbf80c6ae,1,17,6.47233247756958,42.19729232788086
blocks_ranking_size,demo_clean,ahs,strict_paired_manifest,1,9330001,2de607686732e7758269df6215528cf325c996bb,0,44,3.7038612365722656,87.75081634521484
blocks_ranking_size,demo_clean,ahs,strict_paired_manifest,2,9330002,bfabc274e76d8e79b2a5dc81c4adf8f8783043a3,0,46,3.920161008834839,95.1925277709961
blocks_ranking_size,demo_clean,ahs,strict_paired_manifest,3,9330003,953e23176f05d7c5d19df97f4f7bcacb81ec528d,1,25,2.1106116771698,50.07850646972656
blocks_ranking_size,demo_clean,ahs,strict_paired_manifest,4,9330004,a7b7a73d308324b4af12394abcc5bee33a90290a,1,17,1.4474563598632812,33.7145881652832
blocks_ranking_size,demo_clean,ahs,strict_paired_manifest,5,9330005,b77d6c4d25f85f7d7f02c5342e63dbb6158bfde0,1,30,2.5530731678009033,65.01222229003906
blocks_ranking_size,demo_clean,ahs,strict_paired_manifest,6,9330006,4083bb32dbaa80241944e4e636c709e166cdc18d,0,42,3.6139702796936035,93.09052276611328
blocks_ranking_size,demo_clean,ahs,strict_paired_manifest,7,9330007,bfabc274e76d8e79b2a5dc81c4adf8f8783043a3,0,47,4.293814182281494,101.84024047851562
blocks_ranking_size,demo_clean,ahs,strict_paired_manifest,8,9330008,953e23176f05d7c5d19df97f4f7bcacb81ec528d,0,50,4.435168266296387,97.69818115234375
blocks_ranking_size,demo_clean,ahs,strict_paired_manifest,9,9330009,681f4c7ba0bd9ddb00e4a2fe877522c85b0cef32,0,47,4.184240341186523,97.2934799194336
blocks_ranking_size,demo_clean,ahs,strict_paired_manifest,10,9330010,b77d6c4d25f85f7d7f02c5342e63dbb6158bfde0,1,18,1.596219778060913,41.79353332519531
blocks_ranking_size,demo_clean,ahs,strict_paired_manifest,11,9330011,2de607686732e7758269df6215528cf325c996bb,1,17,1.5084092617034912,37.34192657470703
blocks_ranking_size,demo_clean,ahs,strict_paired_manifest,12,9330012,1ac4a65e4d25c441272de37f796dc4db3ef40fcc,0,43,3.6835267543792725,92.91263580322266
blocks_ranking_size,demo_clean,ahs,strict_paired_manifest,13,9330013,4083bb32dbaa80241944e4e636c709e166cdc18d,1,18,1.5243713855743408,35.919830322265625
blocks_ranking_size,demo_clean,ahs,strict_paired_manifest,14,9330014,2de607686732e7758269df6215528cf325c996bb,0,46,3.912315607070923,91.21757507324219
blocks_ranking_size,demo_clean,ahs,strict_paired_manifest,15,9330015,b77d6c4d25f85f7d7f02c5342e63dbb6158bfde0,1,17,1.4397552013397217,40.037532806396484
blocks_ranking_size,demo_clean,ahs,strict_paired_manifest,16,9330016,681f4c7ba0bd9ddb00e4a2fe877522c85b0cef32,0,43,3.617861747741699,89.7296142578125
blocks_ranking_size,demo_clean,ahs,strict_paired_manifest,17,9330017,2dd0da25cf6f92234ffc13118e3b04ce0d6adffb,0,44,3.7074038982391357,93.4438705444336
blocks_ranking_size,demo_clean,ahs,strict_paired_manifest,18,9330018,9e4dcf52eeef874cf28c1ee02d0a4f5cbf80c6ae,0,48,4.070828437805176,92.69595336914062
blocks_ranking_size,demo_clean,ahs,strict_paired_manifest,19,9330019,bfabc274e76d8e79b2a5dc81c4adf8f8783043a3,1,25,2.1452527046203613,52.853538513183594
blocks_ranking_size,demo_randomized,base,strict_paired_manifest,0,9331000,bfabc274e76d8e79b2a5dc81c4adf8f8783043a3,1,15,6.399090766906738,70.63311004638672
blocks_ranking_size,demo_randomized,base,strict_paired_manifest,1,9331001,681f4c7ba0bd9ddb00e4a2fe877522c85b0cef32,0,24,2.045595169067383,103.11710357666016
blocks_ranking_size,demo_randomized,base,strict_paired_manifest,2,9331002,681f4c7ba0bd9ddb00e4a2fe877522c85b0cef32,0,24,2.0489413738250732,105.0260238647461
blocks_ranking_size,demo_randomized,base,strict_paired_manifest,3,9331003,bfabc274e76d8e79b2a5dc81c4adf8f8783043a3,0,24,2.0653321743011475,103.38114929199219
blocks_ranking_size,demo_randomized,base,strict_paired_manifest,4,9331004,2de607686732e7758269df6215528cf325c996bb,0,24,2.0333738327026367,93.26190948486328
blocks_ranking_size,demo_randomized,base,strict_paired_manifest,5,9331005,b77d6c4d25f85f7d7f02c5342e63dbb6158bfde0,1,13,1.0970418453216553,58.60309982299805
blocks_ranking_size,demo_randomized,base,strict_paired_manifest,6,9331006,a7b7a73d308324b4af12394abcc5bee33a90290a,1,9,0.769860029220581,39.35755920410156
blocks_ranking_size,demo_randomized,base,strict_paired_manifest,7,9331007,9e4dcf52eeef874cf28c1ee02d0a4f5cbf80c6ae,0,24,2.0805113315582275,110.39334106445312
blocks_ranking_size,demo_randomized,base,strict_paired_manifest,8,9331008,953e23176f05d7c5d19df97f4f7bcacb81ec528d,0,24,2.1142189502716064,112.32903289794922
blocks_ranking_size,demo_randomized,base,strict_paired_manifest,9,9331009,bfabc274e76d8e79b2a5dc81c4adf8f8783043a3,1,16,1.414170742034912,70.29064178466797
blocks_ranking_size,demo_randomized,base,strict_paired_manifest,10,9331010,4083bb32dbaa80241944e4e636c709e166cdc18d,0,24,2.1351988315582275,115.17501068115234
blocks_ranking_size,demo_randomized,base,strict_paired_manifest,11,9331011,953e23176f05d7c5d19df97f4f7bcacb81ec528d,0,24,2.158097982406616,107.68082427978516
blocks_ranking_size,demo_randomized,base,strict_paired_manifest,12,9331012,9e4dcf52eeef874cf28c1ee02d0a4f5cbf80c6ae,0,24,2.150787353515625,109.75835418701172
blocks_ranking_size,demo_randomized,base,strict_paired_manifest,13,9331013,b77d6c4d25f85f7d7f02c5342e63dbb6158bfde0,0,24,2.148759603500366,113.57380676269531
blocks_ranking_size,demo_randomized,base,strict_paired_manifest,14,9331014,1ac4a65e4d25c441272de37f796dc4db3ef40fcc,0,24,2.149426221847534,109.51991271972656
blocks_ranking_size,demo_randomized,base,strict_paired_manifest,15,9331015,1ac4a65e4d25c441272de37f796dc4db3ef40fcc,0,24,2.1587111949920654,109.65269470214844
blocks_ranking_size,demo_randomized,base,strict_paired_manifest,16,9331016,2de607686732e7758269df6215528cf325c996bb,0,24,2.1000986099243164,108.06029510498047
blocks_ranking_size,demo_randomized,base,strict_paired_manifest,17,9331017,9e4dcf52eeef874cf28c1ee02d0a4f5cbf80c6ae,0,24,2.1456098556518555,107.36476135253906
blocks_ranking_size,demo_randomized,base,strict_paired_manifest,18,9331018,bfabc274e76d8e79b2a5dc81c4adf8f8783043a3,1,13,1.1589791774749756,59.07487487792969
blocks_ranking_size,demo_randomized,base,strict_paired_manifest,19,9331019,1ac4a65e4d25c441272de37f796dc4db3ef40fcc,0,24,2.1326358318328857,117.04169464111328
blocks_ranking_size,demo_randomized,ahs,strict_paired_manifest,0,9331000,bfabc274e76d8e79b2a5dc81c4adf8f8783043a3,1,24,7.572989463806152,62.00371551513672
blocks_ranking_size,demo_randomized,ahs,strict_paired_manifest,1,9331001,681f4c7ba0bd9ddb00e4a2fe877522c85b0cef32,0,48,4.363352298736572,113.40373992919922
blocks_ranking_size,demo_randomized,ahs,strict_paired_manifest,2,9331002,681f4c7ba0bd9ddb00e4a2fe877522c85b0cef32,0,45,4.138497352600098,118.77976989746094
blocks_ranking_size,demo_randomized,ahs,strict_paired_manifest,3,9331003,bfabc274e76d8e79b2a5dc81c4adf8f8783043a3,0,43,3.9642226696014404,115.88658905029297
blocks_ranking_size,demo_randomized,ahs,strict_paired_manifest,4,9331004,2de607686732e7758269df6215528cf325c996bb,0,45,4.097746849060059,110.41590881347656
blocks_ranking_size,demo_randomized,ahs,strict_paired_manifest,5,9331005,b77d6c4d25f85f7d7f02c5342e63dbb6158bfde0,0,46,4.170448303222656,114.89595794677734
blocks_ranking_size,demo_randomized,ahs,strict_paired_manifest,6,9331006,a7b7a73d308324b4af12394abcc5bee33a90290a,1,18,1.6282401084899902,44.870662689208984
blocks_ranking_size,demo_randomized,ahs,strict_paired_manifest,7,9331007,9e4dcf52eeef874cf28c1ee02d0a4f5cbf80c6ae,1,32,2.8963544368743896,82.36458587646484
blocks_ranking_size,demo_randomized,ahs,strict_paired_manifest,8,9331008,953e23176f05d7c5d19df97f4f7bcacb81ec528d,0,43,3.737927198410034,111.6773910522461
blocks_ranking_size,demo_randomized,ahs,strict_paired_manifest,9,9331009,bfabc274e76d8e79b2a5dc81c4adf8f8783043a3,0,45,4.013153076171875,111.14663696289062
blocks_ranking_size,demo_randomized,ahs,strict_paired_manifest,10,9331010,4083bb32dbaa80241944e4e636c709e166cdc18d,1,22,1.9981935024261475,58.144493103027344
blocks_ranking_size,demo_randomized,ahs,strict_paired_manifest,11,9331011,953e23176f05d7c5d19df97f4f7bcacb81ec528d,0,50,4.534008026123047,114.24590301513672
blocks_ranking_size,demo_randomized,ahs,strict_paired_manifest,12,9331012,9e4dcf52eeef874cf28c1ee02d0a4f5cbf80c6ae,0,44,3.9089598655700684,113.00074768066406
blocks_ranking_size,demo_randomized,ahs,strict_paired_manifest,13,9331013,b77d6c4d25f85f7d7f02c5342e63dbb6158bfde0,1,16,1.4721217155456543,42.03071975708008
blocks_ranking_size,demo_randomized,ahs,strict_paired_manifest,14,9331014,1ac4a65e4d25c441272de37f796dc4db3ef40fcc,0,46,4.025448799133301,110.44869995117188
blocks_ranking_size,demo_randomized,ahs,strict_paired_manifest,15,9331015,1ac4a65e4d25c441272de37f796dc4db3ef40fcc,1,17,1.4663426876068115,43.718849182128906
blocks_ranking_size,demo_randomized,ahs,strict_paired_manifest,16,9331016,2de607686732e7758269df6215528cf325c996bb,0,42,3.662156105041504,111.02476501464844
blocks_ranking_size,demo_randomized,ahs,strict_paired_manifest,17,9331017,9e4dcf52eeef874cf28c1ee02d0a4f5cbf80c6ae,0,46,4.031120300292969,107.47319793701172
blocks_ranking_size,demo_randomized,ahs,strict_paired_manifest,18,9331018,bfabc274e76d8e79b2a5dc81c4adf8f8783043a3,1,24,2.154693603515625,58.11435317993164
blocks_ranking_size,demo_randomized,ahs,strict_paired_manifest,19,9331019,1ac4a65e4d25c441272de37f796dc4db3ef40fcc,0,44,3.9211907386779785,115.91429901123047
click_alarmclock,demo_clean,base,strict_paired_manifest,0,9340000,3588153f7d2b1e7720e369f967f2b79e0e093e4d,1,2,5.431964874267578,16.419416427612305
click_alarmclock,demo_clean,base,strict_paired_manifest,1,9340001,7f090db9df32157a4ca4428c18add2c6200356f0,1,2,0.1793508529663086,7.730096340179443
click_alarmclock,demo_clean,base,strict_paired_manifest,2,9340002,e6f6499e04f2232e2b85aa962f304ad48c24d90f,0,8,0.7165482044219971,29.809677124023438
click_alarmclock,demo_clean,base,strict_paired_manifest,3,9340003,7688859968fdda3c333da9966bf1716aca86db9f,1,2,0.17777156829833984,7.738853931427002
click_alarmclock,demo_clean,base,strict_paired_manifest,4,9340004,41d064f911020e6fe7d721620c88c9b7d1700676,1,2,0.179351806640625,7.662764549255371
click_alarmclock,demo_clean,base,strict_paired_manifest,5,9340005,1e73acde5fafd8dcba3591886f4d807153c14610,1,2,0.18630313873291016,10.543930053710938
click_alarmclock,demo_clean,base,strict_paired_manifest,6,9340006,6080700098ba00293ea42128543f89d7133373b1,0,8,0.7177588939666748,29.488252639770508
click_alarmclock,demo_clean,base,strict_paired_manifest,7,9340007,9dc6cca3264ffdcc9f586eba1020238ec67b039c,1,2,0.17830729484558105,7.306916236877441
click_alarmclock,demo_clean,base,strict_paired_manifest,8,9340008,daf2b01c6a7abc4848afe644a44835092d46bbee,0,8,0.7240161895751953,28.96649932861328
click_alarmclock,demo_clean,base,strict_paired_manifest,9,9340009,11861150328427464df23e0f156ab5c346040780,0,8,0.7154533863067627,29.436443328857422
click_alarmclock,demo_clean,base,strict_paired_manifest,10,9340010,8a334b51dbf7454613a2233f035ae31938cd023c,1,2,0.17810940742492676,10.519163131713867
click_alarmclock,demo_clean,base,strict_paired_manifest,11,9340011,7490ac9ed74efffd46a472a6c8bd7731f8e768ac,1,2,0.17084383964538574,7.342549800872803
click_alarmclock,demo_clean,base,strict_paired_manifest,12,9340012,c7ca66667a43704223ffbfd80037812e69fc5eb4,1,2,0.17534160614013672,7.7756853103637695
click_alarmclock,demo_clean,base,strict_paired_manifest,13,9340013,7688859968fdda3c333da9966bf1716aca86db9f,1,2,0.17808961868286133,7.485996246337891
click_alarmclock,demo_clean,base,strict_paired_manifest,14,9340014,0ad53c20c81f6e91e9f325fea9d21424592170f0,1,2,0.1786954402923584,7.034632682800293
click_alarmclock,demo_clean,base,strict_paired_manifest,15,9340015,41d064f911020e6fe7d721620c88c9b7d1700676,0,8,0.717322587966919,32.09504318237305
click_alarmclock,demo_clean,base,strict_paired_manifest,16,9340016,ec3d7aa881070424328136df6a94256246c64a39,1,2,0.17664551734924316,7.2075042724609375
click_alarmclock,demo_clean,base,strict_paired_manifest,17,9340017,c79e281f2f1a5224ff727590099874d06c8244ac,0,8,0.7155303955078125,29.780784606933594
click_alarmclock,demo_clean,base,strict_paired_manifest,18,9340018,ac821fadbd9015b6d1e05c50b69b9056f6aab238,0,8,0.7127718925476074,29.859142303466797
click_alarmclock,demo_clean,base,strict_paired_manifest,19,9340019,1e1cf6a69308a3a8469d4bcdb9d524c48261024c,0,8,0.7169504165649414,29.134798049926758
click_alarmclock,demo_clean,ahs,strict_paired_manifest,0,9340000,3588153f7d2b1e7720e369f967f2b79e0e093e4d,0,15,6.484410285949707,39.38101577758789
click_alarmclock,demo_clean,ahs,strict_paired_manifest,1,9340001,7f090db9df32157a4ca4428c18add2c6200356f0,1,3,0.2503056526184082,5.836224555969238
click_alarmclock,demo_clean,ahs,strict_paired_manifest,2,9340002,e6f6499e04f2232e2b85aa962f304ad48c24d90f,1,3,0.25040531158447266,5.815922737121582
click_alarmclock,demo_clean,ahs,strict_paired_manifest,3,9340003,7688859968fdda3c333da9966bf1716aca86db9f,1,6,0.5020079612731934,11.408163070678711
click_alarmclock,demo_clean,ahs,strict_paired_manifest,4,9340004,41d064f911020e6fe7d721620c88c9b7d1700676,1,5,0.42147016525268555,8.560699462890625
click_alarmclock,demo_clean,ahs,strict_paired_manifest,5,9340005,1e73acde5fafd8dcba3591886f4d807153c14610,0,15,1.264857292175293,30.093385696411133
click_alarmclock,demo_clean,ahs,strict_paired_manifest,6,9340006,6080700098ba00293ea42128543f89d7133373b1,0,15,1.2664473056793213,27.862579345703125
click_alarmclock,demo_clean,ahs,strict_paired_manifest,7,9340007,9dc6cca3264ffdcc9f586eba1020238ec67b039c,1,9,0.7570445537567139,14.65786075592041
click_alarmclock,demo_clean,ahs,strict_paired_manifest,8,9340008,daf2b01c6a7abc4848afe644a44835092d46bbee,0,15,1.2574818134307861,27.87843894958496
click_alarmclock,demo_clean,ahs,strict_paired_manifest,9,9340009,11861150328427464df23e0f156ab5c346040780,1,3,0.25443530082702637,5.409841537475586
click_alarmclock,demo_clean,ahs,strict_paired_manifest,10,9340010,8a334b51dbf7454613a2233f035ae31938cd023c,1,3,0.2546226978302002,8.135369300842285
click_alarmclock,demo_clean,ahs,strict_paired_manifest,11,9340011,7490ac9ed74efffd46a472a6c8bd7731f8e768ac,0,13,1.0972957611083984,28.270915985107422
click_alarmclock,demo_clean,ahs,strict_paired_manifest,12,9340012,c7ca66667a43704223ffbfd80037812e69fc5eb4,0,16,1.3500971794128418,30.843725204467773
click_alarmclock,demo_clean,ahs,strict_paired_manifest,13,9340013,7688859968fdda3c333da9966bf1716aca86db9f,1,4,0.3385782241821289,6.890972137451172
click_alarmclock,demo_clean,ahs,strict_paired_manifest,14,9340014,0ad53c20c81f6e91e9f325fea9d21424592170f0,1,4,0.33655500411987305,6.201973915100098
click_alarmclock,demo_clean,ahs,strict_paired_manifest,15,9340015,41d064f911020e6fe7d721620c88c9b7d1700676,1,3,0.2584521770477295,8.344655990600586
click_alarmclock,demo_clean,ahs,strict_paired_manifest,16,9340016,ec3d7aa881070424328136df6a94256246c64a39,0,16,1.3409395217895508,30.259929656982422
click_alarmclock,demo_clean,ahs,strict_paired_manifest,17,9340017,c79e281f2f1a5224ff727590099874d06c8244ac,1,3,0.2554957866668701,4.6613688468933105
click_alarmclock,demo_clean,ahs,strict_paired_manifest,18,9340018,ac821fadbd9015b6d1e05c50b69b9056f6aab238,1,3,0.24959731101989746,5.02850866317749
click_alarmclock,demo_clean,ahs,strict_paired_manifest,19,9340019,1e1cf6a69308a3a8469d4bcdb9d524c48261024c,1,3,0.2521383762359619,5.291217803955078
click_alarmclock,demo_randomized,base,strict_paired_manifest,0,9341001,8c100175ec80eabf9d97e2ee5989b3909168dd66,1,2,5.30342960357666,18.211322784423828
click_alarmclock,demo_randomized,base,strict_paired_manifest,1,9341002,7f090db9df32157a4ca4428c18add2c6200356f0,0,8,0.6735069751739502,32.28313064575195
click_alarmclock,demo_randomized,base,strict_paired_manifest,2,9341003,19cbd755346d95ad17f67500ee987ad22deab906,0,8,0.6656897068023682,32.586753845214844
click_alarmclock,demo_randomized,base,strict_paired_manifest,3,9341004,2ec19f9931444787f77a459b55a04eff5c399158,0,8,0.663198709487915,31.899816513061523
click_alarmclock,demo_randomized,base,strict_paired_manifest,4,9341005,8c100175ec80eabf9d97e2ee5989b3909168dd66,1,2,0.16640043258666992,9.111648559570312
click_alarmclock,demo_randomized,base,strict_paired_manifest,5,9341006,1e73acde5fafd8dcba3591886f4d807153c14610,1,2,0.1696779727935791,12.375850677490234
click_alarmclock,demo_randomized,base,strict_paired_manifest,6,9341007,9dc6cca3264ffdcc9f586eba1020238ec67b039c,0,8,0.6659166812896729,34.309043884277344
click_alarmclock,demo_randomized,base,strict_paired_manifest,7,9341008,a18012bdc6ad2c254bda187ed1550d046e3c500e,1,2,0.16993212699890137,8.943944931030273
click_alarmclock,demo_randomized,base,strict_paired_manifest,8,9341009,89b6385c9ebb832667dc0a5069c5c0bd49354934,0,8,0.669358491897583,33.9015007019043
click_alarmclock,demo_randomized,base,strict_paired_manifest,9,9341010,9c777e8807f1c55ab9bba894577eb1bea37ee558,1,2,0.17136502265930176,9.69729232788086
click_alarmclock,demo_randomized,base,strict_paired_manifest,10,9341011,b1a27b14ff6c60fe2f894ab4b4c8b53a66cd144c,1,2,0.1699526309967041,11.795649528503418
click_alarmclock,demo_randomized,base,strict_paired_manifest,11,9341012,67fceb2c60f17990350ad7044c166cf27e3760d4,0,8,0.6693048477172852,36.040897369384766
click_alarmclock,demo_randomized,base,strict_paired_manifest,12,9341013,7490ac9ed74efffd46a472a6c8bd7731f8e768ac,0,8,0.669846773147583,34.562232971191406
click_alarmclock,demo_randomized,base,strict_paired_manifest,13,9341015,067a9962637813a3d0314e7cde3a0f43afe57f1d,0,8,0.6641335487365723,30.149524688720703
click_alarmclock,demo_randomized,base,strict_paired_manifest,14,9341016,8f6caf07d63473d119803926d17f5d6a4b9f42a3,0,8,0.6653947830200195,36.54009246826172
click_alarmclock,demo_randomized,base,strict_paired_manifest,15,9341017,435a784d65bad998d6429bb900dd0b846a8da982,1,2,0.17090320587158203,12.356049537658691
click_alarmclock,demo_randomized,base,strict_paired_manifest,16,9341018,2bf83a45870ff8eddad4e36c77a717bbc69e13ad,0,8,0.6634902954101562,35.64387893676758
click_alarmclock,demo_randomized,base,strict_paired_manifest,17,9341019,034a290eb2aa8e75488d5a953cde1d23df2c257d,1,2,0.16896629333496094,9.725025177001953
click_alarmclock,demo_randomized,base,strict_paired_manifest,18,9341020,59ebe52f1c0fbde0cee9e3c661a9b562566364f6,0,8,0.6659619808197021,32.43730926513672
click_alarmclock,demo_randomized,base,strict_paired_manifest,19,9341021,7490ac9ed74efffd46a472a6c8bd7731f8e768ac,1,2,0.1669328212738037,9.569151878356934
click_alarmclock,demo_randomized,ahs,strict_paired_manifest,0,9341001,8c100175ec80eabf9d97e2ee5989b3909168dd66,1,4,5.532143592834473,17.920364379882812
click_alarmclock,demo_randomized,ahs,strict_paired_manifest,1,9341002,7f090db9df32157a4ca4428c18add2c6200356f0,0,15,1.2637839317321777,34.437416076660156
click_alarmclock,demo_randomized,ahs,strict_paired_manifest,2,9341003,19cbd755346d95ad17f67500ee987ad22deab906,0,15,1.2614965438842773,34.33436965942383
click_alarmclock,demo_randomized,ahs,strict_paired_manifest,3,9341004,2ec19f9931444787f77a459b55a04eff5c399158,1,3,0.2519803047180176,7.643215179443359
click_alarmclock,demo_randomized,ahs,strict_paired_manifest,4,9341005,8c100175ec80eabf9d97e2ee5989b3909168dd66,1,4,0.3335843086242676,8.641838073730469
click_alarmclock,demo_randomized,ahs,strict_paired_manifest,5,9341006,1e73acde5fafd8dcba3591886f4d807153c14610,1,3,0.2597041130065918,10.970449447631836
click_alarmclock,demo_randomized,ahs,strict_paired_manifest,6,9341007,9dc6cca3264ffdcc9f586eba1020238ec67b039c,0,15,1.2529113292694092,35.58198928833008
click_alarmclock,demo_randomized,ahs,strict_paired_manifest,7,9341008,a18012bdc6ad2c254bda187ed1550d046e3c500e,1,4,0.3365633487701416,8.323793411254883
click_alarmclock,demo_randomized,ahs,strict_paired_manifest,8,9341009,89b6385c9ebb832667dc0a5069c5c0bd49354934,0,17,1.436253309249878,35.719757080078125
click_alarmclock,demo_randomized,ahs,strict_paired_manifest,9,9341010,9c777e8807f1c55ab9bba894577eb1bea37ee558,0,15,1.2639727592468262,35.16773986816406
click_alarmclock,demo_randomized,ahs,strict_paired_manifest,10,9341011,b1a27b14ff6c60fe2f894ab4b4c8b53a66cd144c,0,15,1.266876220703125,37.112369537353516
click_alarmclock,demo_randomized,ahs,strict_paired_manifest,11,9341012,67fceb2c60f17990350ad7044c166cf27e3760d4,1,3,0.25675058364868164,8.800783157348633
click_alarmclock,demo_randomized,ahs,strict_paired_manifest,12,9341013,7490ac9ed74efffd46a472a6c8bd7731f8e768ac,0,16,1.3524057865142822,35.68347930908203
click_alarmclock,demo_randomized,ahs,strict_paired_manifest,13,9341015,067a9962637813a3d0314e7cde3a0f43afe57f1d,1,3,0.2513313293457031,7.892853736877441
click_alarmclock,demo_randomized,ahs,strict_paired_manifest,14,9341016,8f6caf07d63473d119803926d17f5d6a4b9f42a3,0,15,1.2582488059997559,39.37743377685547
click_alarmclock,demo_randomized,ahs,strict_paired_manifest,15,9341017,435a784d65bad998d6429bb900dd0b846a8da982,0,16,1.3409459590911865,41.1838264465332
click_alarmclock,demo_randomized,ahs,strict_paired_manifest,16,9341018,2bf83a45870ff8eddad4e36c77a717bbc69e13ad,0,14,1.173499345779419,36.658077239990234
click_alarmclock,demo_randomized,ahs,strict_paired_manifest,17,9341019,034a290eb2aa8e75488d5a953cde1d23df2c257d,0,15,1.262099266052246,36.607696533203125
click_alarmclock,demo_randomized,ahs,strict_paired_manifest,18,9341020,59ebe52f1c0fbde0cee9e3c661a9b562566364f6,1,3,0.25398874282836914,7.011989593505859
click_alarmclock,demo_randomized,ahs,strict_paired_manifest,19,9341021,7490ac9ed74efffd46a472a6c8bd7731f8e768ac,1,2,0.16968321800231934,6.585304260253906
click_bell,demo_clean,base,strict_paired_manifest,0,9350000,754c2cbcb433850d1e4d164bdf3f7334887722bb,1,2,5.126943588256836,15.185003280639648
click_bell,demo_clean,base,strict_paired_manifest,1,9350001,60f6fd4e8e6a42291d1677ea7690cb2967513cb7,0,8,0.6664249897003174,26.76020050048828
click_bell,demo_clean,base,strict_paired_manifest,2,9350002,83884a925eb3ed44438d9b448d66904506cbde1a,1,2,0.16567182540893555,6.866665840148926
click_bell,demo_clean,base,strict_paired_manifest,3,9350003,9649db501a6fc026ae7e39d42447f9bea121d033,1,2,0.1664259433746338,6.794821739196777
click_bell,demo_clean,base,strict_paired_manifest,4,9350004,026d8f91b36a810177c4936ec5f85d1227680118,0,8,0.6640810966491699,27.830493927001953
click_bell,demo_clean,base,strict_paired_manifest,5,9350005,cd8303f0db0421ed27f22be6f72671eac1c495b1,0,8,0.6737165451049805,29.669780731201172
click_bell,demo_clean,base,strict_paired_manifest,6,9350006,d2ff28a7c217cb0dffebfedf451056124a663c72,0,8,0.667919397354126,27.760276794433594
click_bell,demo_clean,base,strict_paired_manifest,7,9350007,a73c51ae5f19f40fcf5ac61f814437b407dec4f9,0,8,0.6695711612701416,26.94182014465332
click_bell,demo_clean,base,strict_paired_manifest,8,9350008,be3a6b1403b0bdc9eddea3c1ad18b828bb23847b,0,8,0.6705613136291504,28.536113739013672
click_bell,demo_clean,base,strict_paired_manifest,9,9350009,3c8ca73e120dc8b7450d9e969e2f2357e69201cb,1,2,0.16701650619506836,6.421138763427734
click_bell,demo_clean,base,strict_paired_manifest,10,9350010,bf600f92e4563d505ac8ee3bb5db8a00266d1451,0,8,0.6713604927062988,30.199321746826172
click_bell,demo_clean,base,strict_paired_manifest,11,9350011,984bcc7566da393457aca1d29f503196592e72de,0,8,0.6653890609741211,27.277070999145508
click_bell,demo_clean,base,strict_paired_manifest,12,9350012,754c2cbcb433850d1e4d164bdf3f7334887722bb,1,2,0.16734075546264648,6.685235977172852
click_bell,demo_clean,base,strict_paired_manifest,13,9350013,81af3a3fbba3f0d32a1e289c69cafb444bc8fbbe,0,8,0.6661093235015869,27.11849021911621
click_bell,demo_clean,base,strict_paired_manifest,14,9350014,0ba40fb7c84fcb5ebfec450878b2847a76583a0b,1,2,0.16682815551757812,6.208155632019043
click_bell,demo_clean,base,strict_paired_manifest,15,9350015,4a2f2987160bc71b00f7f6630b7fc098a9b5dede,0,8,0.673750638961792,31.805721282958984
click_bell,demo_clean,base,strict_paired_manifest,16,9350016,9810db907de79ddb984f205f72d524bd73a9463c,0,8,0.6665914058685303,25.522401809692383
click_bell,demo_clean,base,strict_paired_manifest,17,9350017,4a2f2987160bc71b00f7f6630b7fc098a9b5dede,0,8,0.6652379035949707,28.65618133544922
click_bell,demo_clean,base,strict_paired_manifest,18,9350018,0dbe1fcb4f043e6e89f854c982b041836dffea80,1,2,0.16672253608703613,6.876824378967285
click_bell,demo_clean,base,strict_paired_manifest,19,9350019,83884a925eb3ed44438d9b448d66904506cbde1a,0,8,0.663334846496582,25.773279190063477
click_bell,demo_clean,ahs,strict_paired_manifest,0,9350000,754c2cbcb433850d1e4d164bdf3f7334887722bb,1,3,5.282312870025635,14.04838752746582
click_bell,demo_clean,ahs,strict_paired_manifest,1,9350001,60f6fd4e8e6a42291d1677ea7690cb2967513cb7,1,3,0.2523970603942871,4.496599197387695
click_bell,demo_clean,ahs,strict_paired_manifest,2,9350002,83884a925eb3ed44438d9b448d66904506cbde1a,1,2,0.17052221298217773,5.106963157653809
click_bell,demo_clean,ahs,strict_paired_manifest,3,9350003,9649db501a6fc026ae7e39d42447f9bea121d033,0,15,1.2635209560394287,30.653690338134766
click_bell,demo_clean,ahs,strict_paired_manifest,4,9350004,026d8f91b36a810177c4936ec5f85d1227680118,1,2,0.16850852966308594,4.827203273773193
click_bell,demo_clean,ahs,strict_paired_manifest,5,9350005,cd8303f0db0421ed27f22be6f72671eac1c495b1,1,3,0.25771141052246094,8.374358177185059
click_bell,demo_clean,ahs,strict_paired_manifest,6,9350006,d2ff28a7c217cb0dffebfedf451056124a663c72,0,15,1.2633261680603027,29.479265213012695
click_bell,demo_clean,ahs,strict_paired_manifest,7,9350007,a73c51ae5f19f40fcf5ac61f814437b407dec4f9,1,2,0.16802144050598145,4.939707279205322
click_bell,demo_clean,ahs,strict_paired_manifest,8,9350008,be3a6b1403b0bdc9eddea3c1ad18b828bb23847b,1,3,0.2543222904205322,5.50419807434082
click_bell,demo_clean,ahs,strict_paired_manifest,9,9350009,3c8ca73e120dc8b7450d9e969e2f2357e69201cb,1,3,0.2514309883117676,5.3170318603515625
click_bell,demo_clean,ahs,strict_paired_manifest,10,9350010,bf600f92e4563d505ac8ee3bb5db8a00266d1451,1,2,0.17204928398132324,7.920590400695801
click_bell,demo_clean,ahs,strict_paired_manifest,11,9350011,984bcc7566da393457aca1d29f503196592e72de,0,14,1.1751785278320312,29.387331008911133
click_bell,demo_clean,ahs,strict_paired_manifest,12,9350012,754c2cbcb433850d1e4d164bdf3f7334887722bb,1,3,0.25035834312438965,5.3895368576049805
click_bell,demo_clean,ahs,strict_paired_manifest,13,9350013,81af3a3fbba3f0d32a1e289c69cafb444bc8fbbe,0,16,1.339043140411377,28.70682716369629
click_bell,demo_clean,ahs,strict_paired_manifest,14,9350014,0ba40fb7c84fcb5ebfec450878b2847a76583a0b,1,3,0.2508113384246826,4.98507022857666
click_bell,demo_clean,ahs,strict_paired_manifest,15,9350015,4a2f2987160bc71b00f7f6630b7fc098a9b5dede,1,3,0.2544698715209961,8.14344310760498
click_bell,demo_clean,ahs,strict_paired_manifest,16,9350016,9810db907de79ddb984f205f72d524bd73a9463c,0,14,1.178633213043213,26.351882934570312
click_bell,demo_clean,ahs,strict_paired_manifest,17,9350017,4a2f2987160bc71b00f7f6630b7fc098a9b5dede,0,17,1.4399683475494385,30.208904266357422
click_bell,demo_clean,ahs,strict_paired_manifest,18,9350018,0dbe1fcb4f043e6e89f854c982b041836dffea80,1,2,0.1682136058807373,5.017323970794678
click_bell,demo_clean,ahs,strict_paired_manifest,19,9350019,83884a925eb3ed44438d9b448d66904506cbde1a,1,2,0.17086529731750488,4.664764404296875
click_bell,demo_randomized,base,strict_paired_manifest,0,9351001,556bce3868a4df6e979f1177027e956b61f21d2c,1,2,5.311614990234375,18.082727432250977
click_bell,demo_randomized,base,strict_paired_manifest,1,9351002,a73c51ae5f19f40fcf5ac61f814437b407dec4f9,0,8,0.6688597202301025,34.443912506103516
click_bell,demo_randomized,base,strict_paired_manifest,2,9351003,042c398454e1102a7e8c5d4a22082cfa734a14fa,0,8,0.669356107711792,34.16364669799805
click_bell,demo_randomized,base,strict_paired_manifest,3,9351004,ad65e813a2af3bb56810e9539588a3e5847e66e3,1,2,0.1673133373260498,9.763236045837402
click_bell,demo_randomized,base,strict_paired_manifest,4,9351005,7ce902aaa5479c01701029c3de372af40a795e9e,1,2,0.16508126258850098,8.747035026550293
click_bell,demo_randomized,base,strict_paired_manifest,5,9351006,026d8f91b36a810177c4936ec5f85d1227680118,1,2,0.17095351219177246,11.691200256347656
click_bell,demo_randomized,base,strict_paired_manifest,6,9351007,ad65e813a2af3bb56810e9539588a3e5847e66e3,1,2,0.16985654830932617,9.520606994628906
click_bell,demo_randomized,base,strict_paired_manifest,7,9351008,026d8f91b36a810177c4936ec5f85d1227680118,0,8,0.6628458499908447,31.70880889892578
click_bell,demo_randomized,base,strict_paired_manifest,8,9351010,026d8f91b36a810177c4936ec5f85d1227680118,0,8,0.6631217002868652,35.450477600097656
click_bell,demo_randomized,base,strict_paired_manifest,9,9351013,042c398454e1102a7e8c5d4a22082cfa734a14fa,1,2,0.16481685638427734,9.049635887145996
click_bell,demo_randomized,base,strict_paired_manifest,10,9351014,1734caec9740f5235b130d5b37ba76c3504aa1a7,0,8,0.6702609062194824,37.4199104309082
click_bell,demo_randomized,base,strict_paired_manifest,11,9351015,83884a925eb3ed44438d9b448d66904506cbde1a,1,2,0.1658627986907959,9.183931350708008
click_bell,demo_randomized,base,strict_paired_manifest,12,9351016,81af3a3fbba3f0d32a1e289c69cafb444bc8fbbe,0,8,0.6672878265380859,34.257476806640625
click_bell,demo_randomized,base,strict_paired_manifest,13,9351017,2e27838543f969ef4204cf90077de9353986afa0,1,2,0.16721177101135254,9.83472728729248
click_bell,demo_randomized,base,strict_paired_manifest,14,9351018,e13d0490a641526034021e1d5891ec6825b466c3,1,1,0.08241415023803711,5.699496269226074
click_bell,demo_randomized,base,strict_paired_manifest,15,9351019,556bce3868a4df6e979f1177027e956b61f21d2c,1,2,0.1718606948852539,12.531023025512695
click_bell,demo_randomized,base,strict_paired_manifest,16,9351022,58c51ad576b61fccbe58dea85a9a506727042666,0,8,0.6656882762908936,35.39520263671875
click_bell,demo_randomized,base,strict_paired_manifest,17,9351023,83884a925eb3ed44438d9b448d66904506cbde1a,0,8,0.6711409091949463,33.6077880859375
click_bell,demo_randomized,base,strict_paired_manifest,18,9351024,8a6888bf1b109cb355bb2a599bf0f0d7d393aebd,1,2,0.1660597324371338,8.711458206176758
click_bell,demo_randomized,base,strict_paired_manifest,19,9351025,9649db501a6fc026ae7e39d42447f9bea121d033,0,8,0.6658251285552979,33.31688690185547
click_bell,demo_randomized,ahs,strict_paired_manifest,0,9351001,556bce3868a4df6e979f1177027e956b61f21d2c,1,3,5.178887367248535,16.56622886657715
click_bell,demo_randomized,ahs,strict_paired_manifest,1,9351002,a73c51ae5f19f40fcf5ac61f814437b407dec4f9,0,16,1.3530266284942627,35.78227233886719
click_bell,demo_randomized,ahs,strict_paired_manifest,2,9351003,042c398454e1102a7e8c5d4a22082cfa734a14fa,0,15,1.258958101272583,35.755550384521484
click_bell,demo_randomized,ahs,strict_paired_manifest,3,9351004,ad65e813a2af3bb56810e9539588a3e5847e66e3,1,3,0.24934148788452148,8.07767391204834
click_bell,demo_randomized,ahs,strict_paired_manifest,4,9351005,7ce902aaa5479c01701029c3de372af40a795e9e,1,3,0.24953222274780273,7.231305122375488
click_bell,demo_randomized,ahs,strict_paired_manifest,5,9351006,026d8f91b36a810177c4936ec5f85d1227680118,0,16,1.3428232669830322,37.09121322631836
click_bell,demo_randomized,ahs,strict_paired_manifest,6,9351007,ad65e813a2af3bb56810e9539588a3e5847e66e3,0,15,1.2607238292694092,36.04484558105469
click_bell,demo_randomized,ahs,strict_paired_manifest,7,9351008,026d8f91b36a810177c4936ec5f85d1227680118,0,16,1.3399860858917236,33.60287094116211
click_bell,demo_randomized,ahs,strict_paired_manifest,8,9351010,026d8f91b36a810177c4936ec5f85d1227680118,0,16,1.3439862728118896,36.186885833740234
click_bell,demo_randomized,ahs,strict_paired_manifest,9,9351013,042c398454e1102a7e8c5d4a22082cfa734a14fa,0,14,1.1714897155761719,37.76892852783203
click_bell,demo_randomized,ahs,strict_paired_manifest,10,9351014,1734caec9740f5235b130d5b37ba76c3504aa1a7,1,4,0.3397481441497803,11.901765823364258
click_bell,demo_randomized,ahs,strict_paired_manifest,11,9351015,83884a925eb3ed44438d9b448d66904506cbde1a,1,3,0.2544107437133789,8.262723922729492
click_bell,demo_randomized,ahs,strict_paired_manifest,12,9351016,81af3a3fbba3f0d32a1e289c69cafb444bc8fbbe,1,2,0.16824126243591309,6.715344429016113
click_bell,demo_randomized,ahs,strict_paired_manifest,13,9351017,2e27838543f969ef4204cf90077de9353986afa0,0,16,1.3507685661315918,38.14867401123047
click_bell,demo_randomized,ahs,strict_paired_manifest,14,9351018,e13d0490a641526034021e1d5891ec6825b466c3,1,3,0.2512705326080322,7.909638404846191
click_bell,demo_randomized,ahs,strict_paired_manifest,15,9351019,556bce3868a4df6e979f1177027e956b61f21d2c,1,3,0.25527191162109375,10.873620986938477
click_bell,demo_randomized,ahs,strict_paired_manifest,16,9351022,58c51ad576b61fccbe58dea85a9a506727042666,1,2,0.16697144508361816,6.6647114753723145
click_bell,demo_randomized,ahs,strict_paired_manifest,17,9351023,83884a925eb3ed44438d9b448d66904506cbde1a,1,3,0.2550232410430908,7.912275314331055
click_bell,demo_randomized,ahs,strict_paired_manifest,18,9351024,8a6888bf1b109cb355bb2a599bf0f0d7d393aebd,1,2,0.17083001136779785,6.045280456542969
click_bell,demo_randomized,ahs,strict_paired_manifest,19,9351025,9649db501a6fc026ae7e39d42447f9bea121d033,0,15,1.2645068168640137,35.04386520385742
dump_bin_bigbin,demo_clean,base,strict_paired_manifest,0,9360001,be008f4a0466b17c93824c5999d6960d09b039f0,1,6,5.725250244140625,35.76505661010742
dump_bin_bigbin,demo_clean,base,strict_paired_manifest,1,9360003,dbb9993b13938259ca512f12848cced50c4befbf,1,7,0.5843582153320312,30.414066314697266
dump_bin_bigbin,demo_clean,base,strict_paired_manifest,2,9360005,82e1e07b19e8446130972546239a8826dfffd1c5,1,3,0.2506704330444336,12.485051155090332
dump_bin_bigbin,demo_clean,base,strict_paired_manifest,3,9360006,86b4aad09cee220f626ef209e11a69201c43f39b,0,12,0.9981410503387451,47.74664306640625
dump_bin_bigbin,demo_clean,base,strict_paired_manifest,4,9360007,58d0cf21bff997320763472cb42fbed8f95877e1,1,6,0.49997925758361816,27.252470016479492
dump_bin_bigbin,demo_clean,base,strict_paired_manifest,5,9360008,7da90a82bbe9043884b730de4a2b477dcd338b30,1,6,0.5030200481414795,30.945293426513672
dump_bin_bigbin,demo_clean,base,strict_paired_manifest,6,9360016,f088c2a70108678702c5c7e5eccc040d0ebb2305,1,3,0.24993181228637695,12.486645698547363
dump_bin_bigbin,demo_clean,base,strict_paired_manifest,7,9360017,6d9a45b79e2973062411bed954ebdaad281a272d,1,3,0.2502164840698242,12.228647232055664
dump_bin_bigbin,demo_clean,base,strict_paired_manifest,8,9360018,de2bf093f16be78abc856818c5be6161995434e5,1,3,0.24937200546264648,12.4750337600708
dump_bin_bigbin,demo_clean,base,strict_paired_manifest,9,9360020,c06dd7f46c335916e3aa24cbcbcffa4e8c8c27fc,1,6,0.4993479251861572,26.63248062133789
dump_bin_bigbin,demo_clean,base,strict_paired_manifest,10,9360021,5f802356adfe5c0859cc9d0a289c0f0a3a76d4ee,1,6,0.5066921710968018,30.68872833251953
dump_bin_bigbin,demo_clean,base,strict_paired_manifest,11,9360022,27808b3a6d946530fac73e5ba0b6497aa9bf263f,1,8,0.6671514511108398,34.49959945678711
dump_bin_bigbin,demo_clean,base,strict_paired_manifest,12,9360025,39e2561774c71dd5708ca806511556554d72fec2,1,6,0.5006277561187744,27.687232971191406
dump_bin_bigbin,demo_clean,base,strict_paired_manifest,13,9360026,577a299c3e7877f210f9563705eea935e7a05f61,1,3,0.24991583824157715,12.62645149230957
dump_bin_bigbin,demo_clean,base,strict_paired_manifest,14,9360027,19be3422ce0ce42af58ea087a84ada90c00a28a6,1,3,0.2489638328552246,12.023571014404297
dump_bin_bigbin,demo_clean,base,strict_paired_manifest,15,9360029,d8ce1762063b0d6b5c44a0433c7cf68fa7aca970,1,3,0.24818801879882812,14.562007904052734
dump_bin_bigbin,demo_clean,base,strict_paired_manifest,16,9360030,c2af423cfe8ab0c4d965aa26d0028acad7410dbf,1,6,0.5004665851593018,27.988292694091797
dump_bin_bigbin,demo_clean,base,strict_paired_manifest,17,9360031,39e2561774c71dd5708ca806511556554d72fec2,1,3,0.24997329711914062,12.778360366821289
dump_bin_bigbin,demo_clean,base,strict_paired_manifest,18,9360033,beefdf75ad5185977a149fe8efeb64bd1b492355,1,3,0.25057148933410645,11.555562973022461
dump_bin_bigbin,demo_clean,base,strict_paired_manifest,19,9360034,5f7c168ca51d43f3ddf921bf3aed39892103fa86,1,3,0.24922704696655273,11.865337371826172
dump_bin_bigbin,demo_clean,ahs,strict_paired_manifest,0,9360001,be008f4a0466b17c93824c5999d6960d09b039f0,1,11,6.165159702301025,36.302005767822266
dump_bin_bigbin,demo_clean,ahs,strict_paired_manifest,1,9360003,dbb9993b13938259ca512f12848cced50c4befbf,1,12,1.0071191787719727,29.314306259155273
dump_bin_bigbin,demo_clean,ahs,strict_paired_manifest,2,9360005,82e1e07b19e8446130972546239a8826dfffd1c5,1,5,0.41820740699768066,10.906322479248047
dump_bin_bigbin,demo_clean,ahs,strict_paired_manifest,3,9360006,86b4aad09cee220f626ef209e11a69201c43f39b,1,11,0.9275262355804443,26.19107437133789
dump_bin_bigbin,demo_clean,ahs,strict_paired_manifest,4,9360007,58d0cf21bff997320763472cb42fbed8f95877e1,1,10,0.8466541767120361,26.328914642333984
dump_bin_bigbin,demo_clean,ahs,strict_paired_manifest,5,9360008,7da90a82bbe9043884b730de4a2b477dcd338b30,1,12,1.0123178958892822,30.771305084228516
dump_bin_bigbin,demo_clean,ahs,strict_paired_manifest,6,9360016,f088c2a70108678702c5c7e5eccc040d0ebb2305,1,5,0.41896629333496094,11.415298461914062
dump_bin_bigbin,demo_clean,ahs,strict_paired_manifest,7,9360017,6d9a45b79e2973062411bed954ebdaad281a272d,1,5,0.41602301597595215,12.161495208740234
dump_bin_bigbin,demo_clean,ahs,strict_paired_manifest,8,9360018,de2bf093f16be78abc856818c5be6161995434e5,1,6,0.501014232635498,11.688252449035645
dump_bin_bigbin,demo_clean,ahs,strict_paired_manifest,9,9360020,c06dd7f46c335916e3aa24cbcbcffa4e8c8c27fc,0,21,1.7551307678222656,49.68054962158203
dump_bin_bigbin,demo_clean,ahs,strict_paired_manifest,10,9360021,5f802356adfe5c0859cc9d0a289c0f0a3a76d4ee,1,12,1.0108871459960938,30.358795166015625
dump_bin_bigbin,demo_clean,ahs,strict_paired_manifest,11,9360022,27808b3a6d946530fac73e5ba0b6497aa9bf263f,1,11,0.9253196716308594,26.58611488342285
dump_bin_bigbin,demo_clean,ahs,strict_paired_manifest,12,9360025,39e2561774c71dd5708ca806511556554d72fec2,1,11,0.9218649864196777,27.32607650756836
dump_bin_bigbin,demo_clean,ahs,strict_paired_manifest,13,9360026,577a299c3e7877f210f9563705eea935e7a05f61,1,6,0.5022695064544678,11.828043937683105
dump_bin_bigbin,demo_clean,ahs,strict_paired_manifest,14,9360027,19be3422ce0ce42af58ea087a84ada90c00a28a6,1,6,0.5065500736236572,11.280509948730469
dump_bin_bigbin,demo_clean,ahs,strict_paired_manifest,15,9360029,d8ce1762063b0d6b5c44a0433c7cf68fa7aca970,1,6,0.5036675930023193,14.875170707702637
dump_bin_bigbin,demo_clean,ahs,strict_paired_manifest,16,9360030,c2af423cfe8ab0c4d965aa26d0028acad7410dbf,1,11,0.9301133155822754,27.21124839782715
dump_bin_bigbin,demo_clean,ahs,strict_paired_manifest,17,9360031,39e2561774c71dd5708ca806511556554d72fec2,1,5,0.42490720748901367,11.827415466308594
dump_bin_bigbin,demo_clean,ahs,strict_paired_manifest,18,9360033,beefdf75ad5185977a149fe8efeb64bd1b492355,1,6,0.5026736259460449,11.899304389953613
dump_bin_bigbin,demo_clean,ahs,strict_paired_manifest,19,9360034,5f7c168ca51d43f3ddf921bf3aed39892103fa86,1,6,0.5069842338562012,12.60981273651123
dump_bin_bigbin,demo_randomized,base,strict_paired_manifest,0,9361000,d208f6ddb96e0dfdf66fe8656fdd3efac5c3703f,0,12,6.0204243659973145,66.29547882080078
dump_bin_bigbin,demo_randomized,base,strict_paired_manifest,1,9361002,773f30ce88c5f0b45412262987a3559ad15e77e9,1,3,0.25066709518432617,15.484896659851074
dump_bin_bigbin,demo_randomized,base,strict_paired_manifest,2,9361003,89abe8d2be3ef6e8488880d83176fa3b7de27206,1,3,0.2505006790161133,14.438508033752441
dump_bin_bigbin,demo_randomized,base,strict_paired_manifest,3,9361004,5f7c168ca51d43f3ddf921bf3aed39892103fa86,1,3,0.248854398727417,12.21516227722168
dump_bin_bigbin,demo_randomized,base,strict_paired_manifest,4,9361005,27808b3a6d946530fac73e5ba0b6497aa9bf263f,1,3,0.2488701343536377,12.755062103271484
dump_bin_bigbin,demo_randomized,base,strict_paired_manifest,5,9361007,810ea66ce46b535bd2b50006d9e38ca4af248524,1,7,0.5857970714569092,33.308956146240234
dump_bin_bigbin,demo_randomized,base,strict_paired_manifest,6,9361009,58d0cf21bff997320763472cb42fbed8f95877e1,0,12,0.9992187023162842,41.68782424926758
dump_bin_bigbin,demo_randomized,base,strict_paired_manifest,7,9361010,27808b3a6d946530fac73e5ba0b6497aa9bf263f,1,7,0.5849788188934326,31.043733596801758
dump_bin_bigbin,demo_randomized,base,strict_paired_manifest,8,9361011,c2af423cfe8ab0c4d965aa26d0028acad7410dbf,0,12,1.004758596420288,53.99418640136719
dump_bin_bigbin,demo_randomized,base,strict_paired_manifest,9,9361012,cd679758e999368b670a46c4419fd6a1c01b0b8f,1,6,0.503401517868042,28.445608139038086
dump_bin_bigbin,demo_randomized,base,strict_paired_manifest,10,9361013,a0c3faa34e76fc5f2eeafe9eaf94cdc367ca27fd,1,3,0.25420331954956055,15.821871757507324
dump_bin_bigbin,demo_randomized,base,strict_paired_manifest,11,9361019,dfba2b0d7bc3c8b723e3f10a288c36890b5d52e7,0,12,1.0050134658813477,42.367530822753906
dump_bin_bigbin,demo_randomized,base,strict_paired_manifest,12,9361020,3177a510394aa34f0487ce9a728988cdf4495e16,1,3,0.24999356269836426,12.317401885986328
dump_bin_bigbin,demo_randomized,base,strict_paired_manifest,13,9361021,6d80dfec60b61a79461e70668e7d71094b5a5b51,1,3,0.25025367736816406,12.451416015625
dump_bin_bigbin,demo_randomized,base,strict_paired_manifest,14,9361025,1f02e38c55ee62e7f3dea167e88b923b17e4cfdd,1,6,0.49955153465270996,28.01372528076172
dump_bin_bigbin,demo_randomized,base,strict_paired_manifest,15,9361027,50cd245861b12d88d9dce6d87c6069ee5c5ce863,1,7,0.5866446495056152,33.3968505859375
dump_bin_bigbin,demo_randomized,base,strict_paired_manifest,16,9361030,d208f6ddb96e0dfdf66fe8656fdd3efac5c3703f,1,6,0.5009863376617432,28.192115783691406
dump_bin_bigbin,demo_randomized,base,strict_paired_manifest,17,9361037,cb87a53594b922c2bebf20d55cdfb78212bd7bf6,1,3,0.25032973289489746,12.288955688476562
dump_bin_bigbin,demo_randomized,base,strict_paired_manifest,18,9361038,5f802356adfe5c0859cc9d0a289c0f0a3a76d4ee,1,3,0.250324010848999,13.371344566345215
dump_bin_bigbin,demo_randomized,base,strict_paired_manifest,19,9361039,d7823deffce050fce85f3689bbaedd4c110c03bf,1,3,0.2505013942718506,12.498664855957031
dump_bin_bigbin,demo_randomized,ahs,strict_paired_manifest,0,9361000,d208f6ddb96e0dfdf66fe8656fdd3efac5c3703f,0,25,7.095040321350098,68.11219024658203
dump_bin_bigbin,demo_randomized,ahs,strict_paired_manifest,1,9361002,773f30ce88c5f0b45412262987a3559ad15e77e9,0,23,1.937537670135498,50.462860107421875
dump_bin_bigbin,demo_randomized,ahs,strict_paired_manifest,2,9361003,89abe8d2be3ef6e8488880d83176fa3b7de27206,1,4,0.3387014865875244,13.28024673461914
dump_bin_bigbin,demo_randomized,ahs,strict_paired_manifest,3,9361004,5f7c168ca51d43f3ddf921bf3aed39892103fa86,1,6,0.5064220428466797,11.747764587402344
dump_bin_bigbin,demo_randomized,ahs,strict_paired_manifest,4,9361005,27808b3a6d946530fac73e5ba0b6497aa9bf263f,1,4,0.3347599506378174,10.980695724487305
dump_bin_bigbin,demo_randomized,ahs,strict_paired_manifest,5,9361007,810ea66ce46b535bd2b50006d9e38ca4af248524,1,11,0.9310426712036133,29.558687210083008
dump_bin_bigbin,demo_randomized,ahs,strict_paired_manifest,6,9361009,58d0cf21bff997320763472cb42fbed8f95877e1,1,5,0.4199538230895996,12.869148254394531
dump_bin_bigbin,demo_randomized,ahs,strict_paired_manifest,7,9361010,27808b3a6d946530fac73e5ba0b6497aa9bf263f,1,11,0.9257688522338867,28.471805572509766
dump_bin_bigbin,demo_randomized,ahs,strict_paired_manifest,8,9361011,c2af423cfe8ab0c4d965aa26d0028acad7410dbf,0,21,1.7639861106872559,49.06644058227539
dump_bin_bigbin,demo_randomized,ahs,strict_paired_manifest,9,9361012,cd679758e999368b670a46c4419fd6a1c01b0b8f,1,11,0.9265408515930176,27.280826568603516
dump_bin_bigbin,demo_randomized,ahs,strict_paired_manifest,10,9361013,a0c3faa34e76fc5f2eeafe9eaf94cdc367ca27fd,1,5,0.42156553268432617,13.591907501220703
dump_bin_bigbin,demo_randomized,ahs,strict_paired_manifest,11,9361019,dfba2b0d7bc3c8b723e3f10a288c36890b5d52e7,0,21,1.7677052021026611,44.83415222167969
dump_bin_bigbin,demo_randomized,ahs,strict_paired_manifest,12,9361020,3177a510394aa34f0487ce9a728988cdf4495e16,1,4,0.33933472633361816,10.555795669555664
dump_bin_bigbin,demo_randomized,ahs,strict_paired_manifest,13,9361021,6d80dfec60b61a79461e70668e7d71094b5a5b51,1,5,0.42197728157043457,10.860462188720703
dump_bin_bigbin,demo_randomized,ahs,strict_paired_manifest,14,9361025,1f02e38c55ee62e7f3dea167e88b923b17e4cfdd,1,11,0.9291472434997559,27.178607940673828
dump_bin_bigbin,demo_randomized,ahs,strict_paired_manifest,15,9361027,50cd245861b12d88d9dce6d87c6069ee5c5ce863,1,11,0.929063081741333,29.761152267456055
dump_bin_bigbin,demo_randomized,ahs,strict_paired_manifest,16,9361030,d208f6ddb96e0dfdf66fe8656fdd3efac5c3703f,1,11,0.9320175647735596,27.29657745361328
dump_bin_bigbin,demo_randomized,ahs,strict_paired_manifest,17,9361037,cb87a53594b922c2bebf20d55cdfb78212bd7bf6,1,6,0.5023608207702637,11.399876594543457
dump_bin_bigbin,demo_randomized,ahs,strict_paired_manifest,18,9361038,5f802356adfe5c0859cc9d0a289c0f0a3a76d4ee,0,23,1.9333152770996094,45.475730895996094
dump_bin_bigbin,demo_randomized,ahs,strict_paired_manifest,19,9361039,d7823deffce050fce85f3689bbaedd4c110c03bf,1,6,0.5049145221710205,11.752318382263184
grab_roller,demo_clean,base,strict_paired_manifest,0,9370000,72a21171a53eda697d1603e83f83231353674532,1,2,5.269674777984619,16.967363357543945
grab_roller,demo_clean,base,strict_paired_manifest,1,9370001,a28de2f427752937115a1a13baad46d9b277ba7f,1,2,0.16773152351379395,8.54254150390625
grab_roller,demo_clean,base,strict_paired_manifest,2,9370002,4c07b3360df0f2ff67beab774709b682b7dbb5c0,1,2,0.16648125648498535,8.934410095214844
grab_roller,demo_clean,base,strict_paired_manifest,3,9370003,10232635f481815ea050bb183d200744bcdf37e6,1,2,0.16673707962036133,8.511543273925781
grab_roller,demo_clean,base,strict_paired_manifest,4,9370005,afbcf915e24526ec39d622b5826114e96c3d906b,1,2,0.16657090187072754,8.732698440551758
grab_roller,demo_clean,base,strict_paired_manifest,5,9370006,5b20f70f013d4f66aa49e765e1890b2901ac1dbd,1,2,0.1703033447265625,12.056367874145508
grab_roller,demo_clean,base,strict_paired_manifest,6,9370007,1c49abcb844896baab201af5214d330305bfbd11,1,2,0.16604208946228027,8.90491771697998
grab_roller,demo_clean,base,strict_paired_manifest,7,9370008,9d17eb99f734b0b446da5ffe62a0c839b5a2769b,1,2,0.1686248779296875,8.703700065612793
grab_roller,demo_clean,base,strict_paired_manifest,8,9370009,72a21171a53eda697d1603e83f83231353674532,1,2,0.16729402542114258,8.679606437683105
grab_roller,demo_clean,base,strict_paired_manifest,9,9370010,72a21171a53eda697d1603e83f83231353674532,1,2,0.16699004173278809,8.652884483337402
grab_roller,demo_clean,base,strict_paired_manifest,10,9370011,aae2ea26f9c44862636b895a513abaa4d4abe67e,1,2,0.17235326766967773,11.59109878540039
grab_roller,demo_clean,base,strict_paired_manifest,11,9370012,993dacd536861fc68cdcb0bddf8ec599a97169f2,1,2,0.1663362979888916,8.75401496887207
grab_roller,demo_clean,base,strict_paired_manifest,12,9370013,1cc7d7fb0ffc1530a89a2111cc438cc05129b259,1,2,0.16728520393371582,8.11328125
grab_roller,demo_clean,base,strict_paired_manifest,13,9370014,842bb5000957f0408564f9628c959e07a02815fb,1,2,0.16815924644470215,8.729060173034668
grab_roller,demo_clean,base,strict_paired_manifest,14,9370015,13468ebdda077f529aa7bbdad961671dcd2e99d1,1,3,0.25117063522338867,12.75645637512207
grab_roller,demo_clean,base,strict_paired_manifest,15,9370016,4c07b3360df0f2ff67beab774709b682b7dbb5c0,1,3,0.2593975067138672,15.443334579467773
grab_roller,demo_clean,base,strict_paired_manifest,16,9370017,72a21171a53eda697d1603e83f83231353674532,1,2,0.16809296607971191,8.951225280761719
grab_roller,demo_clean,base,strict_paired_manifest,17,9370018,aae2ea26f9c44862636b895a513abaa4d4abe67e,1,2,0.16758990287780762,8.611502647399902
grab_roller,demo_clean,base,strict_paired_manifest,18,9370019,27a529c1ecfe006d76c3d86048d66dde5ba29ac4,1,2,0.16763830184936523,8.727252006530762
grab_roller,demo_clean,base,strict_paired_manifest,19,9370020,3b83441f50f04937f5746c60ea7f1d582a47cd2d,1,2,0.1663954257965088,8.641372680664062
grab_roller,demo_clean,ahs,strict_paired_manifest,0,9370000,72a21171a53eda697d1603e83f83231353674532,1,4,5.330991744995117,16.5247859954834
grab_roller,demo_clean,ahs,strict_paired_manifest,1,9370001,a28de2f427752937115a1a13baad46d9b277ba7f,1,3,0.2543938159942627,8.26995849609375
grab_roller,demo_clean,ahs,strict_paired_manifest,2,9370002,4c07b3360df0f2ff67beab774709b682b7dbb5c0,1,4,0.33350515365600586,8.92756175994873
grab_roller,demo_clean,ahs,strict_paired_manifest,3,9370003,10232635f481815ea050bb183d200744bcdf37e6,1,5,0.4205505847930908,9.078375816345215
grab_roller,demo_clean,ahs,strict_paired_manifest,4,9370005,afbcf915e24526ec39d622b5826114e96c3d906b,1,4,0.3358139991760254,8.259706497192383
grab_roller,demo_clean,ahs,strict_paired_manifest,5,9370006,5b20f70f013d4f66aa49e765e1890b2901ac1dbd,1,3,0.257004976272583,12.121323585510254
grab_roller,demo_clean,ahs,strict_paired_manifest,6,9370007,1c49abcb844896baab201af5214d330305bfbd11,1,4,0.3398256301879883,8.679580688476562
grab_roller,demo_clean,ahs,strict_paired_manifest,7,9370008,9d17eb99f734b0b446da5ffe62a0c839b5a2769b,1,3,0.25045013427734375,7.860996246337891
grab_roller,demo_clean,ahs,strict_paired_manifest,8,9370009,72a21171a53eda697d1603e83f83231353674532,1,4,0.33567166328430176,8.520947456359863
grab_roller,demo_clean,ahs,strict_paired_manifest,9,9370010,72a21171a53eda697d1603e83f83231353674532,1,5,0.42223262786865234,9.173267364501953
grab_roller,demo_clean,ahs,strict_paired_manifest,10,9370011,aae2ea26f9c44862636b895a513abaa4d4abe67e,1,5,0.4256596565246582,12.896829605102539
grab_roller,demo_clean,ahs,strict_paired_manifest,11,9370012,993dacd536861fc68cdcb0bddf8ec599a97169f2,1,4,0.33523988723754883,9.49234390258789
grab_roller,demo_clean,ahs,strict_paired_manifest,12,9370013,1cc7d7fb0ffc1530a89a2111cc438cc05129b259,1,4,0.33668017387390137,8.28218936920166
grab_roller,demo_clean,ahs,strict_paired_manifest,13,9370014,842bb5000957f0408564f9628c959e07a02815fb,1,4,0.33720970153808594,8.698145866394043
grab_roller,demo_clean,ahs,strict_paired_manifest,14,9370015,13468ebdda077f529aa7bbdad961671dcd2e99d1,1,4,0.3359215259552002,9.034393310546875
grab_roller,demo_clean,ahs,strict_paired_manifest,15,9370016,4c07b3360df0f2ff67beab774709b682b7dbb5c0,1,4,0.3455643653869629,11.421148300170898
grab_roller,demo_clean,ahs,strict_paired_manifest,16,9370017,72a21171a53eda697d1603e83f83231353674532,1,5,0.4200592041015625,10.025224685668945
grab_roller,demo_clean,ahs,strict_paired_manifest,17,9370018,aae2ea26f9c44862636b895a513abaa4d4abe67e,1,5,0.4186668395996094,9.975379943847656
grab_roller,demo_clean,ahs,strict_paired_manifest,18,9370019,27a529c1ecfe006d76c3d86048d66dde5ba29ac4,1,4,0.3362765312194824,8.411456108093262
grab_roller,demo_clean,ahs,strict_paired_manifest,19,9370020,3b83441f50f04937f5746c60ea7f1d582a47cd2d,1,4,0.3365509510040283,8.194862365722656
grab_roller,demo_randomized,base,unpaired_fallback,0,1230100000,10232635f481815ea050bb183d200744bcdf37e6,0,8,6.098471641540527,47.294612884521484
grab_roller,demo_randomized,base,unpaired_fallback,1,1230100001,4c07b3360df0f2ff67beab774709b682b7dbb5c0,1,2,0.18178606033325195,11.307875633239746
grab_roller,demo_randomized,base,unpaired_fallback,2,1230100002,77efa62553d6ba5731ff0406e61d710307d00f5b,1,2,0.1799004077911377,11.52381706237793
grab_roller,demo_randomized,base,unpaired_fallback,3,1230100003,5d05e354e599b9dc41fb07421e32d9b249972ce5,0,8,0.715416669845581,36.65953826904297
grab_roller,demo_randomized,base,unpaired_fallback,4,1230100004,7a2a59b22a4503f3c525434677aa364a58184ed5,1,2,0.18243622779846191,14.891023635864258
grab_roller,demo_randomized,base,unpaired_fallback,5,1230100005,287674df9799a6e5e66a4740ff01d8d7edcfecde,1,2,0.17681026458740234,11.208732604980469
grab_roller,demo_randomized,base,unpaired_fallback,6,1230100006,de5e18a11fd146aa8eb933728cceabf223e2a558,1,2,0.18162846565246582,11.42644214630127
grab_roller,demo_randomized,base,unpaired_fallback,7,1230100007,f62100ea2f33354d75fb8aeef692d9b1a6b30638,1,2,0.1740283966064453,10.844888687133789
grab_roller,demo_randomized,base,unpaired_fallback,8,1230100008,de5e18a11fd146aa8eb933728cceabf223e2a558,1,2,0.17659544944763184,10.672855377197266
grab_roller,demo_randomized,base,unpaired_fallback,9,1230100009,9d17eb99f734b0b446da5ffe62a0c839b5a2769b,1,2,0.18286490440368652,14.178523063659668
grab_roller,demo_randomized,base,unpaired_fallback,10,1230100010,e287e68a5b383a0345e3333ee0122f0ca0dc3c15,1,2,0.18247127532958984,11.654472351074219
grab_roller,demo_randomized,base,unpaired_fallback,11,1230100012,3089ad69df55aa46d4c880c8ec2c4b8c2af19b08,1,2,0.17956209182739258,10.808270454406738
grab_roller,demo_randomized,base,unpaired_fallback,12,1230100013,de41c909f7a0542a7e1caeab71ba7d86d28fae78,1,2,0.1794579029083252,10.980710983276367
grab_roller,demo_randomized,base,unpaired_fallback,13,1230100014,1cc7d7fb0ffc1530a89a2111cc438cc05129b259,1,2,0.1769707202911377,11.353775024414062
grab_roller,demo_randomized,base,unpaired_fallback,14,1230100015,f6d22bd872fd6ff728f63489bba6532b1ec941c5,1,2,0.18284273147583008,14.056121826171875
grab_roller,demo_randomized,base,unpaired_fallback,15,1230100016,27a529c1ecfe006d76c3d86048d66dde5ba29ac4,1,2,0.18341612815856934,10.936742782592773
grab_roller,demo_randomized,base,unpaired_fallback,16,1230100017,1c49abcb844896baab201af5214d330305bfbd11,1,2,0.17748403549194336,11.424878120422363
grab_roller,demo_randomized,base,unpaired_fallback,17,1230100018,2e2a0f28e7e1db3d2e29608b143b97f9f1e262c3,1,2,0.17848467826843262,10.706615447998047
grab_roller,demo_randomized,base,unpaired_fallback,18,1230100019,1c49abcb844896baab201af5214d330305bfbd11,1,2,0.17519187927246094,11.033830642700195
grab_roller,demo_randomized,base,unpaired_fallback,19,1230100022,993dacd536861fc68cdcb0bddf8ec599a97169f2,1,2,0.18837285041809082,14.41773796081543
grab_roller,demo_randomized,ahs,unpaired_fallback,0,1231100001,7a2a59b22a4503f3c525434677aa364a58184ed5,1,5,5.750589370727539,19.66320037841797
grab_roller,demo_randomized,ahs,unpaired_fallback,1,1231100002,1c49abcb844896baab201af5214d330305bfbd11,1,4,0.36279821395874023,11.726164817810059
grab_roller,demo_randomized,ahs,unpaired_fallback,2,1231100003,aae2ea26f9c44862636b895a513abaa4d4abe67e,1,5,0.44831156730651855,11.962503433227539
grab_roller,demo_randomized,ahs,unpaired_fallback,3,1231100004,7a2a59b22a4503f3c525434677aa364a58184ed5,1,5,0.4566335678100586,14.093316078186035
grab_roller,demo_randomized,ahs,unpaired_fallback,4,1231100005,7a2a59b22a4503f3c525434677aa364a58184ed5,1,5,0.457324743270874,16.627546310424805
grab_roller,demo_randomized,ahs,unpaired_fallback,5,1231100006,3822730af8df38b17723f376d473652d3c773ec0,1,5,0.4519038200378418,11.664491653442383
grab_roller,demo_randomized,ahs,unpaired_fallback,6,1231100007,7a2a59b22a4503f3c525434677aa364a58184ed5,1,4,0.36722755432128906,11.349176406860352
grab_roller,demo_randomized,ahs,unpaired_fallback,7,1231100008,993dacd536861fc68cdcb0bddf8ec599a97169f2,1,4,0.3564310073852539,11.127017974853516
grab_roller,demo_randomized,ahs,unpaired_fallback,8,1231100011,3b83441f50f04937f5746c60ea7f1d582a47cd2d,0,16,1.4144630432128906,40.232486724853516
grab_roller,demo_randomized,ahs,unpaired_fallback,9,1231100013,e287e68a5b383a0345e3333ee0122f0ca0dc3c15,0,16,1.4285295009613037,41.816532135009766
grab_roller,demo_randomized,ahs,unpaired_fallback,10,1231100014,360b797f721ebc931b675f879e580caebdf9d0b7,1,4,0.3573014736175537,10.108226776123047
grab_roller,demo_randomized,ahs,unpaired_fallback,11,1231100015,9d17eb99f734b0b446da5ffe62a0c839b5a2769b,1,4,0.3629324436187744,10.950874328613281
grab_roller,demo_randomized,ahs,unpaired_fallback,12,1231100016,287674df9799a6e5e66a4740ff01d8d7edcfecde,1,5,0.45206713676452637,11.277436256408691
grab_roller,demo_randomized,ahs,unpaired_fallback,13,1231100017,8d80b2e640f52c2f7d342062162088fc32f9c9bf,1,5,0.4485182762145996,11.680456161499023
grab_roller,demo_randomized,ahs,unpaired_fallback,14,1231100018,72a21171a53eda697d1603e83f83231353674532,1,4,0.36481595039367676,13.809115409851074
grab_roller,demo_randomized,ahs,unpaired_fallback,15,1231100019,23944a939814422beb7d682fecab9ac5138292c2,1,4,0.3601257801055908,10.116350173950195
grab_roller,demo_randomized,ahs,unpaired_fallback,16,1231100021,45478afe3111f67d38c8c8c64717f3dbb6f83183,1,4,0.3647129535675049,12.27878189086914
grab_roller,demo_randomized,ahs,unpaired_fallback,17,1231100022,aae2ea26f9c44862636b895a513abaa4d4abe67e,1,4,0.3606412410736084,10.75346565246582
grab_roller,demo_randomized,ahs,unpaired_fallback,18,1231100023,3b83441f50f04937f5746c60ea7f1d582a47cd2d,1,4,0.35572338104248047,11.204516410827637
grab_roller,demo_randomized,ahs,unpaired_fallback,19,1231100024,77efa62553d6ba5731ff0406e61d710307d00f5b,1,4,0.3663976192474365,13.293939590454102
handover_block,demo_clean,base,strict_paired_manifest,0,9380000,a23907577782daadbc8759f3a40d18c757f27ad4,1,6,5.588155746459961,30.9625244140625
handover_block,demo_clean,base,strict_paired_manifest,1,9380001,a23907577782daadbc8759f3a40d18c757f27ad4,0,16,1.3368477821350098,58.54486083984375
handover_block,demo_clean,base,strict_paired_manifest,2,9380002,1d1daad0b5ddaf631c09d7690f74960e793d5302,1,6,0.5007247924804688,23.02363395690918
handover_block,demo_clean,base,strict_paired_manifest,3,9380003,a23907577782daadbc8759f3a40d18c757f27ad4,1,6,0.5004293918609619,23.365249633789062
handover_block,demo_clean,base,strict_paired_manifest,4,9380004,3312b47974c190bb1b6215e7bfcf5ca0f2ed944b,0,16,1.3370163440704346,63.450801849365234
handover_block,demo_clean,base,strict_paired_manifest,5,9380005,70681dcb211d2a4cc6f1ffa8255a90a38fb549ab,1,6,0.5044436454772949,25.654176712036133
handover_block,demo_clean,base,strict_paired_manifest,6,9380006,a23907577782daadbc8759f3a40d18c757f27ad4,1,6,0.49905896186828613,23.10938835144043
handover_block,demo_clean,base,strict_paired_manifest,7,9380007,a23907577782daadbc8759f3a40d18c757f27ad4,1,6,0.5000951290130615,23.035614013671875
handover_block,demo_clean,base,strict_paired_manifest,8,9380008,3312b47974c190bb1b6215e7bfcf5ca0f2ed944b,0,16,1.3378829956054688,63.99238586425781
handover_block,demo_clean,base,strict_paired_manifest,9,9380009,2eeee78ab0d1ef00334abb2f0d0446c06f8f982e,1,6,0.5020015239715576,22.942148208618164
handover_block,demo_clean,base,strict_paired_manifest,10,9380010,5fe5c0ab06bd5350ae174e5f3443818848357fa4,1,6,0.5077052116394043,26.359220504760742
handover_block,demo_clean,base,strict_paired_manifest,11,9380011,3312b47974c190bb1b6215e7bfcf5ca0f2ed944b,0,16,1.3400073051452637,59.99993896484375
handover_block,demo_clean,base,strict_paired_manifest,12,9380012,3312b47974c190bb1b6215e7bfcf5ca0f2ed944b,1,7,0.5878715515136719,27.689952850341797
handover_block,demo_clean,base,strict_paired_manifest,13,9380013,1d1daad0b5ddaf631c09d7690f74960e793d5302,1,6,0.4991123676300049,23.188323974609375
handover_block,demo_clean,base,strict_paired_manifest,14,9380014,9e443ff79946ce359f4f1c0e82be3903f3e472cc,1,6,0.5015237331390381,23.202119827270508
handover_block,demo_clean,base,strict_paired_manifest,15,9380015,5fe5c0ab06bd5350ae174e5f3443818848357fa4,0,16,1.3395380973815918,62.10342025756836
handover_block,demo_clean,base,strict_paired_manifest,16,9380016,9e443ff79946ce359f4f1c0e82be3903f3e472cc,1,6,0.5028796195983887,23.565275192260742
handover_block,demo_clean,base,strict_paired_manifest,17,9380017,70681dcb211d2a4cc6f1ffa8255a90a38fb549ab,0,16,1.339911699295044,59.904701232910156
handover_block,demo_clean,base,strict_paired_manifest,18,9380018,2eeee78ab0d1ef00334abb2f0d0446c06f8f982e,1,6,0.5022969245910645,22.76413345336914
handover_block,demo_clean,base,strict_paired_manifest,19,9380019,5fe5c0ab06bd5350ae174e5f3443818848357fa4,0,16,1.3417503833770752,63.46509552001953
handover_block,demo_clean,ahs,strict_paired_manifest,0,9380000,a23907577782daadbc8759f3a40d18c757f27ad4,1,10,5.704685211181641,29.874601364135742
handover_block,demo_clean,ahs,strict_paired_manifest,1,9380001,a23907577782daadbc8759f3a40d18c757f27ad4,0,33,2.774420738220215,61.65507888793945
handover_block,demo_clean,ahs,strict_paired_manifest,2,9380002,1d1daad0b5ddaf631c09d7690f74960e793d5302,1,11,0.9239985942840576,22.181238174438477
handover_block,demo_clean,ahs,strict_paired_manifest,3,9380003,a23907577782daadbc8759f3a40d18c757f27ad4,1,11,0.923816442489624,24.673542022705078
handover_block,demo_clean,ahs,strict_paired_manifest,4,9380004,3312b47974c190bb1b6215e7bfcf5ca0f2ed944b,1,10,0.8385183811187744,22.176984786987305
handover_block,demo_clean,ahs,strict_paired_manifest,5,9380005,70681dcb211d2a4cc6f1ffa8255a90a38fb549ab,0,33,2.7828071117401123,62.730194091796875
handover_block,demo_clean,ahs,strict_paired_manifest,6,9380006,a23907577782daadbc8759f3a40d18c757f27ad4,0,32,2.7062735557556152,60.51253128051758
handover_block,demo_clean,ahs,strict_paired_manifest,7,9380007,a23907577782daadbc8759f3a40d18c757f27ad4,1,12,1.0100674629211426,23.46164894104004
handover_block,demo_clean,ahs,strict_paired_manifest,8,9380008,3312b47974c190bb1b6215e7bfcf5ca0f2ed944b,0,34,2.8671114444732666,65.82006072998047
handover_block,demo_clean,ahs,strict_paired_manifest,9,9380009,2eeee78ab0d1ef00334abb2f0d0446c06f8f982e,1,11,0.9272232055664062,22.313180923461914
handover_block,demo_clean,ahs,strict_paired_manifest,10,9380010,5fe5c0ab06bd5350ae174e5f3443818848357fa4,0,34,2.864339590072632,65.19205474853516
handover_block,demo_clean,ahs,strict_paired_manifest,11,9380011,3312b47974c190bb1b6215e7bfcf5ca0f2ed944b,1,13,1.0933411121368408,24.383346557617188
handover_block,demo_clean,ahs,strict_paired_manifest,12,9380012,3312b47974c190bb1b6215e7bfcf5ca0f2ed944b,1,11,0.9304578304290771,21.606754302978516
handover_block,demo_clean,ahs,strict_paired_manifest,13,9380013,1d1daad0b5ddaf631c09d7690f74960e793d5302,1,11,0.9235846996307373,21.846973419189453
handover_block,demo_clean,ahs,strict_paired_manifest,14,9380014,9e443ff79946ce359f4f1c0e82be3903f3e472cc,1,11,0.9243404865264893,22.128028869628906
handover_block,demo_clean,ahs,strict_paired_manifest,15,9380015,5fe5c0ab06bd5350ae174e5f3443818848357fa4,1,13,1.09395170211792,26.970314025878906
handover_block,demo_clean,ahs,strict_paired_manifest,16,9380016,9e443ff79946ce359f4f1c0e82be3903f3e472cc,1,11,0.9272339344024658,24.38215446472168
handover_block,demo_clean,ahs,strict_paired_manifest,17,9380017,70681dcb211d2a4cc6f1ffa8255a90a38fb549ab,0,33,2.782113552093506,65.53289031982422
handover_block,demo_clean,ahs,strict_paired_manifest,18,9380018,2eeee78ab0d1ef00334abb2f0d0446c06f8f982e,1,10,0.8470067977905273,20.988412857055664
handover_block,demo_clean,ahs,strict_paired_manifest,19,9380019,5fe5c0ab06bd5350ae174e5f3443818848357fa4,0,36,3.043412923812866,66.43509674072266
handover_block,demo_randomized,base,unpaired_fallback,0,1234100000,9e443ff79946ce359f4f1c0e82be3903f3e472cc,0,16,6.484290599822998,83.5177993774414
handover_block,demo_randomized,base,unpaired_fallback,1,1234100002,a23907577782daadbc8759f3a40d18c757f27ad4,0,16,1.4213707447052002,73.92369079589844
handover_block,demo_randomized,base,unpaired_fallback,2,1234100003,06648c9c1972bfdc7653251e90236a4d0483b324,0,16,1.4237785339355469,80.67205047607422
handover_block,demo_randomized,base,unpaired_fallback,3,1234100004,a23907577782daadbc8759f3a40d18c757f27ad4,1,6,0.5342421531677246,29.812175750732422
handover_block,demo_randomized,base,unpaired_fallback,4,1234100005,a23907577782daadbc8759f3a40d18c757f27ad4,1,6,0.5456075668334961,33.71282958984375
handover_block,demo_randomized,base,unpaired_fallback,5,1234100008,a23907577782daadbc8759f3a40d18c757f27ad4,0,16,1.4344840049743652,76.9417495727539
handover_block,demo_randomized,base,unpaired_fallback,6,1234100009,a23907577782daadbc8759f3a40d18c757f27ad4,0,16,1.418731927871704,72.5149154663086
handover_block,demo_randomized,base,unpaired_fallback,7,1234100010,70681dcb211d2a4cc6f1ffa8255a90a38fb549ab,0,16,1.4122169017791748,82.92196655273438
handover_block,demo_randomized,base,unpaired_fallback,8,1234100011,1d1daad0b5ddaf631c09d7690f74960e793d5302,0,16,1.4278590679168701,79.49190521240234
handover_block,demo_randomized,base,unpaired_fallback,9,1234100012,5fe5c0ab06bd5350ae174e5f3443818848357fa4,0,16,1.4408366680145264,78.24544525146484
handover_block,demo_randomized,base,unpaired_fallback,10,1234100013,5fe5c0ab06bd5350ae174e5f3443818848357fa4,0,16,1.417504072189331,75.172119140625
handover_block,demo_randomized,base,unpaired_fallback,11,1234100014,a23907577782daadbc8759f3a40d18c757f27ad4,0,16,1.4317290782928467,71.16312408447266
handover_block,demo_randomized,base,unpaired_fallback,12,1234100015,06648c9c1972bfdc7653251e90236a4d0483b324,0,16,1.4320154190063477,74.9788589477539
handover_block,demo_randomized,base,unpaired_fallback,13,1234100017,9e443ff79946ce359f4f1c0e82be3903f3e472cc,0,16,1.4308204650878906,76.9406509399414
handover_block,demo_randomized,base,unpaired_fallback,14,1234100018,a23907577782daadbc8759f3a40d18c757f27ad4,0,16,1.4442083835601807,77.23735809326172
handover_block,demo_randomized,base,unpaired_fallback,15,1234100019,9e443ff79946ce359f4f1c0e82be3903f3e472cc,0,16,1.427598476409912,73.67073822021484
handover_block,demo_randomized,base,unpaired_fallback,16,1234100020,1d1daad0b5ddaf631c09d7690f74960e793d5302,0,16,1.4164152145385742,77.75955963134766
handover_block,demo_randomized,base,unpaired_fallback,17,1234100022,70681dcb211d2a4cc6f1ffa8255a90a38fb549ab,0,16,1.4265782833099365,81.52729797363281
handover_block,demo_randomized,base,unpaired_fallback,18,1234100023,a23907577782daadbc8759f3a40d18c757f27ad4,0,16,1.438539743423462,77.8321533203125
handover_block,demo_randomized,base,unpaired_fallback,19,1234100024,a23907577782daadbc8759f3a40d18c757f27ad4,0,16,1.4396114349365234,78.89082336425781
handover_block,demo_randomized,ahs,unpaired_fallback,0,1235100000,a23907577782daadbc8759f3a40d18c757f27ad4,0,32,7.950089454650879,87.75167846679688
handover_block,demo_randomized,ahs,unpaired_fallback,1,1235100002,06648c9c1972bfdc7653251e90236a4d0483b324,1,10,0.9127485752105713,27.955419540405273
handover_block,demo_randomized,ahs,unpaired_fallback,2,1235100005,5fe5c0ab06bd5350ae174e5f3443818848357fa4,0,33,2.974635601043701,81.3742446899414
handover_block,demo_randomized,ahs,unpaired_fallback,3,1235100006,2eeee78ab0d1ef00334abb2f0d0446c06f8f982e,0,34,3.073174476623535,81.29591369628906
handover_block,demo_randomized,ahs,unpaired_fallback,4,1235100007,1d1daad0b5ddaf631c09d7690f74960e793d5302,0,31,2.811262845993042,82.12517547607422
handover_block,demo_randomized,ahs,unpaired_fallback,5,1235100008,9e443ff79946ce359f4f1c0e82be3903f3e472cc,0,28,2.5315334796905518,82.3847885131836
handover_block,demo_randomized,ahs,unpaired_fallback,6,1235100010,1d1daad0b5ddaf631c09d7690f74960e793d5302,1,11,1.0001401901245117,28.88060188293457
handover_block,demo_randomized,ahs,unpaired_fallback,7,1235100011,9e443ff79946ce359f4f1c0e82be3903f3e472cc,0,31,2.816455602645874,77.02449035644531
handover_block,demo_randomized,ahs,unpaired_fallback,8,1235100012,06648c9c1972bfdc7653251e90236a4d0483b324,1,12,1.0818476676940918,31.70680046081543
handover_block,demo_randomized,ahs,unpaired_fallback,9,1235100013,1d1daad0b5ddaf631c09d7690f74960e793d5302,0,34,3.0648841857910156,83.91738891601562
handover_block,demo_randomized,ahs,unpaired_fallback,10,1235100014,af6e05bc0a25dadea4c4049fedc05ad2fbfdb38d,0,35,3.178180456161499,82.36561584472656
handover_block,demo_randomized,ahs,unpaired_fallback,11,1235100015,3312b47974c190bb1b6215e7bfcf5ca0f2ed944b,0,34,3.0728752613067627,80.50411987304688
handover_block,demo_randomized,ahs,unpaired_fallback,12,1235100016,5fe5c0ab06bd5350ae174e5f3443818848357fa4,0,34,3.07177734375,80.78244018554688
handover_block,demo_randomized,ahs,unpaired_fallback,13,1235100017,06648c9c1972bfdc7653251e90236a4d0483b324,0,31,2.795358180999756,77.54080963134766
handover_block,demo_randomized,ahs,unpaired_fallback,14,1235100018,a23907577782daadbc8759f3a40d18c757f27ad4,1,13,1.1705007553100586,39.72241973876953
handover_block,demo_randomized,ahs,unpaired_fallback,15,1235100020,3312b47974c190bb1b6215e7bfcf5ca0f2ed944b,1,12,1.0955052375793457,27.97410774230957
handover_block,demo_randomized,ahs,unpaired_fallback,16,1235100021,5fe5c0ab06bd5350ae174e5f3443818848357fa4,0,32,2.8933537006378174,82.4718017578125
handover_block,demo_randomized,ahs,unpaired_fallback,17,1235100023,1d1daad0b5ddaf631c09d7690f74960e793d5302,1,11,0.9973428249359131,30.47368621826172
handover_block,demo_randomized,ahs,unpaired_fallback,18,1235100024,5fe5c0ab06bd5350ae174e5f3443818848357fa4,0,35,3.1465959548950195,78.7757339477539
handover_block,demo_randomized,ahs,unpaired_fallback,19,1235100025,3312b47974c190bb1b6215e7bfcf5ca0f2ed944b,1,12,1.0839874744415283,32.75363540649414
handover_mic,demo_clean,base,strict_paired_manifest,0,9390000,e4382589ca33f7b2d144555efe95be262efcb93e,1,4,5.448163032531738,25.06247901916504
handover_mic,demo_clean,base,strict_paired_manifest,1,9390001,cc017576454a3130271fca451d051d06e1540886,1,5,0.428973913192749,21.686424255371094
handover_mic,demo_clean,base,strict_paired_manifest,2,9390002,e26fe9bd566cef3781b9dbf08024500e6b30c850,1,5,0.4223806858062744,19.8367862701416
handover_mic,demo_clean,base,strict_paired_manifest,3,9390003,9e2e45811f99d6e744cbad612f13fd719308b865,1,5,0.4285433292388916,20.022878646850586
handover_mic,demo_clean,base,strict_paired_manifest,4,9390004,50f534b2b40ba9fc3c72f63b7621d815adbdc7cf,1,5,0.4156763553619385,21.051918029785156
handover_mic,demo_clean,base,strict_paired_manifest,5,9390005,fb7e20a3a3f98bfd165a87697df89890cc68398c,1,7,0.6088268756866455,32.86835479736328
handover_mic,demo_clean,base,strict_paired_manifest,6,9390006,d187aa8f3dfb8adde4bbe0f824e3a77358ea96eb,1,4,0.3410346508026123,18.12494659423828
handover_mic,demo_clean,base,strict_paired_manifest,7,9390007,371e1c21b227a640baf380af64020bf0ec054a40,1,5,0.4174344539642334,21.128273010253906
handover_mic,demo_clean,base,strict_paired_manifest,8,9390008,de0cc12263aa32aab1b0ae995f58a81acb8eb192,1,4,0.33235907554626465,18.340890884399414
handover_mic,demo_clean,base,strict_paired_manifest,9,9390009,e0d1231fed9fe30462272106a7fb97cc73d78a48,1,5,0.4164860248565674,19.714950561523438
handover_mic,demo_clean,base,strict_paired_manifest,10,9390010,fb7e20a3a3f98bfd165a87697df89890cc68398c,1,4,0.3343946933746338,20.9656982421875
handover_mic,demo_clean,base,strict_paired_manifest,11,9390011,aaebc0d016d3d39c713671606a42ea1a68a401f7,1,4,0.3402695655822754,17.07337760925293
handover_mic,demo_clean,base,strict_paired_manifest,12,9390012,371e1c21b227a640baf380af64020bf0ec054a40,1,4,0.341094970703125,18.27020263671875
handover_mic,demo_clean,base,strict_paired_manifest,13,9390013,5d8c4e22f2ec48e5208127f2c60085584f04d0d8,1,5,0.4156010150909424,20.464258193969727
handover_mic,demo_clean,base,strict_paired_manifest,14,9390014,484fd9afd99b8a14c7bb4dc32e61063b23b107af,1,5,0.4274466037750244,20.09313201904297
handover_mic,demo_clean,base,strict_paired_manifest,15,9390015,bebea6cddc99b25db55801266ada880c5c85f9da,1,4,0.3374814987182617,19.86414337158203
handover_mic,demo_clean,base,strict_paired_manifest,16,9390016,d187aa8f3dfb8adde4bbe0f824e3a77358ea96eb,1,4,0.34597301483154297,18.488710403442383
handover_mic,demo_clean,base,strict_paired_manifest,17,9390017,e0d1231fed9fe30462272106a7fb97cc73d78a48,1,5,0.4224116802215576,19.94253158569336
handover_mic,demo_clean,base,strict_paired_manifest,18,9390018,2b7b0096091c6a3a5e5657115d2873510b75e4a7,1,5,0.4203617572784424,20.383056640625
handover_mic,demo_clean,base,strict_paired_manifest,19,9390019,e87b392ab4c55ac056d4f40b7e06b64038cf4733,1,5,0.4351496696472168,20.456113815307617
handover_mic,demo_clean,ahs,strict_paired_manifest,0,9390000,e4382589ca33f7b2d144555efe95be262efcb93e,1,8,5.768465042114258,25.69150161743164
handover_mic,demo_clean,ahs,strict_paired_manifest,1,9390001,cc017576454a3130271fca451d051d06e1540886,1,10,0.8523807525634766,20.75064468383789
handover_mic,demo_clean,ahs,strict_paired_manifest,2,9390002,e26fe9bd566cef3781b9dbf08024500e6b30c850,1,10,0.8512122631072998,19.61239242553711
handover_mic,demo_clean,ahs,strict_paired_manifest,3,9390003,9e2e45811f99d6e744cbad612f13fd719308b865,1,10,0.8526821136474609,19.587953567504883
handover_mic,demo_clean,ahs,strict_paired_manifest,4,9390004,50f534b2b40ba9fc3c72f63b7621d815adbdc7cf,1,10,0.8498883247375488,21.307157516479492
handover_mic,demo_clean,ahs,strict_paired_manifest,5,9390005,fb7e20a3a3f98bfd165a87697df89890cc68398c,1,8,0.6814463138580322,22.96379852294922
handover_mic,demo_clean,ahs,strict_paired_manifest,6,9390006,d187aa8f3dfb8adde4bbe0f824e3a77358ea96eb,1,9,0.7658333778381348,20.262903213500977
handover_mic,demo_clean,ahs,strict_paired_manifest,7,9390007,371e1c21b227a640baf380af64020bf0ec054a40,1,11,0.9357004165649414,23.785202026367188
handover_mic,demo_clean,ahs,strict_paired_manifest,8,9390008,de0cc12263aa32aab1b0ae995f58a81acb8eb192,1,9,0.7577404975891113,19.451648712158203
handover_mic,demo_clean,ahs,strict_paired_manifest,9,9390009,e0d1231fed9fe30462272106a7fb97cc73d78a48,1,7,0.5950424671173096,17.16383171081543
handover_mic,demo_clean,ahs,strict_paired_manifest,10,9390010,fb7e20a3a3f98bfd165a87697df89890cc68398c,1,7,0.5908987522125244,20.42885398864746
handover_mic,demo_clean,ahs,strict_paired_manifest,11,9390011,aaebc0d016d3d39c713671606a42ea1a68a401f7,1,8,0.6705710887908936,17.542495727539062
handover_mic,demo_clean,ahs,strict_paired_manifest,12,9390012,371e1c21b227a640baf380af64020bf0ec054a40,1,9,0.7588181495666504,19.416547775268555
handover_mic,demo_clean,ahs,strict_paired_manifest,13,9390013,5d8c4e22f2ec48e5208127f2c60085584f04d0d8,1,8,0.6738801002502441,17.929092407226562
handover_mic,demo_clean,ahs,strict_paired_manifest,14,9390014,484fd9afd99b8a14c7bb4dc32e61063b23b107af,1,8,0.6797325611114502,17.93284034729004
handover_mic,demo_clean,ahs,strict_paired_manifest,15,9390015,bebea6cddc99b25db55801266ada880c5c85f9da,1,8,0.6759524345397949,20.477405548095703
handover_mic,demo_clean,ahs,strict_paired_manifest,16,9390016,d187aa8f3dfb8adde4bbe0f824e3a77358ea96eb,1,8,0.6709108352661133,18.877145767211914
handover_mic,demo_clean,ahs,strict_paired_manifest,17,9390017,e0d1231fed9fe30462272106a7fb97cc73d78a48,1,9,0.7548551559448242,17.51662254333496
handover_mic,demo_clean,ahs,strict_paired_manifest,18,9390018,2b7b0096091c6a3a5e5657115d2873510b75e4a7,1,8,0.6762514114379883,18.333600997924805
handover_mic,demo_clean,ahs,strict_paired_manifest,19,9390019,e87b392ab4c55ac056d4f40b7e06b64038cf4733,1,10,0.8395102024078369,18.202852249145508
handover_mic,demo_randomized,base,unpaired_fallback,0,1238100000,cc017576454a3130271fca451d051d06e1540886,0,12,6.275806427001953,74.34870910644531
handover_mic,demo_randomized,base,unpaired_fallback,1,1238100001,de0cc12263aa32aab1b0ae995f58a81acb8eb192,0,12,1.073934555053711,60.12678146362305
handover_mic,demo_randomized,base,unpaired_fallback,2,1238100002,c7044a2ee35644e96d8b1d9e63c3e1ff1815b5ac,0,12,1.0770559310913086,60.29716873168945
handover_mic,demo_randomized,base,unpaired_fallback,3,1238100005,c7044a2ee35644e96d8b1d9e63c3e1ff1815b5ac,0,12,1.07865571975708,59.9178352355957
handover_mic,demo_randomized,base,unpaired_fallback,4,1238100006,8be2cd55c8ba3b5cd89fa832e4f0ab8a1b863d1c,0,12,1.0792810916900635,66.87693786621094
handover_mic,demo_randomized,base,unpaired_fallback,5,1238100008,8d2573f6b5ab128e8e43539c9f6f7aa5b7734604,0,12,1.082040548324585,63.04707717895508
handover_mic,demo_randomized,base,unpaired_fallback,6,1238100009,77fd315aae94c86d249359e507ca397af4eef53e,0,12,1.0817391872406006,60.44871520996094
handover_mic,demo_randomized,base,unpaired_fallback,7,1238100010,61b2100ef062a857a328ae7dd0f1989c867c3abd,1,5,0.44772768020629883,23.008264541625977
handover_mic,demo_randomized,base,unpaired_fallback,8,1238100012,32c99376d80bf17e0314fa6be28499044b771a6c,1,4,0.3607370853424072,23.958078384399414
handover_mic,demo_randomized,base,unpaired_fallback,9,1238100014,22ce059a0966e3904e11c0f07f8aec0c402113e2,0,12,1.0712237358093262,64.24880981445312
handover_mic,demo_randomized,base,unpaired_fallback,10,1238100015,8d2573f6b5ab128e8e43539c9f6f7aa5b7734604,0,12,1.0742175579071045,59.70500183105469
handover_mic,demo_randomized,base,unpaired_fallback,11,1238100016,8d58e9c85839d30cf69ed78e8088b8f9c453bf3b,0,12,1.0728373527526855,61.66079330444336
handover_mic,demo_randomized,base,unpaired_fallback,12,1238100017,e4382589ca33f7b2d144555efe95be262efcb93e,0,12,1.0742666721343994,59.01055145263672
handover_mic,demo_randomized,base,unpaired_fallback,13,1238100018,4771a7240ba2a29a489c16a53035c59346babc85,0,12,1.0787174701690674,68.33734130859375
handover_mic,demo_randomized,base,unpaired_fallback,14,1238100019,85ff839a4d572abb2093e82b9894e0e5edfd01c8,0,12,1.0743184089660645,64.46961212158203
handover_mic,demo_randomized,base,unpaired_fallback,15,1238100020,b55a9b350825445d3f24c636d0e4fe954d5363b8,0,12,1.0824940204620361,60.41801834106445
handover_mic,demo_randomized,base,unpaired_fallback,16,1238100021,c56a32c1c42af5b3cd70f9a30b4a4649f8223cef,0,12,1.0848050117492676,63.324989318847656
handover_mic,demo_randomized,base,unpaired_fallback,17,1238100023,b5209c90e6addc9f80e70246e669e917786c9403,0,12,1.0853021144866943,62.215999603271484
handover_mic,demo_randomized,base,unpaired_fallback,18,1238100026,22ce059a0966e3904e11c0f07f8aec0c402113e2,0,12,1.0727219581604004,58.05427551269531
handover_mic,demo_randomized,base,unpaired_fallback,19,1238100027,2218ddeff32db100eed056f040f0e22433174626,1,4,0.3605523109436035,26.14825439453125
handover_mic,demo_randomized,ahs,unpaired_fallback,0,1239100000,de0cc12263aa32aab1b0ae995f58a81acb8eb192,0,23,7.0865983963012695,71.33467864990234
handover_mic,demo_randomized,ahs,unpaired_fallback,1,1239100001,e4382589ca33f7b2d144555efe95be262efcb93e,0,23,2.072822332382202,66.01057434082031
handover_mic,demo_randomized,ahs,unpaired_fallback,2,1239100002,7be7b4e1937784d77cc5e3c90f77be29eabee680,0,27,2.432080030441284,63.6391487121582
handover_mic,demo_randomized,ahs,unpaired_fallback,3,1239100003,cc017576454a3130271fca451d051d06e1540886,0,24,2.177739143371582,65.34150695800781
handover_mic,demo_randomized,ahs,unpaired_fallback,4,1239100004,3fd7d0dc3923de01a929afed6507725887d46c95,0,25,2.275280237197876,70.65692901611328
handover_mic,demo_randomized,ahs,unpaired_fallback,5,1239100005,6a3c642187bd71101682aaa3a578cfc8614f5439,0,26,2.3386306762695312,69.93961334228516
handover_mic,demo_randomized,ahs,unpaired_fallback,6,1239100006,b55a9b350825445d3f24c636d0e4fe954d5363b8,0,23,2.0871121883392334,59.01494598388672
handover_mic,demo_randomized,ahs,unpaired_fallback,7,1239100008,8be2cd55c8ba3b5cd89fa832e4f0ab8a1b863d1c,0,26,2.3463151454925537,69.82898712158203
handover_mic,demo_randomized,ahs,unpaired_fallback,8,1239100009,7d92536220ed5ab4f250008816aedf618ef58d84,0,22,1.9963953495025635,67.8475570678711
handover_mic,demo_randomized,ahs,unpaired_fallback,9,1239100010,c7044a2ee35644e96d8b1d9e63c3e1ff1815b5ac,0,24,2.178826093673706,65.75433349609375
handover_mic,demo_randomized,ahs,unpaired_fallback,10,1239100011,b44028f862507b4649ee1b44d175ccc09d48964c,1,8,0.726299524307251,24.751026153564453
handover_mic,demo_randomized,ahs,unpaired_fallback,11,1239100012,1715fbb0f649504a29675e6a91f1e6b1a881d8ae,0,27,2.4531145095825195,65.0718002319336
handover_mic,demo_randomized,ahs,unpaired_fallback,12,1239100013,b7c052e61990d7461193759d204ae7282e59c7f1,0,24,2.1958765983581543,61.06161880493164
handover_mic,demo_randomized,ahs,unpaired_fallback,13,1239100014,3ce1c61f6985854682122a72f9c9a4167e937114,0,25,2.2490062713623047,69.85369873046875
handover_mic,demo_randomized,ahs,unpaired_fallback,14,1239100015,049422550260e0d6f44af6689aa4be9e40498d97,0,25,2.276606798171997,70.69892120361328
handover_mic,demo_randomized,ahs,unpaired_fallback,15,1239100016,8be2cd55c8ba3b5cd89fa832e4f0ab8a1b863d1c,0,21,1.9096248149871826,67.30732727050781
handover_mic,demo_randomized,ahs,unpaired_fallback,16,1239100017,85ff839a4d572abb2093e82b9894e0e5edfd01c8,0,27,2.433096170425415,67.90719604492188
handover_mic,demo_randomized,ahs,unpaired_fallback,17,1239100018,2540370ba7bcca3bf29b77d54b28c5911572bdea,0,28,2.541222333908081,68.52577209472656
handover_mic,demo_randomized,ahs,unpaired_fallback,18,1239100019,2540370ba7bcca3bf29b77d54b28c5911572bdea,1,8,0.7263579368591309,26.491436004638672
handover_mic,demo_randomized,ahs,unpaired_fallback,19,1239100020,4771a7240ba2a29a489c16a53035c59346babc85,1,15,1.3493783473968506,44.211490631103516
hanging_mug,demo_clean,base,strict_paired_manifest,0,9400000,27d245306f0c308f87c4b2dc56e5963276ba00d0,0,18,6.867868423461914,80.97114562988281
hanging_mug,demo_clean,base,strict_paired_manifest,1,9400001,57291527bbceaefd3da032fb19bb9d832ccb0f33,0,18,1.5514600276947021,71.11251068115234
hanging_mug,demo_clean,base,strict_paired_manifest,2,9400002,f9c3034543218f50994874d5bc512777d2d8e9e4,1,7,0.5931346416473389,31.279430389404297
hanging_mug,demo_clean,base,strict_paired_manifest,3,9400003,cd4a9f059388291e91fb447b49eafa263c6e7d96,0,18,1.517408847808838,72.03679656982422
hanging_mug,demo_clean,base,strict_paired_manifest,4,9400004,dc26a6a70f55906110ffc65980852781b3345cdd,0,18,1.529994249343872,71.99630737304688
hanging_mug,demo_clean,base,strict_paired_manifest,5,9400005,0aa7c6d85ef74f619f2a904dfd7585f26949f1a7,0,18,1.5276494026184082,73.97721862792969
hanging_mug,demo_clean,base,strict_paired_manifest,6,9400006,b2be647766e97f4ee4c492711bd085c0533e17bd,0,18,1.5340487957000732,75.63203430175781
hanging_mug,demo_clean,base,strict_paired_manifest,7,9400007,dc3d5995419c01b89355621359d1fce790149b58,0,18,1.5342557430267334,73.10459899902344
hanging_mug,demo_clean,base,strict_paired_manifest,8,9400008,916ede760776197fe896c1a39f9b892ffd5256bd,0,18,1.5208356380462646,79.9546127319336
hanging_mug,demo_clean,base,strict_paired_manifest,9,9400009,201f8d83005f6064a12e9f7511e01ecd03adf6e0,0,18,1.5229897499084473,71.27205657958984
hanging_mug,demo_clean,base,strict_paired_manifest,10,9400010,e1ace54d0fa0bee8778c3bc37638c2a6107b5fc5,0,18,1.562516450881958,75.72128295898438
hanging_mug,demo_clean,base,strict_paired_manifest,11,9400011,27d245306f0c308f87c4b2dc56e5963276ba00d0,0,18,1.5393543243408203,78.26020050048828
hanging_mug,demo_clean,base,strict_paired_manifest,12,9400012,629766b1b7a80e9219487cae275304e3a6c05f7d,0,18,1.569892168045044,79.24794006347656
hanging_mug,demo_clean,base,strict_paired_manifest,13,9400013,0e242c5b9667ea6f64502aaa4c642d4957209164,0,18,1.5859558582305908,78.26428985595703
hanging_mug,demo_clean,base,strict_paired_manifest,14,9400014,61e4ab36dcadc3b34d38305c04c60c7f0a0f6d08,0,18,1.545377492904663,73.43534088134766
hanging_mug,demo_clean,base,strict_paired_manifest,15,9400015,4c8f685cf2ae7c188b4858cb1d3b78ba850bf56e,1,7,0.6043477058410645,33.49346923828125
hanging_mug,demo_clean,base,strict_paired_manifest,16,9400016,dc26a6a70f55906110ffc65980852781b3345cdd,0,18,1.576181411743164,83.81041717529297
hanging_mug,demo_clean,base,strict_paired_manifest,17,9400017,46fed579bebb463f4dc05ac415a5a1e24d5a28bd,1,6,0.5235636234283447,28.260723114013672
hanging_mug,demo_clean,base,strict_paired_manifest,18,9400018,42e42f7aede3192c313f4b6957e6a82364b2b6a6,0,18,1.5324130058288574,74.20234680175781
hanging_mug,demo_clean,base,strict_paired_manifest,19,9400019,7ee42303d6da4387fec11c43ea3a29e2b0678924,1,7,0.6079106330871582,32.151641845703125
hanging_mug,demo_clean,ahs,strict_paired_manifest,0,9400000,27d245306f0c308f87c4b2dc56e5963276ba00d0,0,32,8.264747619628906,91.41577911376953
hanging_mug,demo_clean,ahs,strict_paired_manifest,1,9400001,57291527bbceaefd3da032fb19bb9d832ccb0f33,0,35,3.0976555347442627,82.78461456298828
hanging_mug,demo_clean,ahs,strict_paired_manifest,2,9400002,f9c3034543218f50994874d5bc512777d2d8e9e4,1,12,1.0860955715179443,32.57726287841797
hanging_mug,demo_clean,ahs,strict_paired_manifest,3,9400003,cd4a9f059388291e91fb447b49eafa263c6e7d96,1,11,0.9951307773590088,33.239871978759766
hanging_mug,demo_clean,ahs,strict_paired_manifest,4,9400004,dc26a6a70f55906110ffc65980852781b3345cdd,0,33,2.9118597507476807,78.8341064453125
hanging_mug,demo_clean,ahs,strict_paired_manifest,5,9400005,0aa7c6d85ef74f619f2a904dfd7585f26949f1a7,0,36,3.1546342372894287,80.3855972290039
hanging_mug,demo_clean,ahs,strict_paired_manifest,6,9400006,b2be647766e97f4ee4c492711bd085c0533e17bd,0,34,3.0726895332336426,90.50699615478516
hanging_mug,demo_clean,ahs,strict_paired_manifest,7,9400007,dc3d5995419c01b89355621359d1fce790149b58,0,38,3.4385976791381836,84.70219421386719
hanging_mug,demo_clean,ahs,strict_paired_manifest,8,9400008,916ede760776197fe896c1a39f9b892ffd5256bd,0,37,3.3512656688690186,88.4809341430664
hanging_mug,demo_clean,ahs,strict_paired_manifest,9,9400009,201f8d83005f6064a12e9f7511e01ecd03adf6e0,0,36,3.260362386703491,78.6981430053711
hanging_mug,demo_clean,ahs,strict_paired_manifest,10,9400010,e1ace54d0fa0bee8778c3bc37638c2a6107b5fc5,0,35,3.1751322746276855,85.33625793457031
hanging_mug,demo_clean,ahs,strict_paired_manifest,11,9400011,27d245306f0c308f87c4b2dc56e5963276ba00d0,0,35,3.168745279312134,88.37535858154297
hanging_mug,demo_clean,ahs,strict_paired_manifest,12,9400012,629766b1b7a80e9219487cae275304e3a6c05f7d,0,40,3.609281301498413,89.51374816894531
hanging_mug,demo_clean,ahs,strict_paired_manifest,13,9400013,0e242c5b9667ea6f64502aaa4c642d4957209164,1,12,1.089148759841919,32.5883903503418
hanging_mug,demo_clean,ahs,strict_paired_manifest,14,9400014,61e4ab36dcadc3b34d38305c04c60c7f0a0f6d08,0,36,3.2463769912719727,85.82307434082031
hanging_mug,demo_clean,ahs,strict_paired_manifest,15,9400015,4c8f685cf2ae7c188b4858cb1d3b78ba850bf56e,1,13,1.1401245594024658,35.01582336425781
hanging_mug,demo_clean,ahs,strict_paired_manifest,16,9400016,dc26a6a70f55906110ffc65980852781b3345cdd,0,33,2.91593337059021,82.43216705322266
hanging_mug,demo_clean,ahs,strict_paired_manifest,17,9400017,46fed579bebb463f4dc05ac415a5a1e24d5a28bd,1,11,0.9515502452850342,29.732458114624023
hanging_mug,demo_clean,ahs,strict_paired_manifest,18,9400018,42e42f7aede3192c313f4b6957e6a82364b2b6a6,0,34,3.0580716133117676,84.47521209716797
hanging_mug,demo_clean,ahs,strict_paired_manifest,19,9400019,7ee42303d6da4387fec11c43ea3a29e2b0678924,1,12,1.0848920345306396,32.82169723510742
hanging_mug,demo_randomized,base,unpaired_fallback,0,1242100001,ac265f8ca7d3c29f00750bfe555801207dd79f02,0,18,6.9700398445129395,102.13150024414062
hanging_mug,demo_randomized,base,unpaired_fallback,1,1242100003,b9747a8557a5e8d7bdcb388c83ef791da4a09981,0,18,1.6239447593688965,90.26298522949219
hanging_mug,demo_randomized,base,unpaired_fallback,2,1242100004,732b67af4e319320e5b78409a37a3f0704a2b556,0,18,1.625629186630249,93.20280456542969
hanging_mug,demo_randomized,base,unpaired_fallback,3,1242100006,df466284684db3b79cc81a838562a9cb4f64b0ac,0,18,1.6277830600738525,96.35273742675781
hanging_mug,demo_randomized,base,unpaired_fallback,4,1242100010,77f39597c5a44da72f7d161bbf9f3f41cbb36573,0,18,1.6206676959991455,97.36621856689453
hanging_mug,demo_randomized,base,unpaired_fallback,5,1242100013,8a15b3237730987f13c4fc89545877768d668a23,0,18,1.636629581451416,90.93383026123047
hanging_mug,demo_randomized,base,unpaired_fallback,6,1242100018,73a9fc455635c9c97526e89e5baecf606593aca2,0,18,1.6196486949920654,96.22784423828125
hanging_mug,demo_randomized,base,unpaired_fallback,7,1242100019,230baa8d0b8ce92cbaeced58effaaa19cf1b7d19,0,18,1.6089015007019043,89.92407989501953
hanging_mug,demo_randomized,base,unpaired_fallback,8,1242100020,e64b2162872c75b413262222d2b74ae3de5e1b67,0,18,1.6244194507598877,82.07740783691406
hanging_mug,demo_randomized,base,unpaired_fallback,9,1242100021,b2a998b10498e60497fcc17d970f23a1b3b9eb81,0,18,1.618680477142334,92.56771087646484
hanging_mug,demo_randomized,base,unpaired_fallback,10,1242100028,4fa750e2bac71416a454364ba58a2a64344ff7a2,0,18,1.608400583267212,94.14080047607422
hanging_mug,demo_randomized,base,unpaired_fallback,11,1242100029,056e4ad66b4bfa57f9db331941c301acec82b882,0,18,1.6214091777801514,90.07640075683594
hanging_mug,demo_randomized,base,unpaired_fallback,12,1242100032,2843b815f1246029fed3a6abf3e39c013eaf9431,0,18,1.6083903312683105,90.08982849121094
hanging_mug,demo_randomized,base,unpaired_fallback,13,1242100034,1aeec2e674e2ab288d4b1c6bce484e048c401bab,0,18,1.6297311782836914,89.86045837402344
hanging_mug,demo_randomized,base,unpaired_fallback,14,1242100038,d3a712f3d7d939dd18130ffe447c015c02427fe2,0,18,1.6214892864227295,92.77440643310547
hanging_mug,demo_randomized,base,unpaired_fallback,15,1242100046,24d6880e8658d2fa896cb2e77ca8b13d130aab0d,0,18,1.5988857746124268,92.14380645751953
hanging_mug,demo_randomized,base,unpaired_fallback,16,1242100050,5f23a63f247d37add8f175035de77066069243cf,1,7,0.631138801574707,38.14409255981445
hanging_mug,demo_randomized,base,unpaired_fallback,17,1242100052,17557dce28d773ecf80086b3f8f5feb12ffc2b3e,0,18,1.6084809303283691,92.74148559570312
hanging_mug,demo_randomized,base,unpaired_fallback,18,1242100058,d22b7c66d85fd4699b7615c2f568b701c501cbfd,0,18,1.6252310276031494,89.13701629638672
hanging_mug,demo_randomized,base,unpaired_fallback,19,1242100062,6452f276f8ac78a437a938cd1a3dcf271571c6f9,0,18,1.6122891902923584,93.63980865478516
hanging_mug,demo_randomized,ahs,unpaired_fallback,0,1243100002,5272170f936103b4dd084251e17123675f276506,0,31,7.970630645751953,97.30615234375
hanging_mug,demo_randomized,ahs,unpaired_fallback,1,1243100006,d51e5289da344c66c34795628bc082ec47d92848,0,38,3.45666241645813,93.50494384765625
hanging_mug,demo_randomized,ahs,unpaired_fallback,2,1243100007,37258a89cdcb5d04565c085a2f69eb887b37c75f,0,39,3.5551981925964355,99.30182647705078
hanging_mug,demo_randomized,ahs,unpaired_fallback,3,1243100009,afb66c2313b03f1ce34f77264370a74fff88c78e,0,39,3.552346706390381,95.795166015625
hanging_mug,demo_randomized,ahs,unpaired_fallback,4,1243100010,42e42f7aede3192c313f4b6957e6a82364b2b6a6,0,36,3.2451305389404297,94.24179077148438
hanging_mug,demo_randomized,ahs,unpaired_fallback,5,1243100011,d7675dcebb7f1fc4aae543309b459c406be1ff76,0,35,3.1839840412139893,94.00325012207031
hanging_mug,demo_randomized,ahs,unpaired_fallback,6,1243100012,4fd544b005779e68db20a0fc13f1f3042b1030f5,0,37,3.3663582801818848,98.34736633300781
hanging_mug,demo_randomized,ahs,unpaired_fallback,7,1243100016,23ac68a3557564d5feeb43e99dbdbe009067801a,0,36,3.251275062561035,99.23548889160156
hanging_mug,demo_randomized,ahs,unpaired_fallback,8,1243100017,0aa7c6d85ef74f619f2a904dfd7585f26949f1a7,0,33,2.9741053581237793,92.35733795166016
hanging_mug,demo_randomized,ahs,unpaired_fallback,9,1243100021,9a99a04f9d96201f7c8ce8760724d8ee9904f1c4,0,35,3.159672260284424,88.31853485107422
hanging_mug,demo_randomized,ahs,unpaired_fallback,10,1243100024,7a06de7162812b36e798a4000321f94f59f09a49,0,36,3.2758948802948,93.42894744873047
hanging_mug,demo_randomized,ahs,unpaired_fallback,11,1243100025,a1fdb8fab9a258cc26cbc0214b7ff8418a78f86e,0,38,3.464000940322876,96.40795135498047
hanging_mug,demo_randomized,ahs,unpaired_fallback,12,1243100027,a25cf81facceaa7eeeefe4f5c65816c69bbff97e,0,37,3.372235059738159,95.0750503540039
hanging_mug,demo_randomized,ahs,unpaired_fallback,13,1243100029,973c292fc16c1adebeb5d3bc7217ec7a5c777403,0,37,3.3663835525512695,97.53355407714844
hanging_mug,demo_randomized,ahs,unpaired_fallback,14,1243100032,ece987914f4b92382d7c17d2501da9e068d38d22,1,12,1.0983121395111084,40.91404724121094
hanging_mug,demo_randomized,ahs,unpaired_fallback,15,1243100034,46fed579bebb463f4dc05ac415a5a1e24d5a28bd,0,36,3.2577309608459473,93.14476776123047
hanging_mug,demo_randomized,ahs,unpaired_fallback,16,1243100036,b3ca4a014c663cefcb06ec8217ad0a6ec123a9b5,0,35,3.1780738830566406,95.77543640136719
hanging_mug,demo_randomized,ahs,unpaired_fallback,17,1243100037,70ab381c03c43f172d35d8b41843b2853e34f3ef,0,33,3.0010015964508057,94.83599090576172
hanging_mug,demo_randomized,ahs,unpaired_fallback,18,1243100040,0aa7c6d85ef74f619f2a904dfd7585f26949f1a7,0,38,3.627800941467285,101.10688018798828
hanging_mug,demo_randomized,ahs,unpaired_fallback,19,1243100043,9e12f8e8fd9eacab321865ee986fb16720ff4d50,1,12,1.0940968990325928,41.98576736450195
lift_pot,demo_clean,base,strict_paired_manifest,0,9410000,251744b1b95b216c7e97dc01572f3ab04a19f90a,0,8,5.790846824645996,43.901363372802734
lift_pot,demo_clean,base,strict_paired_manifest,1,9410001,d8fe847274ba4aa23130d374c0078aeca395ad11,1,3,0.2705984115600586,15.708049774169922
lift_pot,demo_clean,base,strict_paired_manifest,2,9410002,98a6795f824a9501c68094bcff71593cacd6233d,0,8,0.7204997539520264,38.01021194458008
lift_pot,demo_clean,base,strict_paired_manifest,3,9410003,ed4d3448093dde19c7848269d8607cfd707a5698,1,3,0.2718465328216553,14.134137153625488
lift_pot,demo_clean,base,strict_paired_manifest,4,9410004,33f1c67ff0c4c0d3647fc7fcbe32c9cdb629bd30,1,3,0.2686123847961426,13.943642616271973
lift_pot,demo_clean,base,strict_paired_manifest,5,9410005,bd7c0f021ccf5210507ec3a5d9681f368df89d62,1,3,0.2793750762939453,18.401947021484375
lift_pot,demo_clean,base,strict_paired_manifest,6,9410006,a9eafc636e9d4052d3c6444906b33e9f67c24ff2,1,2,0.17386436462402344,9.20921802520752
lift_pot,demo_clean,base,strict_paired_manifest,7,9410007,98a6795f824a9501c68094bcff71593cacd6233d,1,3,0.25079846382141113,12.859212875366211
lift_pot,demo_clean,base,strict_paired_manifest,8,9410008,a1273307d2cc513094044df5378392bd5228f70e,1,3,5.5018815994262695,21.29511260986328
lift_pot,demo_clean,base,strict_paired_manifest,9,9410009,8dd8e76bc24d1c7339e98c533efbe1a7524c1cf3,1,3,0.24949264526367188,13.80534553527832
lift_pot,demo_clean,base,strict_paired_manifest,10,9410010,4c4880f0cb84f38af838fa46e4f7396e93f302dd,0,8,0.6742362976074219,36.41535949707031
lift_pot,demo_clean,base,strict_paired_manifest,11,9410011,3616a545399132bb06aa34415cf0ce867e3311ec,0,8,0.667121410369873,32.27204895019531
lift_pot,demo_clean,base,strict_paired_manifest,12,9410012,a9eafc636e9d4052d3c6444906b33e9f67c24ff2,0,8,0.6731319427490234,30.998130798339844
lift_pot,demo_clean,base,strict_paired_manifest,13,9410013,a02fc44487b0512ffed6dd56d2acbde4a176a9c5,1,8,0.6857585906982422,38.799747467041016
lift_pot,demo_clean,base,strict_paired_manifest,14,9410014,e3dfc7ff9558b23369403bd2b2b75de12d8db4a9,0,8,0.7187952995300293,37.44672393798828
lift_pot,demo_clean,base,strict_paired_manifest,15,9410015,301c4a16987ebdabcfe1e5dda76fbb51832c2464,0,8,0.7189731597900391,44.26945114135742
lift_pot,demo_clean,base,strict_paired_manifest,16,9410016,a02fc44487b0512ffed6dd56d2acbde4a176a9c5,1,3,0.2703678607940674,15.226137161254883
lift_pot,demo_clean,base,strict_paired_manifest,17,9410017,384c84d72f018586daa2b30bc3d77ff4b5ce73f6,1,3,0.26865077018737793,15.335861206054688
lift_pot,demo_clean,base,strict_paired_manifest,18,9410018,3345511f656772003794713096c478cd8ec0f991,1,3,0.2716829776763916,15.571150779724121
lift_pot,demo_clean,base,strict_paired_manifest,19,9410019,a02fc44487b0512ffed6dd56d2acbde4a176a9c5,1,3,0.2678046226501465,15.603797912597656
lift_pot,demo_clean,ahs,strict_paired_manifest,0,9410000,251744b1b95b216c7e97dc01572f3ab04a19f90a,0,15,6.738157749176025,45.53440856933594
lift_pot,demo_clean,ahs,strict_paired_manifest,1,9410001,d8fe847274ba4aa23130d374c0078aeca395ad11,1,4,0.3632938861846924,12.330443382263184
lift_pot,demo_clean,ahs,strict_paired_manifest,2,9410002,98a6795f824a9501c68094bcff71593cacd6233d,1,4,0.36185407638549805,10.417631149291992
lift_pot,demo_clean,ahs,strict_paired_manifest,3,9410003,ed4d3448093dde19c7848269d8607cfd707a5698,1,5,0.44942450523376465,10.449684143066406
lift_pot,demo_clean,ahs,strict_paired_manifest,4,9410004,33f1c67ff0c4c0d3647fc7fcbe32c9cdb629bd30,0,16,1.4456970691680908,38.74995803833008
lift_pot,demo_clean,ahs,strict_paired_manifest,5,9410005,bd7c0f021ccf5210507ec3a5d9681f368df89d62,1,4,0.3610243797302246,14.809389114379883
lift_pot,demo_clean,ahs,strict_paired_manifest,6,9410006,a9eafc636e9d4052d3c6444906b33e9f67c24ff2,1,4,0.3620436191558838,10.946378707885742
lift_pot,demo_clean,ahs,strict_paired_manifest,7,9410007,98a6795f824a9501c68094bcff71593cacd6233d,0,18,1.6315314769744873,39.4753532409668
lift_pot,demo_clean,ahs,strict_paired_manifest,8,9410008,a1273307d2cc513094044df5378392bd5228f70e,1,4,0.3659985065460205,10.607260704040527
lift_pot,demo_clean,ahs,strict_paired_manifest,9,9410009,8dd8e76bc24d1c7339e98c533efbe1a7524c1cf3,1,5,0.453857421875,13.039430618286133
lift_pot,demo_clean,ahs,strict_paired_manifest,10,9410010,4c4880f0cb84f38af838fa46e4f7396e93f302dd,1,5,0.45557069778442383,14.310159683227539
lift_pot,demo_clean,ahs,strict_paired_manifest,11,9410011,3616a545399132bb06aa34415cf0ce867e3311ec,0,15,1.368809461593628,38.74524688720703
lift_pot,demo_clean,ahs,strict_paired_manifest,12,9410012,a9eafc636e9d4052d3c6444906b33e9f67c24ff2,0,15,1.3616383075714111,35.59332275390625
lift_pot,demo_clean,ahs,strict_paired_manifest,13,9410013,a02fc44487b0512ffed6dd56d2acbde4a176a9c5,1,5,0.4534773826599121,13.863141059875488
lift_pot,demo_clean,ahs,strict_paired_manifest,14,9410014,e3dfc7ff9558b23369403bd2b2b75de12d8db4a9,0,14,1.280921459197998,36.09503936767578
lift_pot,demo_clean,ahs,strict_paired_manifest,15,9410015,301c4a16987ebdabcfe1e5dda76fbb51832c2464,1,5,0.4556567668914795,16.30588150024414
lift_pot,demo_clean,ahs,strict_paired_manifest,16,9410016,a02fc44487b0512ffed6dd56d2acbde4a176a9c5,1,4,0.36592721939086914,12.601943969726562
lift_pot,demo_clean,ahs,strict_paired_manifest,17,9410017,384c84d72f018586daa2b30bc3d77ff4b5ce73f6,1,4,0.3663454055786133,11.735185623168945
lift_pot,demo_clean,ahs,strict_paired_manifest,18,9410018,3345511f656772003794713096c478cd8ec0f991,1,6,0.5461888313293457,16.105539321899414
lift_pot,demo_clean,ahs,strict_paired_manifest,19,9410019,a02fc44487b0512ffed6dd56d2acbde4a176a9c5,1,5,0.45485544204711914,12.382078170776367
lift_pot,demo_randomized,base,unpaired_fallback,0,1246100001,c587596dbb87b8f7b53b9f613fb5976c0ae00f5e,0,8,6.246516704559326,51.952354431152344
lift_pot,demo_randomized,base,unpaired_fallback,1,1246100003,301c4a16987ebdabcfe1e5dda76fbb51832c2464,0,8,0.7159743309020996,41.99351119995117
lift_pot,demo_randomized,base,unpaired_fallback,2,1246100004,8dd8e76bc24d1c7339e98c533efbe1a7524c1cf3,0,8,0.7313530445098877,43.84029006958008
lift_pot,demo_randomized,base,unpaired_fallback,3,1246100005,1491707660d59cf817dca9cc59e20a1498769a48,0,8,0.732327938079834,42.39302062988281
lift_pot,demo_randomized,base,unpaired_fallback,4,1246100011,3345511f656772003794713096c478cd8ec0f991,0,8,0.7317025661468506,44.56293869018555
lift_pot,demo_randomized,base,unpaired_fallback,5,1246100014,bf280fe3a57417ee49bb426f7c91f42f5be0b295,0,8,0.7290174961090088,44.5822639465332
lift_pot,demo_randomized,base,unpaired_fallback,6,1246100016,c587596dbb87b8f7b53b9f613fb5976c0ae00f5e,1,3,0.27462029457092285,17.399442672729492
lift_pot,demo_randomized,base,unpaired_fallback,7,1246100024,9c089244635e97b0cf2f67b90912f94e20d01bb1,1,3,0.2712538242340088,16.600486755371094
lift_pot,demo_randomized,base,unpaired_fallback,8,1246100025,bf280fe3a57417ee49bb426f7c91f42f5be0b295,1,3,0.27807092666625977,16.882543563842773
lift_pot,demo_randomized,base,unpaired_fallback,9,1246100026,e1d86401d85557c4a220253999c0eb447b29c645,0,8,0.7261676788330078,47.77353286743164
lift_pot,demo_randomized,base,unpaired_fallback,10,1246100027,bf280fe3a57417ee49bb426f7c91f42f5be0b295,0,8,0.7286522388458252,44.23451232910156
lift_pot,demo_randomized,base,unpaired_fallback,11,1246100028,c8dc12d5104248036e17629963afaa34b4016046,0,8,0.7249598503112793,43.26958084106445
lift_pot,demo_randomized,base,unpaired_fallback,12,1246100034,13e2bd9e9b1f4ead16a7320cc517ccd44ff29eec,1,3,0.2753598690032959,17.140758514404297
lift_pot,demo_randomized,base,unpaired_fallback,13,1246100040,a02fc44487b0512ffed6dd56d2acbde4a176a9c5,0,8,0.7294948101043701,44.92265701293945
lift_pot,demo_randomized,base,unpaired_fallback,14,1246100043,47c5b689c01ae13692e776b37645072aaacdcbc6,0,8,0.7200591564178467,44.671730041503906
lift_pot,demo_randomized,base,unpaired_fallback,15,1246100046,16947c5e7daa1b5b13166781e74469ea855e2267,0,8,0.7141785621643066,41.108985900878906
lift_pot,demo_randomized,base,unpaired_fallback,16,1246100047,16947c5e7daa1b5b13166781e74469ea855e2267,1,3,0.27350354194641113,17.56939125061035
lift_pot,demo_randomized,base,unpaired_fallback,17,1246100048,a02fc44487b0512ffed6dd56d2acbde4a176a9c5,0,8,0.7309117317199707,41.875308990478516
lift_pot,demo_randomized,base,unpaired_fallback,18,1246100049,f91613133d52f795bbc368f2ad0318fd5b693c6e,1,3,0.27350330352783203,17.89663314819336
lift_pot,demo_randomized,base,unpaired_fallback,19,1246100052,c587596dbb87b8f7b53b9f613fb5976c0ae00f5e,0,8,0.7222945690155029,46.72195816040039
lift_pot,demo_randomized,ahs,unpaired_fallback,0,1247100000,bf280fe3a57417ee49bb426f7c91f42f5be0b295,0,16,6.9188385009765625,57.76572799682617
lift_pot,demo_randomized,ahs,unpaired_fallback,1,1247100002,13e2bd9e9b1f4ead16a7320cc517ccd44ff29eec,0,14,1.2653987407684326,44.36073684692383
lift_pot,demo_randomized,ahs,unpaired_fallback,2,1247100003,3345511f656772003794713096c478cd8ec0f991,1,4,0.3623473644256592,13.629302024841309
lift_pot,demo_randomized,ahs,unpaired_fallback,3,1247100004,65113892995b784b9f55b5f2d309cfb0a5c44a0a,0,15,1.3572134971618652,43.6248664855957
lift_pot,demo_randomized,ahs,unpaired_fallback,4,1247100005,bd7c0f021ccf5210507ec3a5d9681f368df89d62,0,16,1.4408371448516846,48.284324645996094
lift_pot,demo_randomized,ahs,unpaired_fallback,5,1247100007,bd7c0f021ccf5210507ec3a5d9681f368df89d62,1,5,0.45646071434020996,16.192127227783203
lift_pot,demo_randomized,ahs,unpaired_fallback,6,1247100012,c587596dbb87b8f7b53b9f613fb5976c0ae00f5e,0,17,1.5415863990783691,45.234642028808594
lift_pot,demo_randomized,ahs,unpaired_fallback,7,1247100013,bf280fe3a57417ee49bb426f7c91f42f5be0b295,0,16,1.457733392715454,44.606353759765625
lift_pot,demo_randomized,ahs,unpaired_fallback,8,1247100017,f35fe3a53b9a4f43e5494a7340ba7e32d0736bfe,1,4,0.36647605895996094,15.661046981811523
lift_pot,demo_randomized,ahs,unpaired_fallback,9,1247100023,65113892995b784b9f55b5f2d309cfb0a5c44a0a,1,4,0.3667936325073242,17.651487350463867
lift_pot,demo_randomized,ahs,unpaired_fallback,10,1247100024,1150752607fee02a8d56b944477f2618fdc1540b,1,5,0.4529380798339844,14.910316467285156
lift_pot,demo_randomized,ahs,unpaired_fallback,11,1247100030,47c5b689c01ae13692e776b37645072aaacdcbc6,0,16,1.4518296718597412,49.63137435913086
lift_pot,demo_randomized,ahs,unpaired_fallback,12,1247100035,d8fe847274ba4aa23130d374c0078aeca395ad11,1,5,0.45357513427734375,12.976812362670898
lift_pot,demo_randomized,ahs,unpaired_fallback,13,1247100038,8dd8e76bc24d1c7339e98c533efbe1a7524c1cf3,0,15,1.3511972427368164,44.87333297729492
lift_pot,demo_randomized,ahs,unpaired_fallback,14,1247100046,c587596dbb87b8f7b53b9f613fb5976c0ae00f5e,0,14,1.2766766548156738,48.17998504638672
lift_pot,demo_randomized,ahs,unpaired_fallback,15,1247100048,384c84d72f018586daa2b30bc3d77ff4b5ce73f6,0,18,1.6345937252044678,46.27118682861328
lift_pot,demo_randomized,ahs,unpaired_fallback,16,1247100051,c8dc12d5104248036e17629963afaa34b4016046,0,14,1.2726457118988037,42.83000564575195
lift_pot,demo_randomized,ahs,unpaired_fallback,17,1247100055,c587596dbb87b8f7b53b9f613fb5976c0ae00f5e,1,4,0.3675827980041504,14.65001392364502
lift_pot,demo_randomized,ahs,unpaired_fallback,18,1247100056,47c5b689c01ae13692e776b37645072aaacdcbc6,0,15,1.3707351684570312,41.813045501708984
lift_pot,demo_randomized,ahs,unpaired_fallback,19,1247100063,47c5b689c01ae13692e776b37645072aaacdcbc6,0,16,1.4632568359375,47.93674850463867
move_can_pot,demo_clean,base,strict_paired_manifest,0,9420000,d5c382e5fb2335d1b8b2b0fcb266b3622fb92587,0,8,6.213780403137207,41.973636627197266
move_can_pot,demo_clean,base,strict_paired_manifest,1,9420001,711aad38ca6f8c974f69d08496cc608e56430128,1,3,0.2738659381866455,12.312820434570312
move_can_pot,demo_clean,base,strict_paired_manifest,2,9420002,1681bca47e3bc50ed1d471e4548385d7fe3c3be8,0,8,0.7199535369873047,33.957645416259766
move_can_pot,demo_clean,base,strict_paired_manifest,3,9420003,4d3f9e0c7e00833a12a5cca81a98b0f5fdff9e97,1,3,0.2710132598876953,13.792967796325684
move_can_pot,demo_clean,base,strict_paired_manifest,4,9420004,90daefaba34f9cbdf29c5235031def33688e8901,1,3,0.2712991237640381,14.419981002807617
move_can_pot,demo_clean,base,strict_paired_manifest,5,9420005,2b8b6f8ea469466f5af77b5617eae0298826ca3c,1,3,0.27026844024658203,16.49120330810547
move_can_pot,demo_clean,base,strict_paired_manifest,6,9420006,4ad7e92532f569960c9d85f07ed52d3a7a01f151,0,8,0.724743127822876,34.27484893798828
move_can_pot,demo_clean,base,strict_paired_manifest,7,9420007,890a02bc4336c8dff99aebe392ee8ea44af35cab,0,8,0.7194709777832031,32.57061767578125
move_can_pot,demo_clean,base,strict_paired_manifest,8,9420009,beafc5bce95b839ad25088d8952cdeea6a07b8c2,0,8,0.7166972160339355,33.0443000793457
move_can_pot,demo_clean,base,strict_paired_manifest,9,9420010,9261f50fb61dbd0a6f6eb56f9f5016a34f115c3d,1,4,0.36076974868774414,15.972216606140137
move_can_pot,demo_clean,base,strict_paired_manifest,10,9420011,acb16777c39d6cede9e277e75b6f54a02c0f093c,1,3,0.272627592086792,16.507129669189453
move_can_pot,demo_clean,base,strict_paired_manifest,11,9420012,f5351bc4db54154c848f3cbd32e6624c20fde87d,1,3,0.2697131633758545,12.910442352294922
move_can_pot,demo_clean,base,strict_paired_manifest,12,9420013,841cca50351f4dc0cc4ae6e6ca9b7704cb737237,0,8,0.7170116901397705,32.60735321044922
move_can_pot,demo_clean,base,strict_paired_manifest,13,9420014,5297b4e00ab351ec1113de5b17d1ea7d5b7bbdb3,0,8,0.7179687023162842,35.33674240112305
move_can_pot,demo_clean,base,strict_paired_manifest,14,9420015,a061615e0210a31938ef3ed12d0dc076931b9c97,1,3,0.26956915855407715,14.666854858398438
move_can_pot,demo_clean,base,strict_paired_manifest,15,9420016,9b91ca021ab956caa37d7d19f0cfdd4c8c7e5a56,0,8,0.722008466720581,36.226173400878906
move_can_pot,demo_clean,base,strict_paired_manifest,16,9420017,04a6763c47c8ecd6066845ec79429b5bc99a08bf,0,8,0.7162477970123291,33.423892974853516
move_can_pot,demo_clean,base,strict_paired_manifest,17,9420018,48f79423da8849fb16cd863e0f4e88ba7c5ad05f,1,3,0.2676982879638672,14.020807266235352
move_can_pot,demo_clean,base,strict_paired_manifest,18,9420019,496e11834afb55ce4bb99586ab62880a3e7cbd58,1,3,0.2700808048248291,12.981937408447266
move_can_pot,demo_clean,base,strict_paired_manifest,19,9420020,b674fb96097d340c71bad36e3edcd770bf8e0719,0,8,0.71775221824646,33.36275100708008
move_can_pot,demo_clean,ahs,strict_paired_manifest,0,9420000,d5c382e5fb2335d1b8b2b0fcb266b3622fb92587,1,6,5.726269721984863,22.068126678466797
move_can_pot,demo_clean,ahs,strict_paired_manifest,1,9420001,711aad38ca6f8c974f69d08496cc608e56430128,1,5,0.45139527320861816,11.324409484863281
move_can_pot,demo_clean,ahs,strict_paired_manifest,2,9420002,1681bca47e3bc50ed1d471e4548385d7fe3c3be8,1,6,0.5452840328216553,14.420893669128418
move_can_pot,demo_clean,ahs,strict_paired_manifest,3,9420003,4d3f9e0c7e00833a12a5cca81a98b0f5fdff9e97,1,6,0.5436966419219971,14.546972274780273
move_can_pot,demo_clean,ahs,strict_paired_manifest,4,9420004,90daefaba34f9cbdf29c5235031def33688e8901,1,7,0.6371519565582275,14.454410552978516
move_can_pot,demo_clean,ahs,strict_paired_manifest,5,9420005,2b8b6f8ea469466f5af77b5617eae0298826ca3c,1,5,0.44999265670776367,16.85106658935547
move_can_pot,demo_clean,ahs,strict_paired_manifest,6,9420006,4ad7e92532f569960c9d85f07ed52d3a7a01f151,1,6,0.5420248508453369,14.581543922424316
move_can_pot,demo_clean,ahs,strict_paired_manifest,7,9420007,890a02bc4336c8dff99aebe392ee8ea44af35cab,0,17,1.540245771408081,35.79291534423828
move_can_pot,demo_clean,ahs,strict_paired_manifest,8,9420009,beafc5bce95b839ad25088d8952cdeea6a07b8c2,0,18,1.624037504196167,33.82380676269531
move_can_pot,demo_clean,ahs,strict_paired_manifest,9,9420010,9261f50fb61dbd0a6f6eb56f9f5016a34f115c3d,1,7,0.6347599029541016,14.285785675048828
move_can_pot,demo_clean,ahs,strict_paired_manifest,10,9420011,acb16777c39d6cede9e277e75b6f54a02c0f093c,1,5,0.4546341896057129,16.33783721923828
move_can_pot,demo_clean,ahs,strict_paired_manifest,11,9420012,f5351bc4db54154c848f3cbd32e6624c20fde87d,1,7,0.6345822811126709,15.243349075317383
move_can_pot,demo_clean,ahs,strict_paired_manifest,12,9420013,841cca50351f4dc0cc4ae6e6ca9b7704cb737237,0,16,1.4459800720214844,35.8994026184082
move_can_pot,demo_clean,ahs,strict_paired_manifest,13,9420014,5297b4e00ab351ec1113de5b17d1ea7d5b7bbdb3,1,6,0.5466430187225342,14.363370895385742
move_can_pot,demo_clean,ahs,strict_paired_manifest,14,9420015,a061615e0210a31938ef3ed12d0dc076931b9c97,1,7,0.638235330581665,15.420506477355957
move_can_pot,demo_clean,ahs,strict_paired_manifest,15,9420016,9b91ca021ab956caa37d7d19f0cfdd4c8c7e5a56,0,17,1.5483739376068115,38.788612365722656
move_can_pot,demo_clean,ahs,strict_paired_manifest,16,9420017,04a6763c47c8ecd6066845ec79429b5bc99a08bf,1,6,0.5433521270751953,15.030843734741211
move_can_pot,demo_clean,ahs,strict_paired_manifest,17,9420018,48f79423da8849fb16cd863e0f4e88ba7c5ad05f,1,7,0.6311650276184082,15.346875190734863
move_can_pot,demo_clean,ahs,strict_paired_manifest,18,9420019,496e11834afb55ce4bb99586ab62880a3e7cbd58,1,6,0.5431404113769531,13.246530532836914
move_can_pot,demo_clean,ahs,strict_paired_manifest,19,9420020,b674fb96097d340c71bad36e3edcd770bf8e0719,0,18,1.6395220756530762,36.107845306396484
move_can_pot,demo_randomized,base,unpaired_fallback,0,1250100000,26a0648574aeb6a5033d216e98e2137a549b2ef0,0,8,6.030043125152588,49.44970703125
move_can_pot,demo_randomized,base,unpaired_fallback,1,1250100001,1ef18e9fb77e4ecece53dab3215ff0f84202a91a,0,8,0.7232422828674316,40.377506256103516
move_can_pot,demo_randomized,base,unpaired_fallback,2,1250100002,555c097002944ddaea16ed7b02daf6c70cecc9a9,0,8,0.7225995063781738,45.07474136352539
move_can_pot,demo_randomized,base,unpaired_fallback,3,1250100003,975c88d454f5c9d98d4f9bfb953853f408e393e0,0,8,0.7304623126983643,41.52831268310547
move_can_pot,demo_randomized,base,unpaired_fallback,4,1250100004,ee2c72a34c77c209964cc5df1b7518f97c7fdf56,0,8,0.7165307998657227,44.115535736083984
move_can_pot,demo_randomized,base,unpaired_fallback,5,1250100005,84fb786909543cf4ed564326e8c29da67eb73201,0,8,0.7277538776397705,41.089111328125
move_can_pot,demo_randomized,base,unpaired_fallback,6,1250100006,10a41ea77bdd9124b8b8285def64314cd0305d73,0,8,0.7252769470214844,42.58264923095703
move_can_pot,demo_randomized,base,unpaired_fallback,7,1250100007,bb01d15939a3c6511f581315a88b733a93431d0c,0,8,0.7215371131896973,41.102821350097656
move_can_pot,demo_randomized,base,unpaired_fallback,8,1250100009,776db84264d9bce90860a3ea880786e772daefd1,1,7,0.639986515045166,34.687374114990234
move_can_pot,demo_randomized,base,unpaired_fallback,9,1250100010,fb253489f3de8a9b27dbe5eeb9ea40f5f4813ec6,0,8,0.7241616249084473,43.545108795166016
move_can_pot,demo_randomized,base,unpaired_fallback,10,1250100011,84c06ce173df7099952b01f2faeba4e19a8097bc,0,8,0.724231481552124,40.231781005859375
move_can_pot,demo_randomized,base,unpaired_fallback,11,1250100012,cb6ba5424b5eb1aaec429ec18d6a09a225460dd5,0,8,0.7256259918212891,38.16667175292969
move_can_pot,demo_randomized,base,unpaired_fallback,12,1250100013,5bbfce1f2a7902b4ae8b436a7e97f741810f6a60,0,8,0.7209041118621826,38.61692428588867
move_can_pot,demo_randomized,base,unpaired_fallback,13,1250100014,8199739da61908b97ddc4d40a9095801d25e494e,1,4,0.3678450584411621,20.466426849365234
move_can_pot,demo_randomized,base,unpaired_fallback,14,1250100015,b842df2d325a3475f782a821ef446a740d3214b9,0,8,0.7224373817443848,44.88660430908203
move_can_pot,demo_randomized,base,unpaired_fallback,15,1250100016,0c63291ea4625886814dd2bcd82de35c037165f3,0,8,0.7288336753845215,38.38639450073242
move_can_pot,demo_randomized,base,unpaired_fallback,16,1250100017,a7efafc741094874f82b53a51e87cc70a4c0aa1c,0,8,0.737252950668335,39.42599868774414
move_can_pot,demo_randomized,base,unpaired_fallback,17,1250100018,16359699c41906392b8f1cbaa2853bcd518f3c87,0,8,0.7324080467224121,42.8759651184082
move_can_pot,demo_randomized,base,unpaired_fallback,18,1250100019,af224b851d7c35b298274ddb4c803bb532c2617e,0,8,0.7347261905670166,41.148685455322266
move_can_pot,demo_randomized,base,unpaired_fallback,19,1250100020,bfaa7481cf9d45a0126c9a21262797120af09632,0,8,0.7347774505615234,43.229400634765625
move_can_pot,demo_randomized,ahs,unpaired_fallback,0,1251100000,3a636a5f1a6fb489658d0605b869d1eae8bb7c92,0,18,6.9643449783325195,51.35049057006836
move_can_pot,demo_randomized,ahs,unpaired_fallback,1,1251100001,b5aad264053143486ea23878adac5f5d05a83520,0,16,1.4588570594787598,42.55561065673828
move_can_pot,demo_randomized,ahs,unpaired_fallback,2,1251100002,08efa575a73bc94c3077f3b8f4d1521db903b2a8,1,7,0.643303632736206,14.731600761413574
move_can_pot,demo_randomized,ahs,unpaired_fallback,3,1251100004,688496e13a51c1d961cc277eaa5291225a45d1b0,0,15,1.362287998199463,41.857810974121094
move_can_pot,demo_randomized,ahs,unpaired_fallback,4,1251100006,d6e42ed512a8569bc7da014bf77963bf2df2f5ce,0,18,1.635765790939331,47.03557586669922
move_can_pot,demo_randomized,ahs,unpaired_fallback,5,1251100008,cea909ac6069ac81105c81664d95719efef6254d,0,15,1.3837554454803467,43.92577362060547
move_can_pot,demo_randomized,ahs,unpaired_fallback,6,1251100009,d0b93cb55f5341e9ed31bbde981229f5e92685d9,0,17,1.5542325973510742,47.97938919067383
move_can_pot,demo_randomized,ahs,unpaired_fallback,7,1251100010,13cf9426734603e31728260db01719102b9ad624,0,19,1.7351226806640625,41.92182922363281
move_can_pot,demo_randomized,ahs,unpaired_fallback,8,1251100012,86b413408066cf234ec027f0bc31c937fc5b31d2,0,16,1.4677553176879883,41.080299377441406
move_can_pot,demo_randomized,ahs,unpaired_fallback,9,1251100013,0e0ba9b2092b8b8e7962753d88ee44c5485031b3,0,18,1.6527132987976074,47.62221145629883
move_can_pot,demo_randomized,ahs,unpaired_fallback,10,1251100014,0abb00af9ea9195947bac297ecef792a9f83015f,1,5,0.4604673385620117,16.092639923095703
move_can_pot,demo_randomized,ahs,unpaired_fallback,11,1251100015,d8970a7b49107ae6d76f5a15a60c3618e98550a1,0,18,1.6559112071990967,44.75149154663086
move_can_pot,demo_randomized,ahs,unpaired_fallback,12,1251100016,a14804f66ea8da7e232e95ef25957957f2f1419e,0,17,1.5557780265808105,43.79638671875
move_can_pot,demo_randomized,ahs,unpaired_fallback,13,1251100017,aaa4dcbeadea7607568e63e11a76377b28a87812,0,18,1.650071144104004,42.758663177490234
move_can_pot,demo_randomized,ahs,unpaired_fallback,14,1251100018,0e909699df82fee9472a1764199b8cb9a64e5fea,1,6,0.544917106628418,20.749446868896484
move_can_pot,demo_randomized,ahs,unpaired_fallback,15,1251100019,eda7788139066fedb5465680bd4f94c0661b17a1,1,7,0.6405045986175537,17.763166427612305
move_can_pot,demo_randomized,ahs,unpaired_fallback,16,1251100020,7f2f40da6a07f8e3e54ad5fb17e1fe62eb09d626,0,16,1.4657220840454102,43.527652740478516
move_can_pot,demo_randomized,ahs,unpaired_fallback,17,1251100023,b027891baafaa3f592c062d67f3f2f95b444c48a,0,18,1.6455063819885254,47.06901550292969
move_can_pot,demo_randomized,ahs,unpaired_fallback,18,1251100024,feb8623b985c689570ab832ece05838fd6cbd1bc,1,7,0.6384837627410889,19.547687530517578
move_can_pot,demo_randomized,ahs,unpaired_fallback,19,1251100025,f1d8f3a04d4ccadf3e109ba5448e4d4c528416c7,0,16,1.4715938568115234,48.05270767211914
move_pillbottle_pad,demo_clean,base,strict_paired_manifest,0,9430000,34368297b4970cc4a80e7e563e590c5c8369c9af,1,3,5.633448123931885,20.045820236206055
move_pillbottle_pad,demo_clean,base,strict_paired_manifest,1,9430001,837df52cf45a86d02c984239b3e0b7f31a7212d3,1,3,0.2742927074432373,11.838045120239258
move_pillbottle_pad,demo_clean,base,strict_paired_manifest,2,9430002,b427a34dda897101164b001a542321a6d981d955,1,4,0.36133670806884766,16.52325439453125
move_pillbottle_pad,demo_clean,base,strict_paired_manifest,3,9430003,6399ff2f97f5282caf37f5d521a433bcaabeca14,0,8,0.7164113521575928,31.364192962646484
move_pillbottle_pad,demo_clean,base,strict_paired_manifest,4,9430004,83e9f1c9b0d562ed9012a96a19ddfb5f4c7077b4,1,3,0.26947736740112305,11.648736953735352
move_pillbottle_pad,demo_clean,base,strict_paired_manifest,5,9430005,1fc3d89bf0fba776a7153c9354f73c3bd208fe38,1,4,0.3631141185760498,19.255327224731445
move_pillbottle_pad,demo_clean,base,strict_paired_manifest,6,9430006,00c8598a335e062e1903b79150cc43b22c604b2a,1,3,0.27114176750183105,11.96636962890625
move_pillbottle_pad,demo_clean,base,strict_paired_manifest,7,9430007,acd4e34b5c6dee05e9a5cfc6edde43d8451e7b1a,1,4,0.3614809513092041,16.365299224853516
move_pillbottle_pad,demo_clean,base,strict_paired_manifest,8,9430008,fc50ed94daac4b3b82ba929601cfe58f0ef61f98,0,8,0.7173693180084229,30.90024757385254
move_pillbottle_pad,demo_clean,base,strict_paired_manifest,9,9430009,34368297b4970cc4a80e7e563e590c5c8369c9af,0,8,0.7240564823150635,30.352157592773438
move_pillbottle_pad,demo_clean,base,strict_paired_manifest,10,9430010,963f7e8ec68d6488321e015936cc3de0f711fb65,0,8,0.7233884334564209,33.03803634643555
move_pillbottle_pad,demo_clean,base,strict_paired_manifest,11,9430011,11b8e14df6b2e42469d32e260f1124d203713b16,1,4,0.360213041305542,16.38823127746582
move_pillbottle_pad,demo_clean,base,strict_paired_manifest,12,9430012,25f532deec8b12f13ffe6f5264c8d4287f8f31c3,1,3,0.268017053604126,12.078948974609375
move_pillbottle_pad,demo_clean,base,strict_paired_manifest,13,9430013,789ccf924d974f9e13645c4dc5fd71403eb28559,0,8,0.7188501358032227,32.16990661621094
move_pillbottle_pad,demo_clean,base,strict_paired_manifest,14,9430014,e103390ac9931989af05424fff466210f0ad4b2f,0,8,0.7209477424621582,30.194990158081055
move_pillbottle_pad,demo_clean,base,strict_paired_manifest,15,9430015,2d3681f825114a9a5da13300dd253ff7bbaabdbc,1,3,0.27521181106567383,14.653791427612305
move_pillbottle_pad,demo_clean,base,strict_paired_manifest,16,9430016,5ee8c79430b1c0cba4f5c1d2d16cbf89b5bf281c,0,8,0.7158956527709961,31.218286514282227
move_pillbottle_pad,demo_clean,base,strict_paired_manifest,17,9430017,f6dcccadef3fc457967feadd413b159a1613b14f,0,8,0.7194128036499023,29.21641731262207
move_pillbottle_pad,demo_clean,base,strict_paired_manifest,18,9430018,0c6262c414117b45c5166aa908ba57c5df1d0f50,1,4,0.3593113422393799,16.174259185791016
move_pillbottle_pad,demo_clean,base,strict_paired_manifest,19,9430019,b27037bc18f64decc77ad2e7b92694eed0f6ad84,0,8,0.7175650596618652,32.88977813720703
move_pillbottle_pad,demo_clean,ahs,strict_paired_manifest,0,9430000,34368297b4970cc4a80e7e563e590c5c8369c9af,1,6,5.95246696472168,20.398406982421875
move_pillbottle_pad,demo_clean,ahs,strict_paired_manifest,1,9430001,837df52cf45a86d02c984239b3e0b7f31a7212d3,1,6,0.5471055507659912,11.685114860534668
move_pillbottle_pad,demo_clean,ahs,strict_paired_manifest,2,9430002,b427a34dda897101164b001a542321a6d981d955,1,8,0.7235512733459473,17.153467178344727
move_pillbottle_pad,demo_clean,ahs,strict_paired_manifest,3,9430003,6399ff2f97f5282caf37f5d521a433bcaabeca14,0,18,1.6419811248779297,34.53240203857422
move_pillbottle_pad,demo_clean,ahs,strict_paired_manifest,4,9430004,83e9f1c9b0d562ed9012a96a19ddfb5f4c7077b4,1,6,0.5458331108093262,12.469184875488281
move_pillbottle_pad,demo_clean,ahs,strict_paired_manifest,5,9430005,1fc3d89bf0fba776a7153c9354f73c3bd208fe38,1,7,0.64333176612854,17.917015075683594
move_pillbottle_pad,demo_clean,ahs,strict_paired_manifest,6,9430006,00c8598a335e062e1903b79150cc43b22c604b2a,1,5,0.4542677402496338,12.850815773010254
move_pillbottle_pad,demo_clean,ahs,strict_paired_manifest,7,9430007,acd4e34b5c6dee05e9a5cfc6edde43d8451e7b1a,1,7,0.6352815628051758,15.391850471496582
move_pillbottle_pad,demo_clean,ahs,strict_paired_manifest,8,9430008,fc50ed94daac4b3b82ba929601cfe58f0ef61f98,1,4,0.3613088130950928,11.299445152282715
move_pillbottle_pad,demo_clean,ahs,strict_paired_manifest,9,9430009,34368297b4970cc4a80e7e563e590c5c8369c9af,1,6,0.5428590774536133,13.303788185119629
move_pillbottle_pad,demo_clean,ahs,strict_paired_manifest,10,9430010,963f7e8ec68d6488321e015936cc3de0f711fb65,0,17,1.5461580753326416,37.53015899658203
move_pillbottle_pad,demo_clean,ahs,strict_paired_manifest,11,9430011,11b8e14df6b2e42469d32e260f1124d203713b16,1,6,0.5397202968597412,13.402109146118164
move_pillbottle_pad,demo_clean,ahs,strict_paired_manifest,12,9430012,25f532deec8b12f13ffe6f5264c8d4287f8f31c3,1,6,0.5421435832977295,13.693004608154297
move_pillbottle_pad,demo_clean,ahs,strict_paired_manifest,13,9430013,789ccf924d974f9e13645c4dc5fd71403eb28559,1,6,0.5415768623352051,13.697288513183594
move_pillbottle_pad,demo_clean,ahs,strict_paired_manifest,14,9430014,e103390ac9931989af05424fff466210f0ad4b2f,1,6,0.5423276424407959,14.192444801330566
move_pillbottle_pad,demo_clean,ahs,strict_paired_manifest,15,9430015,2d3681f825114a9a5da13300dd253ff7bbaabdbc,1,6,0.5421736240386963,15.203746795654297
move_pillbottle_pad,demo_clean,ahs,strict_paired_manifest,16,9430016,5ee8c79430b1c0cba4f5c1d2d16cbf89b5bf281c,0,17,1.5313689708709717,32.68201446533203
move_pillbottle_pad,demo_clean,ahs,strict_paired_manifest,17,9430017,f6dcccadef3fc457967feadd413b159a1613b14f,1,6,0.5423717498779297,12.670438766479492
move_pillbottle_pad,demo_clean,ahs,strict_paired_manifest,18,9430018,0c6262c414117b45c5166aa908ba57c5df1d0f50,1,7,0.6362450122833252,14.157594680786133
move_pillbottle_pad,demo_clean,ahs,strict_paired_manifest,19,9430019,b27037bc18f64decc77ad2e7b92694eed0f6ad84,0,18,1.6320335865020752,34.283870697021484
move_pillbottle_pad,demo_randomized,base,unpaired_fallback,0,1254100000,2d3681f825114a9a5da13300dd253ff7bbaabdbc,0,8,6.105531692504883,48.93519973754883
move_pillbottle_pad,demo_randomized,base,unpaired_fallback,1,1254100002,336da47c0026cd7a47d6e3be377ef8eb0d7c5c70,0,8,0.7270858287811279,38.41286087036133
move_pillbottle_pad,demo_randomized,base,unpaired_fallback,2,1254100003,44c182d968a6f51b930a391c6accfcc3ab613d1c,0,8,0.7307479381561279,38.73289489746094
move_pillbottle_pad,demo_randomized,base,unpaired_fallback,3,1254100004,11b8e14df6b2e42469d32e260f1124d203713b16,0,8,0.7264909744262695,40.50895690917969
move_pillbottle_pad,demo_randomized,base,unpaired_fallback,4,1254100006,acd4e34b5c6dee05e9a5cfc6edde43d8451e7b1a,0,8,0.7227489948272705,42.812904357910156
move_pillbottle_pad,demo_randomized,base,unpaired_fallback,5,1254100007,25f532deec8b12f13ffe6f5264c8d4287f8f31c3,0,8,0.7251219749450684,38.828182220458984
move_pillbottle_pad,demo_randomized,base,unpaired_fallback,6,1254100008,bacf540c806d7f79e3b535b63cfc14a67d38f613,0,8,0.7325019836425781,41.83717346191406
move_pillbottle_pad,demo_randomized,base,unpaired_fallback,7,1254100009,b807941c290a0d2fd6f23cee9930b0497fff7168,0,8,0.7252013683319092,37.42704391479492
move_pillbottle_pad,demo_randomized,base,unpaired_fallback,8,1254100010,f253c319345ee241d337ae7c5862ea9599694d20,1,4,0.36623144149780273,19.336153030395508
move_pillbottle_pad,demo_randomized,base,unpaired_fallback,9,1254100011,963f7e8ec68d6488321e015936cc3de0f711fb65,0,8,0.7266378402709961,43.09147262573242
move_pillbottle_pad,demo_randomized,base,unpaired_fallback,10,1254100012,59d2797efc3759b5ded65399b1ffa60020b7b018,0,8,0.7274959087371826,39.08979415893555
move_pillbottle_pad,demo_randomized,base,unpaired_fallback,11,1254100014,59d2797efc3759b5ded65399b1ffa60020b7b018,0,8,0.7262825965881348,42.01388931274414
move_pillbottle_pad,demo_randomized,base,unpaired_fallback,12,1254100015,e103390ac9931989af05424fff466210f0ad4b2f,1,4,0.36563825607299805,19.3726749420166
move_pillbottle_pad,demo_randomized,base,unpaired_fallback,13,1254100017,963f7e8ec68d6488321e015936cc3de0f711fb65,0,8,0.7306311130523682,39.81290054321289
move_pillbottle_pad,demo_randomized,base,unpaired_fallback,14,1254100018,7dfdda326436448c27836fd9171f6769b8b05f75,1,6,0.5463030338287354,25.819316864013672
move_pillbottle_pad,demo_randomized,base,unpaired_fallback,15,1254100019,336da47c0026cd7a47d6e3be377ef8eb0d7c5c70,1,4,0.36576080322265625,20.113306045532227
move_pillbottle_pad,demo_randomized,base,unpaired_fallback,16,1254100020,2b4bf85f7433a4638a460e5764bdbffb8bca7b59,0,8,0.7232022285461426,36.55522155761719
move_pillbottle_pad,demo_randomized,base,unpaired_fallback,17,1254100021,648a843c0fbd92dd0dbe11e6a02708d46e982f03,1,4,0.3679673671722412,19.028627395629883
move_pillbottle_pad,demo_randomized,base,unpaired_fallback,18,1254100022,fc50ed94daac4b3b82ba929601cfe58f0ef61f98,1,3,0.2741522789001465,15.942708969116211
move_pillbottle_pad,demo_randomized,base,unpaired_fallback,19,1254100029,837df52cf45a86d02c984239b3e0b7f31a7212d3,0,8,0.7287435531616211,44.42390823364258
move_pillbottle_pad,demo_randomized,ahs,unpaired_fallback,0,1255100002,1fbee0a1321c8978f9ea004ea2dbef63430fa990,0,17,6.766195297241211,51.46311569213867
move_pillbottle_pad,demo_randomized,ahs,unpaired_fallback,1,1255100003,64039d7c67ac1fbe1713924401c2eaf7c916b2bb,0,17,1.5743041038513184,40.52527618408203
move_pillbottle_pad,demo_randomized,ahs,unpaired_fallback,2,1255100004,47389dbc9414af72f34afe22aa335abd1d05a458,1,10,0.9239804744720459,25.973356246948242
move_pillbottle_pad,demo_randomized,ahs,unpaired_fallback,3,1255100005,5ee8c79430b1c0cba4f5c1d2d16cbf89b5bf281c,0,16,1.4702997207641602,40.77089309692383
move_pillbottle_pad,demo_randomized,ahs,unpaired_fallback,4,1255100006,93076a281b8654d96eaa3f87ee47967afce43c12,1,5,0.4635756015777588,17.231487274169922
move_pillbottle_pad,demo_randomized,ahs,unpaired_fallback,5,1255100007,5ee8c79430b1c0cba4f5c1d2d16cbf89b5bf281c,0,16,1.4555459022521973,40.632389068603516
move_pillbottle_pad,demo_randomized,ahs,unpaired_fallback,6,1255100008,84cd54d471fffb8e0f0e3abff99bda33d9d211ea,0,15,1.3934502601623535,41.038082122802734
move_pillbottle_pad,demo_randomized,ahs,unpaired_fallback,7,1255100010,71a0889dc363f6e0f88e38d79cd63804c371fa8a,0,17,1.5513110160827637,42.370487213134766
move_pillbottle_pad,demo_randomized,ahs,unpaired_fallback,8,1255100011,02c046efa4ef18e86e49486dfc0696999e5b2b3c,0,15,1.377918004989624,39.737186431884766
move_pillbottle_pad,demo_randomized,ahs,unpaired_fallback,9,1255100012,acd4e34b5c6dee05e9a5cfc6edde43d8451e7b1a,1,6,0.55198073387146,16.66388511657715
move_pillbottle_pad,demo_randomized,ahs,unpaired_fallback,10,1255100013,837df52cf45a86d02c984239b3e0b7f31a7212d3,0,17,1.5588369369506836,40.861083984375
move_pillbottle_pad,demo_randomized,ahs,unpaired_fallback,11,1255100015,4658f40d11da20aef6feefa97c0a52feca9890b3,0,15,1.3720507621765137,41.05650329589844
move_pillbottle_pad,demo_randomized,ahs,unpaired_fallback,12,1255100016,11b8e14df6b2e42469d32e260f1124d203713b16,0,18,1.6493427753448486,44.4768180847168
move_pillbottle_pad,demo_randomized,ahs,unpaired_fallback,13,1255100017,34368297b4970cc4a80e7e563e590c5c8369c9af,0,16,1.4761435985565186,44.6214485168457
move_pillbottle_pad,demo_randomized,ahs,unpaired_fallback,14,1255100018,57698016270188055b7779795e4b5a5215c2bc2c,0,18,1.6566314697265625,43.315364837646484
move_pillbottle_pad,demo_randomized,ahs,unpaired_fallback,15,1255100019,1740710ee7abf39e5360d631891c9a504f758d70,0,16,1.4607110023498535,40.25301742553711
move_pillbottle_pad,demo_randomized,ahs,unpaired_fallback,16,1255100020,09610eb2a5985c9b78dfd4c765d94eb28e6af4bf,1,14,1.281639575958252,33.230098724365234
move_pillbottle_pad,demo_randomized,ahs,unpaired_fallback,17,1255100021,11aa2ecb9b1e2c92156670cedac5fa198b8d4601,1,6,0.5488135814666748,14.892801284790039
move_pillbottle_pad,demo_randomized,ahs,unpaired_fallback,18,1255100023,a38e931edcfe519720a040243603d839f46b72b8,1,7,0.6378045082092285,17.812156677246094
move_pillbottle_pad,demo_randomized,ahs,unpaired_fallback,19,1255100025,39e3b5993da09ae4c06c6bff44f6009edf8ee618,0,16,1.4740862846374512,40.96128845214844
move_playingcard_away,demo_clean,base,strict_paired_manifest,0,9440000,a3f5092e6a9906601b52c75800efadd744d30045,1,3,5.713075637817383,20.353347778320312
move_playingcard_away,demo_clean,base,strict_paired_manifest,1,9440001,9e3b830882aa8061cb3d1512e6a99eed29f369a4,1,3,0.27127695083618164,11.100776672363281
move_playingcard_away,demo_clean,base,strict_paired_manifest,2,9440002,90a22e6a1ee53bac42ea8679aef1e235ae13831e,1,3,0.27114081382751465,11.122126579284668
move_playingcard_away,demo_clean,base,strict_paired_manifest,3,9440003,5a7f83cebdc84019221c3db7cdc44ae3a2c9d4c1,1,3,0.2680239677429199,11.414970397949219
move_playingcard_away,demo_clean,base,strict_paired_manifest,4,9440004,4671ea37dbcc1aa2b8e31bde3f63dcdadfbbd0a3,1,3,0.26779675483703613,11.611198425292969
move_playingcard_away,demo_clean,base,strict_paired_manifest,5,9440005,1097e96fa134dbc7a70f748e7741d741f3ac8796,1,3,0.2751576900482178,14.898736953735352
move_playingcard_away,demo_clean,base,strict_paired_manifest,6,9440006,9e3b830882aa8061cb3d1512e6a99eed29f369a4,1,3,0.2689039707183838,11.777957916259766
move_playingcard_away,demo_clean,base,strict_paired_manifest,7,9440007,a3f5092e6a9906601b52c75800efadd744d30045,1,3,0.2676267623901367,11.667420387268066
move_playingcard_away,demo_clean,base,strict_paired_manifest,8,9440008,a3f5092e6a9906601b52c75800efadd744d30045,1,3,0.27022480964660645,10.901491165161133
move_playingcard_away,demo_clean,base,strict_paired_manifest,9,9440009,09659204523af718f6a537851be31b285f007524,1,3,0.26994919776916504,10.930427551269531
move_playingcard_away,demo_clean,base,strict_paired_manifest,10,9440010,86b2bfd66f59601c205e528668b54c7bac773003,1,3,0.27345824241638184,13.969351768493652
move_playingcard_away,demo_clean,base,strict_paired_manifest,11,9440011,90a22e6a1ee53bac42ea8679aef1e235ae13831e,1,3,0.26807332038879395,10.807199478149414
move_playingcard_away,demo_clean,base,strict_paired_manifest,12,9440012,1978a6a048fbdb8b61e1b3b106c5810a8f6c5462,0,8,0.7167654037475586,30.961605072021484
move_playingcard_away,demo_clean,base,strict_paired_manifest,13,9440013,cc49c29e8ca49a52df223182683c31c311e47c38,1,3,0.270587682723999,11.747127532958984
move_playingcard_away,demo_clean,base,strict_paired_manifest,14,9440014,a89bb25c830eee2eb730b4f4b17c464964b2b8bc,1,3,0.2693202495574951,11.764336585998535
move_playingcard_away,demo_clean,base,strict_paired_manifest,15,9440015,7dc263b23bdd511d7687f2d6b6d53601e1e85f0d,1,3,0.2695634365081787,14.309833526611328
move_playingcard_away,demo_clean,base,strict_paired_manifest,16,9440016,09659204523af718f6a537851be31b285f007524,1,3,0.2702033519744873,11.176344871520996
move_playingcard_away,demo_clean,base,strict_paired_manifest,17,9440017,9f85bd32b32f413fc18d32fd20651885eafeda1a,1,3,0.269075870513916,11.994791030883789
move_playingcard_away,demo_clean,base,strict_paired_manifest,18,9440018,4b15f2b5ae9f779a4f38a22d62e5ba5a0988f489,0,8,0.7189087867736816,30.16037940979004
move_playingcard_away,demo_clean,base,strict_paired_manifest,19,9440019,600cdda54fd840e877152b35b6c0c3df50743647,1,3,0.2707679271697998,11.014202117919922
move_playingcard_away,demo_clean,ahs,strict_paired_manifest,0,9440000,a3f5092e6a9906601b52c75800efadd744d30045,1,4,5.696821212768555,18.102516174316406
move_playingcard_away,demo_clean,ahs,strict_paired_manifest,1,9440001,9e3b830882aa8061cb3d1512e6a99eed29f369a4,1,5,0.46204352378845215,10.03774356842041
move_playingcard_away,demo_clean,ahs,strict_paired_manifest,2,9440002,90a22e6a1ee53bac42ea8679aef1e235ae13831e,1,4,0.36709022521972656,8.713000297546387
move_playingcard_away,demo_clean,ahs,strict_paired_manifest,3,9440003,5a7f83cebdc84019221c3db7cdc44ae3a2c9d4c1,1,5,0.4538731575012207,10.699529647827148
move_playingcard_away,demo_clean,ahs,strict_paired_manifest,4,9440004,4671ea37dbcc1aa2b8e31bde3f63dcdadfbbd0a3,1,5,0.45450806617736816,9.224254608154297
move_playingcard_away,demo_clean,ahs,strict_paired_manifest,5,9440005,1097e96fa134dbc7a70f748e7741d741f3ac8796,1,5,0.4569687843322754,13.50964641571045
move_playingcard_away,demo_clean,ahs,strict_paired_manifest,6,9440006,9e3b830882aa8061cb3d1512e6a99eed29f369a4,0,18,1.6343066692352295,34.269691467285156
move_playingcard_away,demo_clean,ahs,strict_paired_manifest,7,9440007,a3f5092e6a9906601b52c75800efadd744d30045,1,6,0.5478487014770508,11.079706192016602
move_playingcard_away,demo_clean,ahs,strict_paired_manifest,8,9440008,a3f5092e6a9906601b52c75800efadd744d30045,1,5,0.4599769115447998,9.120908737182617
move_playingcard_away,demo_clean,ahs,strict_paired_manifest,9,9440009,09659204523af718f6a537851be31b285f007524,1,5,0.45443272590637207,9.01484489440918
move_playingcard_away,demo_clean,ahs,strict_paired_manifest,10,9440010,86b2bfd66f59601c205e528668b54c7bac773003,1,5,0.46352124214172363,12.708237648010254
move_playingcard_away,demo_clean,ahs,strict_paired_manifest,11,9440011,90a22e6a1ee53bac42ea8679aef1e235ae13831e,1,3,0.27396488189697266,8.557602882385254
move_playingcard_away,demo_clean,ahs,strict_paired_manifest,12,9440012,1978a6a048fbdb8b61e1b3b106c5810a8f6c5462,0,18,1.633530855178833,33.88865280151367
move_playingcard_away,demo_clean,ahs,strict_paired_manifest,13,9440013,cc49c29e8ca49a52df223182683c31c311e47c38,0,18,1.6443469524383545,34.67913818359375
move_playingcard_away,demo_clean,ahs,strict_paired_manifest,14,9440014,a89bb25c830eee2eb730b4f4b17c464964b2b8bc,1,5,0.45082974433898926,10.819168090820312
move_playingcard_away,demo_clean,ahs,strict_paired_manifest,15,9440015,7dc263b23bdd511d7687f2d6b6d53601e1e85f0d,1,5,0.45961570739746094,12.984148025512695
move_playingcard_away,demo_clean,ahs,strict_paired_manifest,16,9440016,09659204523af718f6a537851be31b285f007524,1,4,0.36040329933166504,9.670394897460938
move_playingcard_away,demo_clean,ahs,strict_paired_manifest,17,9440017,9f85bd32b32f413fc18d32fd20651885eafeda1a,1,6,0.5385487079620361,11.562135696411133
move_playingcard_away,demo_clean,ahs,strict_paired_manifest,18,9440018,4b15f2b5ae9f779a4f38a22d62e5ba5a0988f489,0,17,1.5357065200805664,33.00164794921875
move_playingcard_away,demo_clean,ahs,strict_paired_manifest,19,9440019,600cdda54fd840e877152b35b6c0c3df50743647,1,4,0.3629627227783203,9.064884185791016
move_playingcard_away,demo_randomized,base,unpaired_fallback,0,1258100000,9e3b830882aa8061cb3d1512e6a99eed29f369a4,1,3,5.496066093444824,23.327980041503906
move_playingcard_away,demo_randomized,base,unpaired_fallback,1,1258100001,3e4871db6583abde834445d6d0ba7db28fdec42d,1,3,0.2738490104675293,14.591836929321289
move_playingcard_away,demo_randomized,base,unpaired_fallback,2,1258100002,58bcf455d0588ae1bd55ccd9f39d5a65766d9a7a,1,3,0.27553558349609375,13.62975788116455
move_playingcard_away,demo_randomized,base,unpaired_fallback,3,1258100004,b3d38638468174b9097af0a5d085ee5267d81902,1,3,0.27367401123046875,14.06300163269043
move_playingcard_away,demo_randomized,base,unpaired_fallback,4,1258100005,f7a936d515211084bc1d9837ca91e111cf7b5eda,1,3,0.27086472511291504,17.934560775756836
move_playingcard_away,demo_randomized,base,unpaired_fallback,5,1258100006,14d33c359c4f2af671687f33a4aa862bcb420551,1,3,0.2733185291290283,14.902216911315918
move_playingcard_away,demo_randomized,base,unpaired_fallback,6,1258100007,0ecbcfacc8ad5cf24ca01d4689f80af57dcce063,0,8,0.7251338958740234,40.04922866821289
move_playingcard_away,demo_randomized,base,unpaired_fallback,7,1258100008,14d33c359c4f2af671687f33a4aa862bcb420551,1,3,0.2727034091949463,13.405941009521484
move_playingcard_away,demo_randomized,base,unpaired_fallback,8,1258100009,332448bdd8df589a04c84016abf7a6fd00e1c12a,0,8,0.7195687294006348,37.20186233520508
move_playingcard_away,demo_randomized,base,unpaired_fallback,9,1258100010,14d33c359c4f2af671687f33a4aa862bcb420551,1,3,0.2818896770477295,17.954952239990234
move_playingcard_away,demo_randomized,base,unpaired_fallback,10,1258100011,d1bcf2cc2cb7a2aea7aae8aca91c5cb8481db4f1,0,8,0.7312226295471191,39.04327392578125
move_playingcard_away,demo_randomized,base,unpaired_fallback,11,1258100012,09659204523af718f6a537851be31b285f007524,1,3,0.27213478088378906,14.684222221374512
move_playingcard_away,demo_randomized,base,unpaired_fallback,12,1258100013,d5ac3c13ba20c845fa7721a361ac9480ade017e3,0,8,0.7242939472198486,37.39873504638672
move_playingcard_away,demo_randomized,base,unpaired_fallback,13,1258100014,f7a936d515211084bc1d9837ca91e111cf7b5eda,1,3,0.27317166328430176,14.558722496032715
move_playingcard_away,demo_randomized,base,unpaired_fallback,14,1258100015,b1f1f18092049db6eb7941e4b0561425e67c6e82,1,3,0.27144479751586914,17.248966217041016
move_playingcard_away,demo_randomized,base,unpaired_fallback,15,1258100016,90a22e6a1ee53bac42ea8679aef1e235ae13831e,0,8,0.7259542942047119,39.30256652832031
move_playingcard_away,demo_randomized,base,unpaired_fallback,16,1258100017,28ec9be993c377de219e8f89a09981b1376243aa,1,3,0.2758219242095947,14.81121826171875
move_playingcard_away,demo_randomized,base,unpaired_fallback,17,1258100019,a92fc5b273453926297dc550090435c7dc9a0979,1,3,0.2744579315185547,14.071935653686523
move_playingcard_away,demo_randomized,base,unpaired_fallback,18,1258100020,df8b7bc264f45b3c5e2aa6b95922aaa23bb75cae,1,3,0.27174925804138184,14.34893798828125
move_playingcard_away,demo_randomized,base,unpaired_fallback,19,1258100021,beb1bf91fa2f5ea0427768d2a40a2cf8e315b7c4,1,3,0.27324938774108887,17.92987823486328
move_playingcard_away,demo_randomized,ahs,unpaired_fallback,0,1259100001,a718d275dc650a769a931d50d5c3b1dead4f6c26,1,5,5.521670341491699,22.594568252563477
move_playingcard_away,demo_randomized,ahs,unpaired_fallback,1,1259100002,2c37c86b332fee7602022185fdb3f65fa8b08394,1,5,0.46185731887817383,13.19654655456543
move_playingcard_away,demo_randomized,ahs,unpaired_fallback,2,1259100003,6da2e13af5e4faaeb355b73280bbaee88698d044,1,5,0.4596278667449951,13.627015113830566
move_playingcard_away,demo_randomized,ahs,unpaired_fallback,3,1259100004,0d927484d6eaf60d1bc4ab08f2bab7a0aaa8e862,1,5,0.4593977928161621,12.047576904296875
move_playingcard_away,demo_randomized,ahs,unpaired_fallback,4,1259100005,cc49c29e8ca49a52df223182683c31c311e47c38,1,4,0.3655731678009033,13.60317611694336
move_playingcard_away,demo_randomized,ahs,unpaired_fallback,5,1259100006,cc49c29e8ca49a52df223182683c31c311e47c38,1,5,0.4590785503387451,14.029898643493652
move_playingcard_away,demo_randomized,ahs,unpaired_fallback,6,1259100007,7ba10395b4fb094d403202d307f43613428c4dfd,1,5,0.46332645416259766,12.46541976928711
move_playingcard_away,demo_randomized,ahs,unpaired_fallback,7,1259100009,9f85bd32b32f413fc18d32fd20651885eafeda1a,0,17,1.5549864768981934,42.825138092041016
move_playingcard_away,demo_randomized,ahs,unpaired_fallback,8,1259100010,3e4871db6583abde834445d6d0ba7db28fdec42d,1,5,0.45745849609375,13.844380378723145
move_playingcard_away,demo_randomized,ahs,unpaired_fallback,9,1259100012,1097e96fa134dbc7a70f748e7741d741f3ac8796,0,17,1.5561809539794922,44.30852127075195
move_playingcard_away,demo_randomized,ahs,unpaired_fallback,10,1259100013,c28bf108493152f1fba8fa8417d246dbe29778ca,1,5,0.4567115306854248,13.60444164276123
move_playingcard_away,demo_randomized,ahs,unpaired_fallback,11,1259100015,86b2bfd66f59601c205e528668b54c7bac773003,0,16,1.466825246810913,41.62373733520508
move_playingcard_away,demo_randomized,ahs,unpaired_fallback,12,1259100016,7e61e6d562a766084a730bb81f8c704a244052c9,1,5,0.46552062034606934,12.880593299865723
move_playingcard_away,demo_randomized,ahs,unpaired_fallback,13,1259100017,4e2f298a8ea5b567d9a1643bdd8405d59971cd80,1,5,0.459747314453125,12.78474235534668
move_playingcard_away,demo_randomized,ahs,unpaired_fallback,14,1259100018,0f86951b4cce1aa7d227ab2902f0f42e4035c532,1,5,0.45850634574890137,14.938448905944824
move_playingcard_away,demo_randomized,ahs,unpaired_fallback,15,1259100019,4e2f298a8ea5b567d9a1643bdd8405d59971cd80,1,5,0.4610624313354492,12.745986938476562
move_playingcard_away,demo_randomized,ahs,unpaired_fallback,16,1259100020,6a3f8f26112af3d7b512643f403bd91f3274852b,1,5,0.463655948638916,13.816039085388184
move_playingcard_away,demo_randomized,ahs,unpaired_fallback,17,1259100021,28ec9be993c377de219e8f89a09981b1376243aa,0,19,1.7388665676116943,37.79572296142578
move_playingcard_away,demo_randomized,ahs,unpaired_fallback,18,1259100022,1097e96fa134dbc7a70f748e7741d741f3ac8796,0,16,1.4825139045715332,40.38930892944336
move_playingcard_away,demo_randomized,ahs,unpaired_fallback,19,1259100024,9c4a903392d1813c75284cc0f1ae0820e2458bfe,1,5,0.4583311080932617,16.124061584472656
move_stapler_pad,demo_clean,base,strict_paired_manifest,0,9450000,a4adf96cdffd7f60502bef73d60197956756713b,0,8,5.892489433288574,40.56586456298828
move_stapler_pad,demo_clean,base,strict_paired_manifest,1,9450001,13cbce645903685b821a84e229469e63af94d743,0,8,0.7209134101867676,31.581113815307617
move_stapler_pad,demo_clean,base,strict_paired_manifest,2,9450002,378770f043a58bd3b903c60d8f3a059b488dc8ef,0,8,0.7177591323852539,33.20634460449219
move_stapler_pad,demo_clean,base,strict_paired_manifest,3,9450003,aaa76ff217a7897e3e404c67f7bd70ea9a37ad05,0,8,0.7141509056091309,32.718528747558594
move_stapler_pad,demo_clean,base,strict_paired_manifest,4,9450004,cc8b4895c305a05393001350c18adc3a76c8e837,0,8,0.719928503036499,31.52360725402832
move_stapler_pad,demo_clean,base,strict_paired_manifest,5,9450005,a13c0d8c8ddabbf5d52106d3f5776cda5294e16c,0,8,0.71559739112854,30.772708892822266
move_stapler_pad,demo_clean,base,strict_paired_manifest,6,9450006,a0e497304b8eec6172f192354a97debdc963115a,0,8,0.7191407680511475,34.756465911865234
move_stapler_pad,demo_clean,base,strict_paired_manifest,7,9450007,47cbb50914106830aadcbee958500008020708ab,0,8,0.7177677154541016,31.397136688232422
move_stapler_pad,demo_clean,base,strict_paired_manifest,8,9450008,a990c57d2fc944f33a1cba3036351df5c555af3e,1,3,0.27073144912719727,13.301441192626953
move_stapler_pad,demo_clean,base,strict_paired_manifest,9,9450009,b93acc3c88a9917584e76c914a823628ceec5115,0,8,0.7201199531555176,31.205224990844727
move_stapler_pad,demo_clean,base,strict_paired_manifest,10,9450010,2da6d63d7bd2261e1acfacca702b7e19a3493d95,0,8,0.7237060070037842,37.244529724121094
move_stapler_pad,demo_clean,base,strict_paired_manifest,11,9450011,20cdc51f8b15e59d57d2bbfa70e9f57f9139e332,0,8,0.7136197090148926,31.505468368530273
move_stapler_pad,demo_clean,base,strict_paired_manifest,12,9450012,805a7b2116bd60cd63baea16fb957a5038150c1e,0,8,0.7171611785888672,31.138185501098633
move_stapler_pad,demo_clean,base,strict_paired_manifest,13,9450013,cbd30c531f88a147289dc1c17876e606173b793c,1,4,0.3578073978424072,16.210941314697266
move_stapler_pad,demo_clean,base,strict_paired_manifest,14,9450014,03b6ad35c7743a893e1b8f5832a578fbacc85f24,0,8,0.7170507907867432,30.95574188232422
move_stapler_pad,demo_clean,base,strict_paired_manifest,15,9450015,1cf3f1901ed9b600e45150e912ee2f58eda5470e,1,4,0.36248302459716797,19.217029571533203
move_stapler_pad,demo_clean,base,strict_paired_manifest,16,9450016,0484fc6a9dfe2e0b8f03ae4caf3c6840a52a8d9c,0,8,0.7140796184539795,32.34174728393555
move_stapler_pad,demo_clean,base,strict_paired_manifest,17,9450017,7236cac817564b2ec6aad49cbf61fe4a530b9a42,1,8,0.7121734619140625,32.36824417114258
move_stapler_pad,demo_clean,base,strict_paired_manifest,18,9450018,a5157482934511584c15b873cae5df03f78dd71d,0,8,0.7171664237976074,34.116695404052734
move_stapler_pad,demo_clean,base,strict_paired_manifest,19,9450019,9ebc9efb9425776aee54c5dca6189d2021e8e299,0,8,0.7198140621185303,31.8592529296875
move_stapler_pad,demo_clean,ahs,strict_paired_manifest,0,9450000,a4adf96cdffd7f60502bef73d60197956756713b,0,16,6.69495964050293,42.89368438720703
move_stapler_pad,demo_clean,ahs,strict_paired_manifest,1,9450001,13cbce645903685b821a84e229469e63af94d743,1,7,0.6366980075836182,14.559186935424805
move_stapler_pad,demo_clean,ahs,strict_paired_manifest,2,9450002,378770f043a58bd3b903c60d8f3a059b488dc8ef,0,15,1.3613455295562744,35.86182403564453
move_stapler_pad,demo_clean,ahs,strict_paired_manifest,3,9450003,aaa76ff217a7897e3e404c67f7bd70ea9a37ad05,0,14,1.2709996700286865,34.37614822387695
move_stapler_pad,demo_clean,ahs,strict_paired_manifest,4,9450004,cc8b4895c305a05393001350c18adc3a76c8e837,1,7,0.6373569965362549,14.17630672454834
move_stapler_pad,demo_clean,ahs,strict_paired_manifest,5,9450005,a13c0d8c8ddabbf5d52106d3f5776cda5294e16c,0,18,1.6414828300476074,33.1934928894043
move_stapler_pad,demo_clean,ahs,strict_paired_manifest,6,9450006,a0e497304b8eec6172f192354a97debdc963115a,1,6,0.5413565635681152,16.991052627563477
move_stapler_pad,demo_clean,ahs,strict_paired_manifest,7,9450007,47cbb50914106830aadcbee958500008020708ab,0,18,1.639167308807373,34.3648681640625
move_stapler_pad,demo_clean,ahs,strict_paired_manifest,8,9450008,a990c57d2fc944f33a1cba3036351df5c555af3e,0,18,1.6294145584106445,34.55413055419922
move_stapler_pad,demo_clean,ahs,strict_paired_manifest,9,9450009,b93acc3c88a9917584e76c914a823628ceec5115,0,15,1.3546168804168701,33.61452102661133
move_stapler_pad,demo_clean,ahs,strict_paired_manifest,10,9450010,2da6d63d7bd2261e1acfacca702b7e19a3493d95,1,6,0.5482132434844971,16.29420280456543
move_stapler_pad,demo_clean,ahs,strict_paired_manifest,11,9450011,20cdc51f8b15e59d57d2bbfa70e9f57f9139e332,0,18,1.6420388221740723,33.9034538269043
move_stapler_pad,demo_clean,ahs,strict_paired_manifest,12,9450012,805a7b2116bd60cd63baea16fb957a5038150c1e,1,7,0.6324727535247803,15.5697021484375
move_stapler_pad,demo_clean,ahs,strict_paired_manifest,13,9450013,cbd30c531f88a147289dc1c17876e606173b793c,1,6,0.5481910705566406,14.277920722961426
move_stapler_pad,demo_clean,ahs,strict_paired_manifest,14,9450014,03b6ad35c7743a893e1b8f5832a578fbacc85f24,0,19,1.7261786460876465,33.319480895996094
move_stapler_pad,demo_clean,ahs,strict_paired_manifest,15,9450015,1cf3f1901ed9b600e45150e912ee2f58eda5470e,1,8,0.7255852222442627,18.73381805419922
move_stapler_pad,demo_clean,ahs,strict_paired_manifest,16,9450016,0484fc6a9dfe2e0b8f03ae4caf3c6840a52a8d9c,0,14,1.2664995193481445,34.862335205078125
move_stapler_pad,demo_clean,ahs,strict_paired_manifest,17,9450017,7236cac817564b2ec6aad49cbf61fe4a530b9a42,0,19,1.726895809173584,34.52375793457031
move_stapler_pad,demo_clean,ahs,strict_paired_manifest,18,9450018,a5157482934511584c15b873cae5df03f78dd71d,0,16,1.4530248641967773,35.121925354003906
move_stapler_pad,demo_clean,ahs,strict_paired_manifest,19,9450019,9ebc9efb9425776aee54c5dca6189d2021e8e299,0,17,1.5429019927978516,35.29662322998047
move_stapler_pad,demo_randomized,base,unpaired_fallback,0,1262100000,c458d3bd246574681b7ce3166ede52c4935d555a,0,8,5.956140518188477,48.452880859375
move_stapler_pad,demo_randomized,base,unpaired_fallback,1,1262100001,8c7542da20504e1499d0aab1c978895dc1aef9f6,0,8,0.7287094593048096,39.0250244140625
move_stapler_pad,demo_randomized,base,unpaired_fallback,2,1262100002,075c34eaf4ed09b8ba9ab496b2ad7694cc9feb3b,0,8,0.7315108776092529,41.820777893066406
move_stapler_pad,demo_randomized,base,unpaired_fallback,3,1262100003,5dfb0cae7e804d3746cf7734526e8cf406dd0a4c,0,8,0.7236065864562988,37.57849884033203
move_stapler_pad,demo_randomized,base,unpaired_fallback,4,1262100004,587bfe65900d3fa30c43986a42b4deebb5596d5e,0,8,0.724919319152832,43.233863830566406
move_stapler_pad,demo_randomized,base,unpaired_fallback,5,1262100005,d80fb5167961759505551aa64f31c86a9345ec88,0,8,0.7316462993621826,39.0536994934082
move_stapler_pad,demo_randomized,base,unpaired_fallback,6,1262100006,6cd52dfabe8be0ed2a290514252c9d8670f6f436,0,8,0.7240724563598633,39.77882766723633
move_stapler_pad,demo_randomized,base,unpaired_fallback,7,1262100007,58be886cc5407240829861722cc9ff73cc9e2565,0,8,0.7311661243438721,38.309242248535156
move_stapler_pad,demo_randomized,base,unpaired_fallback,8,1262100008,e8c3ac15031b3bc43d040f3db31ab620483438e8,0,8,0.7332289218902588,41.438846588134766
move_stapler_pad,demo_randomized,base,unpaired_fallback,9,1262100009,0e43edb2c764895122ef10304c9b60e8d9d93b74,1,8,0.7292015552520752,42.6208610534668
move_stapler_pad,demo_randomized,base,unpaired_fallback,10,1262100010,141e9ac18b7d5a4614b50e0c627f7e6cd1b3e11c,0,8,0.7308638095855713,40.946170806884766
move_stapler_pad,demo_randomized,base,unpaired_fallback,11,1262100011,a5157482934511584c15b873cae5df03f78dd71d,0,8,0.7294261455535889,37.07310104370117
move_stapler_pad,demo_randomized,base,unpaired_fallback,12,1262100013,84299bb66ba7acb9c501dc79b3118c06bf132d42,0,8,0.7322208881378174,40.493934631347656
move_stapler_pad,demo_randomized,base,unpaired_fallback,13,1262100014,01241723cd60ecc808b73bd18d4e4b17f88c3782,1,7,0.6357846260070801,35.14830017089844
move_stapler_pad,demo_randomized,base,unpaired_fallback,14,1262100015,677583a1136b437d51c91dbd207aa3f05c3ac472,0,8,0.729149580001831,42.32575225830078
move_stapler_pad,demo_randomized,base,unpaired_fallback,15,1262100016,ed2162c117946c6351f5f1a4171e70a7ac099d86,0,8,0.7254726886749268,39.33168029785156
move_stapler_pad,demo_randomized,base,unpaired_fallback,16,1262100017,012a6acfa931256f519a2d65218c4408f5edeb23,0,8,0.7241957187652588,38.14789962768555
move_stapler_pad,demo_randomized,base,unpaired_fallback,17,1262100018,3e6b10a4f8e8b99f45fc6d225110ccc8b6f7d4d4,1,3,0.2704460620880127,15.39190673828125
move_stapler_pad,demo_randomized,base,unpaired_fallback,18,1262100019,c56b1b9b18442b7c16c20bd4ae3befa8a6b7690f,0,8,0.7237503528594971,39.8074951171875
move_stapler_pad,demo_randomized,base,unpaired_fallback,19,1262100020,d5a7503f9336f73b487f82cdfdc42268cc9a099f,1,8,0.7232182025909424,41.19211959838867
move_stapler_pad,demo_randomized,ahs,unpaired_fallback,0,1263100000,483158c046fb7ac6b3a166a75e97b22da539edab,0,15,6.561990737915039,43.492454528808594
move_stapler_pad,demo_randomized,ahs,unpaired_fallback,1,1263100001,acab9687946eb7413b4227e0a2140fd653c8103c,0,16,1.4654033184051514,41.30415725708008
move_stapler_pad,demo_randomized,ahs,unpaired_fallback,2,1263100004,584978c92e033c2c7ca65fc3782da5b0fdf2a96b,0,16,1.4637432098388672,43.60000228881836
move_stapler_pad,demo_randomized,ahs,unpaired_fallback,3,1263100006,add91945a41845b27c83b08554c0265b83bff401,0,17,1.5475127696990967,43.07270050048828
move_stapler_pad,demo_randomized,ahs,unpaired_fallback,4,1263100007,bbf9ccc5ecabfd6d6a2e88bb7e8f4248d5633884,0,18,1.643906831741333,44.83960723876953
move_stapler_pad,demo_randomized,ahs,unpaired_fallback,5,1263100008,5b4f32fa9af2f49b035b7e57282c25b39b10b05f,0,19,1.7360005378723145,42.364585876464844
move_stapler_pad,demo_randomized,ahs,unpaired_fallback,6,1263100009,2c35f1e445ddd8f8fcb7bddf0e9cd27e7e894514,0,16,1.4716908931732178,43.53164291381836
move_stapler_pad,demo_randomized,ahs,unpaired_fallback,7,1263100010,40f3482f14535d03363593b3e841bc337e43b23e,0,17,1.5507690906524658,43.409523010253906
move_stapler_pad,demo_randomized,ahs,unpaired_fallback,8,1263100011,68dd94a81d5905863bbcb5fcaac858fe4831e7b7,0,17,1.5672645568847656,42.151573181152344
move_stapler_pad,demo_randomized,ahs,unpaired_fallback,9,1263100012,a00ddc59092e7009ffd27ce9c473ea1815df2d08,0,18,1.6460826396942139,42.61354446411133
move_stapler_pad,demo_randomized,ahs,unpaired_fallback,10,1263100013,bdfb2d10dc561e5e5d5bef105b6f53c1e66ed146,0,17,1.5618455410003662,44.9010009765625
move_stapler_pad,demo_randomized,ahs,unpaired_fallback,11,1263100014,91396aac0092a2e2fbd2f750aed498de7f89273c,0,17,1.561516523361206,42.96226119995117
move_stapler_pad,demo_randomized,ahs,unpaired_fallback,12,1263100015,1d3b27f72a1bef31f7cbdee8440f850c61ecce1e,0,17,1.552565574645996,42.554141998291016
move_stapler_pad,demo_randomized,ahs,unpaired_fallback,13,1263100016,a33f0e74ce9d026efc7679edc1375db1419876ba,0,15,1.3763391971588135,39.92670440673828
move_stapler_pad,demo_randomized,ahs,unpaired_fallback,14,1263100018,790991d040568f8181860429a2dd016deec0d980,0,17,1.547072410583496,46.48080825805664
move_stapler_pad,demo_randomized,ahs,unpaired_fallback,15,1263100019,5813e03b95a4e3d879d4f1536021c1f051f56684,1,6,0.5473687648773193,17.276926040649414
move_stapler_pad,demo_randomized,ahs,unpaired_fallback,16,1263100020,4a20e149afada8fe47c52cc9e01b483e47eb91fd,0,18,1.655923843383789,43.110931396484375
move_stapler_pad,demo_randomized,ahs,unpaired_fallback,17,1263100021,a3d6361cf901c1a9080392b887fa13d13c69b84d,0,16,1.4627323150634766,41.98811340332031
move_stapler_pad,demo_randomized,ahs,unpaired_fallback,18,1263100022,6b6f12b65d3617138f03a14921b7de9ab0bbe942,0,15,1.375739336013794,41.85163879394531
move_stapler_pad,demo_randomized,ahs,unpaired_fallback,19,1263100024,d8938f1131f33553784d4af1909b8b319f3e6395,0,17,1.556579828262329,45.727420806884766
open_laptop,demo_clean,base,strict_paired_manifest,0,9460000,e45ddaeab7d5a0154d2e02f1bd91036bf247832a,1,4,5.587002754211426,28.542531967163086
open_laptop,demo_clean,base,strict_paired_manifest,1,9460001,05f1cb849cde21ebb45101dae0a20e84b7422a72,0,14,1.2658681869506836,62.13597869873047
open_laptop,demo_clean,base,strict_paired_manifest,2,9460002,9d7849ac83a1681abd76d94e0e4022acd4900b94,1,3,0.27488064765930176,15.404067993164062
open_laptop,demo_clean,base,strict_paired_manifest,3,9460003,dfa53b54e7fa537f13240603b3dc66950115bac9,1,3,0.27122044563293457,16.42876434326172
open_laptop,demo_clean,base,strict_paired_manifest,4,9460004,bfa1c63d3a657d1d00f852f22878c9c168d94dd2,1,3,0.27329230308532715,15.256424903869629
open_laptop,demo_clean,base,strict_paired_manifest,5,9460005,e1e3c513544b70f74f85f6a427a883d4300f5f20,1,3,0.2762908935546875,18.93175506591797
open_laptop,demo_clean,base,strict_paired_manifest,6,9460006,2a0b1ddb95bcf6297970a650ea2c0c6fa0470a8a,1,3,0.27497029304504395,18.463205337524414
open_laptop,demo_clean,base,strict_paired_manifest,7,9460007,e4121c364c09c9ae676ce938d7fee8212977bdb5,1,3,0.2732827663421631,17.047006607055664
open_laptop,demo_clean,base,strict_paired_manifest,8,9460008,fa4ca599b0dfc8a9dc91b64405cc77bafb599911,1,3,0.2659010887145996,16.229217529296875
open_laptop,demo_clean,base,strict_paired_manifest,9,9460009,e8795134f024c330fdc9c9952d0714cb9cf21c35,1,3,0.27141332626342773,16.732189178466797
open_laptop,demo_clean,base,strict_paired_manifest,10,9460010,2ea12c78f96b8fd5a0de73869016c436d011d224,1,3,0.2696812152862549,19.58411407470703
open_laptop,demo_clean,base,strict_paired_manifest,11,9460011,4d833167f4b48b75b5a46a9bc5e9885c5283d37a,1,4,0.3622589111328125,19.40557289123535
open_laptop,demo_clean,base,strict_paired_manifest,12,9460012,44bec2d87dfca51b0d8a42ad6fe8b410b4a87939,1,4,0.3592855930328369,21.039783477783203
open_laptop,demo_clean,base,strict_paired_manifest,13,9460013,4b3c9fae8d84ccbe9644884000ff4fdded979944,1,5,0.4521300792694092,24.04688835144043
open_laptop,demo_clean,base,strict_paired_manifest,14,9460014,a96f796c981a441d4739c062de9f3314b35358da,1,4,0.3619823455810547,19.058692932128906
open_laptop,demo_clean,base,strict_paired_manifest,15,9460015,dfa53b54e7fa537f13240603b3dc66950115bac9,1,3,0.2706446647644043,18.860944747924805
open_laptop,demo_clean,base,strict_paired_manifest,16,9460016,50c7c759964cabae81358a2391fbce97cf6b8ba8,1,3,0.26592373847961426,15.250642776489258
open_laptop,demo_clean,base,strict_paired_manifest,17,9460017,397342bf1a918b9101e5824963378af016cc7502,1,3,0.27033448219299316,15.301161766052246
open_laptop,demo_clean,base,strict_paired_manifest,18,9460018,9006d941714dfd410b61c9c44732fcaad7d1d790,1,3,0.26352572441101074,15.340560913085938
open_laptop,demo_clean,base,strict_paired_manifest,19,9460019,dc1df5e610bc4792237e6d619252b9d9b50515dc,1,3,0.268723726272583,12.680116653442383
open_laptop,demo_clean,ahs,strict_paired_manifest,0,9460000,e45ddaeab7d5a0154d2e02f1bd91036bf247832a,1,4,5.486968994140625,19.728376388549805
open_laptop,demo_clean,ahs,strict_paired_manifest,1,9460001,05f1cb849cde21ebb45101dae0a20e84b7422a72,0,30,2.708966016769409,64.73560333251953
open_laptop,demo_clean,ahs,strict_paired_manifest,2,9460002,9d7849ac83a1681abd76d94e0e4022acd4900b94,1,5,0.45130395889282227,14.955080032348633
open_laptop,demo_clean,ahs,strict_paired_manifest,3,9460003,dfa53b54e7fa537f13240603b3dc66950115bac9,1,7,0.6354694366455078,18.610614776611328
open_laptop,demo_clean,ahs,strict_paired_manifest,4,9460004,bfa1c63d3a657d1d00f852f22878c9c168d94dd2,1,6,0.5542469024658203,13.220855712890625
open_laptop,demo_clean,ahs,strict_paired_manifest,5,9460005,e1e3c513544b70f74f85f6a427a883d4300f5f20,1,8,0.7249178886413574,24.570363998413086
open_laptop,demo_clean,ahs,strict_paired_manifest,6,9460006,2a0b1ddb95bcf6297970a650ea2c0c6fa0470a8a,1,7,0.6352226734161377,20.29627227783203
open_laptop,demo_clean,ahs,strict_paired_manifest,7,9460007,e4121c364c09c9ae676ce938d7fee8212977bdb5,1,4,0.354994535446167,11.609036445617676
open_laptop,demo_clean,ahs,strict_paired_manifest,8,9460008,fa4ca599b0dfc8a9dc91b64405cc77bafb599911,1,8,0.7131924629211426,19.67760467529297
open_laptop,demo_clean,ahs,strict_paired_manifest,9,9460009,e8795134f024c330fdc9c9952d0714cb9cf21c35,1,10,0.9025094509124756,26.61745834350586
open_laptop,demo_clean,ahs,strict_paired_manifest,10,9460010,2ea12c78f96b8fd5a0de73869016c436d011d224,1,9,0.8190829753875732,25.884571075439453
open_laptop,demo_clean,ahs,strict_paired_manifest,11,9460011,4d833167f4b48b75b5a46a9bc5e9885c5283d37a,1,12,1.0859382152557373,30.485044479370117
open_laptop,demo_clean,ahs,strict_paired_manifest,12,9460012,44bec2d87dfca51b0d8a42ad6fe8b410b4a87939,1,8,0.7302136421203613,23.523134231567383
open_laptop,demo_clean,ahs,strict_paired_manifest,13,9460013,4b3c9fae8d84ccbe9644884000ff4fdded979944,0,30,2.647649049758911,63.75233840942383
open_laptop,demo_clean,ahs,strict_paired_manifest,14,9460014,a96f796c981a441d4739c062de9f3314b35358da,1,5,0.4406447410583496,11.70382308959961
open_laptop,demo_clean,ahs,strict_paired_manifest,15,9460015,dfa53b54e7fa537f13240603b3dc66950115bac9,1,7,0.6302587985992432,21.145282745361328
open_laptop,demo_clean,ahs,strict_paired_manifest,16,9460016,50c7c759964cabae81358a2391fbce97cf6b8ba8,1,7,0.634164571762085,18.145313262939453
open_laptop,demo_clean,ahs,strict_paired_manifest,17,9460017,397342bf1a918b9101e5824963378af016cc7502,1,21,1.912247657775879,40.96220397949219
open_laptop,demo_clean,ahs,strict_paired_manifest,18,9460018,9006d941714dfd410b61c9c44732fcaad7d1d790,1,16,1.4406771659851074,34.478736877441406
open_laptop,demo_clean,ahs,strict_paired_manifest,19,9460019,dc1df5e610bc4792237e6d619252b9d9b50515dc,1,8,0.71640944480896,15.532499313354492
open_laptop,demo_randomized,base,unpaired_fallback,0,1266100000,c0f655f8ca88450c657d6cbb1c019d77bda80bcf,1,3,5.581485748291016,28.122940063476562
open_laptop,demo_randomized,base,unpaired_fallback,1,1266100001,b0903c0e477411290d9cee33ca6895784379d1b6,1,3,0.27594709396362305,18.25411033630371
open_laptop,demo_randomized,base,unpaired_fallback,2,1266100002,73819de590a4384b14cc2291b6399d78266c61af,1,3,0.2771341800689697,18.187299728393555
open_laptop,demo_randomized,base,unpaired_fallback,3,1266100003,9aa38d1205feeaf42d9cc304a7c76043b4da7790,1,3,0.2756800651550293,17.198368072509766
open_laptop,demo_randomized,base,unpaired_fallback,4,1266100004,eac7aaa9ddcbf65574d3688c4c04d22dd3da580a,1,4,0.3628861904144287,27.008563995361328
open_laptop,demo_randomized,base,unpaired_fallback,5,1266100005,31f4252397402144eba2f8da7bb0504893879ae2,1,3,0.2773582935333252,19.362443923950195
open_laptop,demo_randomized,base,unpaired_fallback,6,1266100006,65c70ed6c289b7ea5da84a1c596eecc97c056e71,1,3,0.2726283073425293,20.4117374420166
open_laptop,demo_randomized,base,unpaired_fallback,7,1266100007,60540bb89c0a0168cb4adaea1f4cb969c4c19952,1,4,0.36700868606567383,23.806915283203125
open_laptop,demo_randomized,base,unpaired_fallback,8,1266100008,f3070ddceeac54cc845cb9fc6f49a06bd29af463,1,2,0.18506097793579102,13.230036735534668
open_laptop,demo_randomized,base,unpaired_fallback,9,1266100010,dfa53b54e7fa537f13240603b3dc66950115bac9,0,14,1.2697250843048096,74.98405456542969
open_laptop,demo_randomized,base,unpaired_fallback,10,1266100011,4c4f28c1f154478609360fa53ae36e915ab9cc91,1,2,0.18542098999023438,13.168600082397461
open_laptop,demo_randomized,base,unpaired_fallback,11,1266100012,794ad3212ed3f89eca68809ff87387297114f142,1,2,0.18356060981750488,13.440829277038574
open_laptop,demo_randomized,base,unpaired_fallback,12,1266100013,e97706f58ccbc222c94661f0170b014165dffd43,1,4,0.3677327632904053,21.4597110748291
open_laptop,demo_randomized,base,unpaired_fallback,13,1266100014,bfa0afbde866fddc2cbc1b0f9164c0009853169b,1,4,0.36420631408691406,24.61309814453125
open_laptop,demo_randomized,base,unpaired_fallback,14,1266100015,48fa8b3725fa215736c33ecef7ffbade4d31b12c,1,4,0.3644392490386963,26.488849639892578
open_laptop,demo_randomized,base,unpaired_fallback,15,1266100016,230e8b2d0ba042c4232eab6dbeb7e6de6f6e184b,1,3,0.2718782424926758,17.192121505737305
open_laptop,demo_randomized,base,unpaired_fallback,16,1266100017,e45ddaeab7d5a0154d2e02f1bd91036bf247832a,0,14,1.2680163383483887,76.0023422241211
open_laptop,demo_randomized,base,unpaired_fallback,17,1266100018,48b9cc4d60aa1909fcaea6644beb0b9926a977e2,1,3,0.2758631706237793,17.69420623779297
open_laptop,demo_randomized,base,unpaired_fallback,18,1266100020,382883b20bbe85a8b6b019a6d345f9e50f1ee054,1,4,0.3670084476470947,22.752134323120117
open_laptop,demo_randomized,base,unpaired_fallback,19,1266100023,870059a92671371960f4dba5f9fad1f701031ba0,0,14,1.2660901546478271,81.44110870361328
open_laptop,demo_randomized,ahs,unpaired_fallback,0,1267100000,e349064ae02bc5c240ba86b9f51a63d5c6d1d49c,1,5,5.649127960205078,22.981107711791992
open_laptop,demo_randomized,ahs,unpaired_fallback,1,1267100002,20859085d97db3f0e3ab1bdd0f18cdc49f28dc43,1,5,0.4595329761505127,13.85334587097168
open_laptop,demo_randomized,ahs,unpaired_fallback,2,1267100005,f8e2b64fe1f50c765e48f095bffc54f50b7ff8bd,1,5,0.45888495445251465,17.202638626098633
open_laptop,demo_randomized,ahs,unpaired_fallback,3,1267100006,aa60a08ecb156d976fee65ae21c87b430b72a482,0,26,2.380247116088867,86.3592529296875
open_laptop,demo_randomized,ahs,unpaired_fallback,4,1267100008,e5285f8aa0381a0f26516b478b39bbb079e8e55a,1,7,0.6436707973480225,20.09649085998535
open_laptop,demo_randomized,ahs,unpaired_fallback,5,1267100009,0d3f22c3c9f1d9e346b4989e381951c27ced4173,0,23,2.108020305633545,73.49903869628906
open_laptop,demo_randomized,ahs,unpaired_fallback,6,1267100010,73134d07dad4628cf20029ff34b7e6f99bbcd149,1,9,0.8288168907165527,25.53465461730957
open_laptop,demo_randomized,ahs,unpaired_fallback,7,1267100011,ce7e2b0f4bc2b016624bd6cb9085f28daefe7760,1,3,0.2778453826904297,11.046501159667969
open_laptop,demo_randomized,ahs,unpaired_fallback,8,1267100012,870059a92671371960f4dba5f9fad1f701031ba0,1,6,0.5477616786956787,20.811782836914062
open_laptop,demo_randomized,ahs,unpaired_fallback,9,1267100013,dc1df5e610bc4792237e6d619252b9d9b50515dc,1,5,0.4627974033355713,17.50069236755371
open_laptop,demo_randomized,ahs,unpaired_fallback,10,1267100014,3afa6259b67aafa7022c3b412741f18a4dffe209,1,19,1.7397832870483398,50.049312591552734
open_laptop,demo_randomized,ahs,unpaired_fallback,11,1267100015,edaf5e2f7422dc7ef9ec6939b3d6036705ec60c4,1,6,0.5497908592224121,14.734077453613281
open_laptop,demo_randomized,ahs,unpaired_fallback,12,1267100016,eb9b0e4ec497bf194819e9306364741fd66ce492,0,32,2.9422731399536133,76.2964096069336
open_laptop,demo_randomized,ahs,unpaired_fallback,13,1267100017,a9a0fecb646b85faaea200205335964583d669ad,1,8,0.7356891632080078,20.44143295288086
open_laptop,demo_randomized,ahs,unpaired_fallback,14,1267100019,005c8c050d53c3076a27a155049109129cff48e8,0,25,2.294579267501831,71.6235122680664
open_laptop,demo_randomized,ahs,unpaired_fallback,15,1267100020,03e8beace63ca13101bbdc48bb6827995df89252,1,9,0.8300366401672363,23.672630310058594
open_laptop,demo_randomized,ahs,unpaired_fallback,16,1267100021,ee60337a87333cdcd207ea4bb2d09371d839c1e8,1,5,0.45908665657043457,15.299965858459473
open_laptop,demo_randomized,ahs,unpaired_fallback,17,1267100022,1af0566298afd72ba8ce144c5c415ec9fc135151,0,26,2.37912654876709,78.3050537109375
open_laptop,demo_randomized,ahs,unpaired_fallback,18,1267100023,eb9b0e4ec497bf194819e9306364741fd66ce492,1,9,0.8325426578521729,22.650156021118164
open_laptop,demo_randomized,ahs,unpaired_fallback,19,1267100024,905bcc8cf1a213dd5786d3a317980488413cfc83,0,26,2.3716189861297607,79.97459411621094
open_microwave,demo_clean,base,strict_paired_manifest,0,9470000,5ada6ac510b4814245b0d780b7e68852e90bc4c9,1,14,6.342146873474121,65.44435119628906
open_microwave,demo_clean,base,strict_paired_manifest,1,9470001,b0f58df8534943efdcde8e676b6547494f2d52bd,1,10,0.907496452331543,41.18761444091797
open_microwave,demo_clean,base,strict_paired_manifest,2,9470002,d4049df00fa3d86f67db3613c50796ed56d34f25,1,11,1.0021042823791504,45.07026672363281
open_microwave,demo_clean,base,strict_paired_manifest,3,9470003,a2bcd86dbc5ffe3e1d52d90518b844ee526f95a6,0,30,2.70367693901062,118.99046325683594
open_microwave,demo_clean,base,strict_paired_manifest,4,9470004,6b9000810fde72fe98716fe796bf0139c5e45f52,1,8,0.72145676612854,33.54866027832031
open_microwave,demo_clean,base,strict_paired_manifest,5,9470005,a445310d057c03a63aee3ee6fef10fd7d02c331e,1,12,1.0824544429779053,51.922576904296875
open_microwave,demo_clean,base,strict_paired_manifest,6,9470006,8d5bc5052185477a76729c4436bf99e071b71934,1,8,0.7196195125579834,34.169349670410156
open_microwave,demo_clean,base,strict_paired_manifest,7,9470007,a2bcd86dbc5ffe3e1d52d90518b844ee526f95a6,0,30,2.7102034091949463,118.107666015625
open_microwave,demo_clean,base,strict_paired_manifest,8,9470008,d4049df00fa3d86f67db3613c50796ed56d34f25,1,9,0.8101575374603271,37.16746520996094
open_microwave,demo_clean,base,strict_paired_manifest,9,9470009,fd153df0bbaf41e998ba3710b4567c90e2372190,1,4,0.3607304096221924,15.351179122924805
open_microwave,demo_clean,base,strict_paired_manifest,10,9470010,6ed7b1195a3cddb76851264cb4e9e6b25f874803,1,9,0.8125154972076416,40.215232849121094
open_microwave,demo_clean,base,strict_paired_manifest,11,9470011,b154dd6ca416dfcc86ca3994638fc6a702f3a703,1,3,0.2688148021697998,11.948871612548828
open_microwave,demo_clean,base,strict_paired_manifest,12,9470012,95d826fb745936756ce3728ef2dacf1e7c928ace,1,8,0.718416690826416,32.339942932128906
open_microwave,demo_clean,base,strict_paired_manifest,13,9470013,ce8b606a68f8ba9e401da6badb56cdedec75f710,1,3,0.26920318603515625,11.87019157409668
open_microwave,demo_clean,base,strict_paired_manifest,14,9470014,bddb44f604b7e4615a4d058b898d81a4813c1a64,1,8,0.71610426902771,32.354347229003906
open_microwave,demo_clean,base,strict_paired_manifest,15,9470015,d5dbafe4cfe4d7b68b7e7c374af1df1f7e70d77a,1,5,0.4523508548736572,22.87740135192871
open_microwave,demo_clean,base,strict_paired_manifest,16,9470016,d77d4a1e98690a8e0d1d4366cafe038e9ab56d3c,0,30,2.7203528881073,116.48439025878906
open_microwave,demo_clean,base,strict_paired_manifest,17,9470017,dc7e94e7d1c3e682b4f5c6a09b8940e19ec6c9a4,1,9,0.8166756629943848,37.61562728881836
open_microwave,demo_clean,base,strict_paired_manifest,18,9470018,95dba06e180132825221e36c07f4580dc9645bc3,1,8,0.7309279441833496,33.95175552368164
open_microwave,demo_clean,base,strict_paired_manifest,19,9470019,5ada6ac510b4814245b0d780b7e68852e90bc4c9,1,4,0.35938072204589844,15.791975021362305
open_microwave,demo_clean,ahs,strict_paired_manifest,0,9470000,5ada6ac510b4814245b0d780b7e68852e90bc4c9,0,60,10.696368217468262,134.540283203125
open_microwave,demo_clean,ahs,strict_paired_manifest,1,9470001,b0f58df8534943efdcde8e676b6547494f2d52bd,0,63,5.734530448913574,124.65436553955078
open_microwave,demo_clean,ahs,strict_paired_manifest,2,9470002,d4049df00fa3d86f67db3613c50796ed56d34f25,0,58,5.261190414428711,122.4736557006836
open_microwave,demo_clean,ahs,strict_paired_manifest,3,9470003,a2bcd86dbc5ffe3e1d52d90518b844ee526f95a6,1,21,1.8989825248718262,38.50230407714844
open_microwave,demo_clean,ahs,strict_paired_manifest,4,9470004,6b9000810fde72fe98716fe796bf0139c5e45f52,1,16,1.4452447891235352,33.69789505004883
open_microwave,demo_clean,ahs,strict_paired_manifest,5,9470005,a445310d057c03a63aee3ee6fef10fd7d02c331e,0,59,5.363035678863525,133.01412963867188
open_microwave,demo_clean,ahs,strict_paired_manifest,6,9470006,8d5bc5052185477a76729c4436bf99e071b71934,1,17,1.5415475368499756,34.169673919677734
open_microwave,demo_clean,ahs,strict_paired_manifest,7,9470007,a2bcd86dbc5ffe3e1d52d90518b844ee526f95a6,0,57,5.165064811706543,127.69932556152344
open_microwave,demo_clean,ahs,strict_paired_manifest,8,9470008,d4049df00fa3d86f67db3613c50796ed56d34f25,0,56,5.095629692077637,130.84059143066406
open_microwave,demo_clean,ahs,strict_paired_manifest,9,9470009,fd153df0bbaf41e998ba3710b4567c90e2372190,0,57,5.151224136352539,127.24687957763672
open_microwave,demo_clean,ahs,strict_paired_manifest,10,9470010,6ed7b1195a3cddb76851264cb4e9e6b25f874803,1,13,1.1810057163238525,36.214332580566406
open_microwave,demo_clean,ahs,strict_paired_manifest,11,9470011,b154dd6ca416dfcc86ca3994638fc6a702f3a703,1,6,0.5415725708007812,12.46883487701416
open_microwave,demo_clean,ahs,strict_paired_manifest,12,9470012,95d826fb745936756ce3728ef2dacf1e7c928ace,0,57,5.174579620361328,126.5979995727539
open_microwave,demo_clean,ahs,strict_paired_manifest,13,9470013,ce8b606a68f8ba9e401da6badb56cdedec75f710,1,13,1.1771233081817627,30.728090286254883
open_microwave,demo_clean,ahs,strict_paired_manifest,14,9470014,bddb44f604b7e4615a4d058b898d81a4813c1a64,1,29,2.6169958114624023,53.458492279052734
open_microwave,demo_clean,ahs,strict_paired_manifest,15,9470015,d5dbafe4cfe4d7b68b7e7c374af1df1f7e70d77a,0,57,5.155248165130615,131.3070831298828
open_microwave,demo_clean,ahs,strict_paired_manifest,16,9470016,d77d4a1e98690a8e0d1d4366cafe038e9ab56d3c,1,8,0.7184813022613525,16.3474178314209
open_microwave,demo_clean,ahs,strict_paired_manifest,17,9470017,dc7e94e7d1c3e682b4f5c6a09b8940e19ec6c9a4,0,61,5.545234203338623,122.97503662109375
open_microwave,demo_clean,ahs,strict_paired_manifest,18,9470018,95dba06e180132825221e36c07f4580dc9645bc3,1,17,1.5402741432189941,34.941070556640625
open_microwave,demo_clean,ahs,strict_paired_manifest,19,9470019,5ada6ac510b4814245b0d780b7e68852e90bc4c9,1,24,2.1724021434783936,45.660560607910156
open_microwave,demo_randomized,base,unpaired_fallback,0,1270100003,3a197b4e03c5241bd1bced5e99fa11160a8d7e95,1,7,5.900590896606445,41.94322204589844
open_microwave,demo_randomized,base,unpaired_fallback,1,1270100004,3a197b4e03c5241bd1bced5e99fa11160a8d7e95,0,30,2.7311341762542725,130.4899139404297
open_microwave,demo_randomized,base,unpaired_fallback,2,1270100006,6cb32049d89a8732dae40c3994486ce08e84afd8,1,7,0.6298177242279053,34.71323013305664
open_microwave,demo_randomized,base,unpaired_fallback,3,1270100007,b154dd6ca416dfcc86ca3994638fc6a702f3a703,0,30,2.731844186782837,133.97935485839844
open_microwave,demo_randomized,base,unpaired_fallback,4,1270100008,b4017367b06439aa5fbe4276278d7445115bc89c,1,4,0.35587620735168457,19.833633422851562
open_microwave,demo_randomized,base,unpaired_fallback,5,1270100010,2d1a49ccdb8606ba010b5ea9a505c4df3e57357b,1,5,0.4531886577606201,27.610881805419922
open_microwave,demo_randomized,base,unpaired_fallback,6,1270100011,d4049df00fa3d86f67db3613c50796ed56d34f25,0,30,2.732588768005371,139.6890869140625
open_microwave,demo_randomized,base,unpaired_fallback,7,1270100012,23a198348d6f83cd0ca3052a5b53859a3461d58f,0,30,2.7279889583587646,133.7411651611328
open_microwave,demo_randomized,base,unpaired_fallback,8,1270100013,ce8b606a68f8ba9e401da6badb56cdedec75f710,0,30,2.711613416671753,136.27365112304688
open_microwave,demo_randomized,base,unpaired_fallback,9,1270100014,23a198348d6f83cd0ca3052a5b53859a3461d58f,1,8,0.7292153835296631,41.885066986083984
open_microwave,demo_randomized,base,unpaired_fallback,10,1270100015,0c10d73025edc7decee06e4058f77f3ad0511cf2,0,30,2.7346889972686768,132.53028869628906
open_microwave,demo_randomized,base,unpaired_fallback,11,1270100016,d77d4a1e98690a8e0d1d4366cafe038e9ab56d3c,0,30,2.721806049346924,139.96083068847656
open_microwave,demo_randomized,base,unpaired_fallback,12,1270100017,6824ea9ed332b531df3f68146cfe1160c968f5e9,0,30,2.7169291973114014,137.0321044921875
open_microwave,demo_randomized,base,unpaired_fallback,13,1270100019,d5dbafe4cfe4d7b68b7e7c374af1df1f7e70d77a,1,7,0.6368486881256104,34.90742111206055
open_microwave,demo_randomized,base,unpaired_fallback,14,1270100020,eace318b0643f6fc2e237717196fc7afb8d5c4f5,0,30,2.7194154262542725,125.22512817382812
open_microwave,demo_randomized,base,unpaired_fallback,15,1270100021,554b7b13c38b2317a2e1bb59013499f54080fc29,0,30,2.7394344806671143,125.443115234375
open_microwave,demo_randomized,base,unpaired_fallback,16,1270100022,95dba06e180132825221e36c07f4580dc9645bc3,0,30,2.7357208728790283,131.78138732910156
open_microwave,demo_randomized,base,unpaired_fallback,17,1270100023,c04a74886d89aac28318547210709f11cb85de46,0,30,2.732076406478882,131.39138793945312
open_microwave,demo_randomized,base,unpaired_fallback,18,1270100024,6d450df4b011ab1bd98dd648f227b250d8ad1fe9,0,30,2.727156400680542,130.05130004882812
open_microwave,demo_randomized,base,unpaired_fallback,19,1270100025,4b36f93747971dbcdf968359989487dd1303058f,1,9,0.8195614814758301,45.32676696777344
open_microwave,demo_randomized,ahs,unpaired_fallback,0,1271100000,8d5bc5052185477a76729c4436bf99e071b71934,0,49,10.225671768188477,148.04559326171875
open_microwave,demo_randomized,ahs,unpaired_fallback,1,1271100001,a0a38f2a7ceaf8f9d5eec58e0710cd5f2220ed60,0,56,5.108168601989746,148.1888427734375
open_microwave,demo_randomized,ahs,unpaired_fallback,2,1271100002,73b15b9d343cb9667e51fc6ffb6bbc902da65cb0,1,18,1.6463401317596436,48.798583984375
open_microwave,demo_randomized,ahs,unpaired_fallback,3,1271100003,b0f58df8534943efdcde8e676b6547494f2d52bd,1,16,1.463667869567871,40.74229049682617
open_microwave,demo_randomized,ahs,unpaired_fallback,4,1271100004,0c10d73025edc7decee06e4058f77f3ad0511cf2,0,55,5.033982276916504,139.90737915039062
open_microwave,demo_randomized,ahs,unpaired_fallback,5,1271100005,73b15b9d343cb9667e51fc6ffb6bbc902da65cb0,0,56,5.124246597290039,125.14371490478516
open_microwave,demo_randomized,ahs,unpaired_fallback,6,1271100007,b0f58df8534943efdcde8e676b6547494f2d52bd,0,54,4.946490287780762,141.43089294433594
open_microwave,demo_randomized,ahs,unpaired_fallback,7,1271100009,b0f58df8534943efdcde8e676b6547494f2d52bd,0,57,5.2269697189331055,151.15162658691406
open_microwave,demo_randomized,ahs,unpaired_fallback,8,1271100010,b154dd6ca416dfcc86ca3994638fc6a702f3a703,0,56,5.143460273742676,140.03189086914062
open_microwave,demo_randomized,ahs,unpaired_fallback,9,1271100011,b0f58df8534943efdcde8e676b6547494f2d52bd,0,51,4.659377098083496,137.60951232910156
open_microwave,demo_randomized,ahs,unpaired_fallback,10,1271100013,eace318b0643f6fc2e237717196fc7afb8d5c4f5,1,20,1.8352515697479248,46.41173553466797
open_microwave,demo_randomized,ahs,unpaired_fallback,11,1271100014,0cb08165e0a5adfc7aea14d536857fd8370774c3,0,55,5.046779155731201,135.01773071289062
open_microwave,demo_randomized,ahs,unpaired_fallback,12,1271100015,95dba06e180132825221e36c07f4580dc9645bc3,0,50,4.596678733825684,137.74163818359375
open_microwave,demo_randomized,ahs,unpaired_fallback,13,1271100017,6cb32049d89a8732dae40c3994486ce08e84afd8,0,56,5.133275985717773,140.274658203125
open_microwave,demo_randomized,ahs,unpaired_fallback,14,1271100019,9cb69bfd3496662cd26cb8d8006bbd7716cbc563,1,6,0.5479228496551514,18.19830322265625
open_microwave,demo_randomized,ahs,unpaired_fallback,15,1271100021,c04a74886d89aac28318547210709f11cb85de46,0,50,4.575572967529297,142.74908447265625
open_microwave,demo_randomized,ahs,unpaired_fallback,16,1271100022,6824ea9ed332b531df3f68146cfe1160c968f5e9,0,51,4.666163444519043,140.4798583984375
open_microwave,demo_randomized,ahs,unpaired_fallback,17,1271100023,6d450df4b011ab1bd98dd648f227b250d8ad1fe9,0,60,5.522604942321777,138.02987670898438
open_microwave,demo_randomized,ahs,unpaired_fallback,18,1271100024,9cb69bfd3496662cd26cb8d8006bbd7716cbc563,1,37,3.3902299404144287,78.78003692626953
open_microwave,demo_randomized,ahs,unpaired_fallback,19,1271100026,1b54592cb1da72760424f5e1cc3cba389cbbb67c,0,64,5.848587512969971,150.59735107421875
pick_diverse_bottles,demo_clean,base,strict_paired_manifest,0,9480000,f7bdb3e9429611fb791f842bd63ae323e7357d24,0,8,6.0637102127075195,43.86684799194336
pick_diverse_bottles,demo_clean,base,strict_paired_manifest,1,9480001,cc2a51b698e501f970b85ef349bda9bd1692718d,0,8,0.7193341255187988,34.45845031738281
pick_diverse_bottles,demo_clean,base,strict_paired_manifest,2,9480005,c4cd887ac158eefd87f4a269ef85cce926b5de0d,0,8,0.714634895324707,34.81930160522461
pick_diverse_bottles,demo_clean,base,strict_paired_manifest,3,9480006,d8643e857740fd2204e3e3fe9ba73945ec9f9f2c,0,8,0.7199506759643555,35.3094482421875
pick_diverse_bottles,demo_clean,base,strict_paired_manifest,4,9480008,89e5f0eb036b1719f40aa76b41f4081713fc7858,1,3,0.2697761058807373,13.507230758666992
pick_diverse_bottles,demo_clean,base,strict_paired_manifest,5,9480013,6c304364cb140a15f29ffa1f24599fb5650ecf5b,0,8,0.7208874225616455,38.60256576538086
pick_diverse_bottles,demo_clean,base,strict_paired_manifest,6,9480015,b50d0a8163824c509fa342643d8f41077ca9d6ea,0,8,0.7209806442260742,36.02262496948242
pick_diverse_bottles,demo_clean,base,strict_paired_manifest,7,9480016,53660f76676930829cbf00d1ce111eb9db601bd6,1,3,0.2694971561431885,13.799132347106934
pick_diverse_bottles,demo_clean,base,strict_paired_manifest,8,9480017,4e86e7b9344b109076cfbf4f9ddfca430511a6b0,1,3,0.2696194648742676,13.433809280395508
pick_diverse_bottles,demo_clean,base,strict_paired_manifest,9,9480018,aa293e6e90416886d201f9725bfcc2fbbd227c0e,1,3,0.2710225582122803,13.732218742370605
pick_diverse_bottles,demo_clean,base,strict_paired_manifest,10,9480020,ae66698e13fcc840852709b0627130d5e4e18b40,0,8,0.730133056640625,38.30259704589844
pick_diverse_bottles,demo_clean,base,strict_paired_manifest,11,9480021,d4ff8290f664d9a11784799ce3a474e7b48d0ca3,1,3,0.27036261558532715,13.809956550598145
pick_diverse_bottles,demo_clean,base,strict_paired_manifest,12,9480022,be3076411590ec7a93eb4d455e584bbd3726563b,1,3,0.26853275299072266,13.549295425415039
pick_diverse_bottles,demo_clean,base,strict_paired_manifest,13,9480023,c48a8cd5d8953bd2c2af96efd72514e81e8f8b37,1,3,0.2705855369567871,13.556646347045898
pick_diverse_bottles,demo_clean,base,strict_paired_manifest,14,9480026,4f48bc5f6627cc751b54adba44ec196773975509,0,8,0.7241129875183105,35.150753021240234
pick_diverse_bottles,demo_clean,base,strict_paired_manifest,15,9480027,69d3af3b10dd0d586f4852019fdd26abff79eb4c,0,8,0.7206950187683105,38.8494873046875
pick_diverse_bottles,demo_clean,base,strict_paired_manifest,16,9480029,56436ac8186a7938994f8d51f9df6d8849f009fc,0,8,0.7203154563903809,34.929542541503906
pick_diverse_bottles,demo_clean,base,strict_paired_manifest,17,9480031,5a6bb73ebd632a2b21f15015435173e7e7a8623c,1,3,0.26799583435058594,13.930109024047852
pick_diverse_bottles,demo_clean,base,strict_paired_manifest,18,9480032,c6363834b75f132dafb9b85d427afce5412d7144,0,8,0.718289852142334,34.696617126464844
pick_diverse_bottles,demo_clean,base,strict_paired_manifest,19,9480033,c7ce3a21a99952dc53f5dfed51d73ed5f4b77a5f,1,3,0.2681281566619873,13.231709480285645
pick_diverse_bottles,demo_clean,ahs,strict_paired_manifest,0,9480000,f7bdb3e9429611fb791f842bd63ae323e7357d24,0,17,6.870480537414551,45.1602897644043
pick_diverse_bottles,demo_clean,ahs,strict_paired_manifest,1,9480001,cc2a51b698e501f970b85ef349bda9bd1692718d,0,16,1.449552297592163,36.96187973022461
pick_diverse_bottles,demo_clean,ahs,strict_paired_manifest,2,9480005,c4cd887ac158eefd87f4a269ef85cce926b5de0d,0,14,1.2658188343048096,37.35508346557617
pick_diverse_bottles,demo_clean,ahs,strict_paired_manifest,3,9480006,d8643e857740fd2204e3e3fe9ba73945ec9f9f2c,1,5,0.4632420539855957,13.241973876953125
pick_diverse_bottles,demo_clean,ahs,strict_paired_manifest,4,9480008,89e5f0eb036b1719f40aa76b41f4081713fc7858,1,4,0.3643331527709961,11.70621109008789
pick_diverse_bottles,demo_clean,ahs,strict_paired_manifest,5,9480013,6c304364cb140a15f29ffa1f24599fb5650ecf5b,1,5,0.4545907974243164,15.312234878540039
pick_diverse_bottles,demo_clean,ahs,strict_paired_manifest,6,9480015,b50d0a8163824c509fa342643d8f41077ca9d6ea,0,14,1.278393268585205,36.669151306152344
pick_diverse_bottles,demo_clean,ahs,strict_paired_manifest,7,9480016,53660f76676930829cbf00d1ce111eb9db601bd6,0,15,1.3583111763000488,37.900089263916016
pick_diverse_bottles,demo_clean,ahs,strict_paired_manifest,8,9480017,4e86e7b9344b109076cfbf4f9ddfca430511a6b0,1,5,0.4622025489807129,11.971261978149414
pick_diverse_bottles,demo_clean,ahs,strict_paired_manifest,9,9480018,aa293e6e90416886d201f9725bfcc2fbbd227c0e,1,5,0.45882201194763184,11.227035522460938
pick_diverse_bottles,demo_clean,ahs,strict_paired_manifest,10,9480020,ae66698e13fcc840852709b0627130d5e4e18b40,0,15,1.37266206741333,39.590938568115234
pick_diverse_bottles,demo_clean,ahs,strict_paired_manifest,11,9480021,d4ff8290f664d9a11784799ce3a474e7b48d0ca3,1,5,0.45815563201904297,11.707918167114258
pick_diverse_bottles,demo_clean,ahs,strict_paired_manifest,12,9480022,be3076411590ec7a93eb4d455e584bbd3726563b,1,5,0.4571552276611328,11.168917655944824
pick_diverse_bottles,demo_clean,ahs,strict_paired_manifest,13,9480023,c48a8cd5d8953bd2c2af96efd72514e81e8f8b37,1,5,0.4647684097290039,11.456990242004395
pick_diverse_bottles,demo_clean,ahs,strict_paired_manifest,14,9480026,4f48bc5f6627cc751b54adba44ec196773975509,0,16,1.469926118850708,36.125282287597656
pick_diverse_bottles,demo_clean,ahs,strict_paired_manifest,15,9480027,69d3af3b10dd0d586f4852019fdd26abff79eb4c,0,15,1.3677866458892822,41.939117431640625
pick_diverse_bottles,demo_clean,ahs,strict_paired_manifest,16,9480029,56436ac8186a7938994f8d51f9df6d8849f009fc,1,5,0.4592595100402832,12.093616485595703
pick_diverse_bottles,demo_clean,ahs,strict_paired_manifest,17,9480031,5a6bb73ebd632a2b21f15015435173e7e7a8623c,1,5,0.4549109935760498,12.681808471679688
pick_diverse_bottles,demo_clean,ahs,strict_paired_manifest,18,9480032,c6363834b75f132dafb9b85d427afce5412d7144,0,14,1.272878646850586,37.27089309692383
pick_diverse_bottles,demo_clean,ahs,strict_paired_manifest,19,9480033,c7ce3a21a99952dc53f5dfed51d73ed5f4b77a5f,1,5,0.4545912742614746,11.218189239501953
pick_diverse_bottles,demo_randomized,base,unpaired_fallback,0,1274100001,9cac47901eac44654990e38e7d863a26cd285bcc,0,8,5.966832160949707,44.675106048583984
pick_diverse_bottles,demo_randomized,base,unpaired_fallback,1,1274100002,7b0736ddec3f52e9b0d283d7495e53c9eb28bb69,1,3,0.27330756187438965,15.88403606414795
pick_diverse_bottles,demo_randomized,base,unpaired_fallback,2,1274100006,3d20bf81d99e5f11a172c9652d11582958591d0f,1,3,0.2764475345611572,16.392444610595703
pick_diverse_bottles,demo_randomized,base,unpaired_fallback,3,1274100008,81f31b4adbc7aad85fde943f846f88f50f0ca7b1,0,8,0.7324650287628174,38.89610290527344
pick_diverse_bottles,demo_randomized,base,unpaired_fallback,4,1274100009,4887d98e761d7415fdf7ad4e8eeddccf5ffe2fc3,0,8,0.7272992134094238,46.063743591308594
pick_diverse_bottles,demo_randomized,base,unpaired_fallback,5,1274100011,09486ef61ef67d3994de597fd1339d90b34d334c,0,8,0.7295281887054443,38.73543167114258
pick_diverse_bottles,demo_randomized,base,unpaired_fallback,6,1274100013,8847a89de16be9a216d6cf330b69bc8fd959b34c,1,3,0.2711160182952881,15.26617431640625
pick_diverse_bottles,demo_randomized,base,unpaired_fallback,7,1274100018,54a5395146b23963a0ca90b190624188a5f65788,0,8,0.734910249710083,38.33837127685547
pick_diverse_bottles,demo_randomized,base,unpaired_fallback,8,1274100021,71960d54ffa6b74cd01441732bc3f7da945e8752,0,8,0.732208251953125,37.58781433105469
pick_diverse_bottles,demo_randomized,base,unpaired_fallback,9,1274100023,744c19d718806c91d4e3a6a27389210468552189,0,8,0.7268803119659424,42.10503387451172
pick_diverse_bottles,demo_randomized,base,unpaired_fallback,10,1274100024,ad660f3e8f3067ff24630a1de741ab2cf4ec885a,0,8,0.7265493869781494,38.83904266357422
pick_diverse_bottles,demo_randomized,base,unpaired_fallback,11,1274100028,d2e84007d3c2540e352a75b57a5a6478799ebdfc,0,8,0.7366530895233154,39.15507507324219
pick_diverse_bottles,demo_randomized,base,unpaired_fallback,12,1274100033,2342be1f600f865e4904b49414f5fad58033d62d,1,3,0.2801096439361572,15.839029312133789
pick_diverse_bottles,demo_randomized,base,unpaired_fallback,13,1274100034,8fe268caf9025ec3f6ce70a84ac1f2d90701c68c,0,8,0.7287790775299072,38.9532470703125
pick_diverse_bottles,demo_randomized,base,unpaired_fallback,14,1274100036,cac46b12e5fc6bd3b9a9bcb78aa0c55617878933,1,3,0.27593398094177246,18.51980972290039
pick_diverse_bottles,demo_randomized,base,unpaired_fallback,15,1274100037,336fa44f124bb6a43c8c62a796eb3edd167610a1,1,3,0.2735917568206787,15.20744514465332
pick_diverse_bottles,demo_randomized,base,unpaired_fallback,16,1274100038,b3c88fd4e8c2cbd85d7dd32909d18fc3edfbf7e1,1,3,0.27429842948913574,15.397269248962402
pick_diverse_bottles,demo_randomized,base,unpaired_fallback,17,1274100039,7ecd6b9a78273021c56290ee920e048c786f03e5,0,8,0.7329206466674805,38.8294563293457
pick_diverse_bottles,demo_randomized,base,unpaired_fallback,18,1274100043,8a3d352622eaa5da5c2b639ad78ca5f5bb9d94a6,0,8,0.7377743721008301,37.715789794921875
pick_diverse_bottles,demo_randomized,base,unpaired_fallback,19,1274100050,acb838fe2497a38f7607abe7cb11ce49312407b9,0,8,0.7368910312652588,42.360782623291016
pick_diverse_bottles,demo_randomized,ahs,unpaired_fallback,0,1275100002,bd86f0c925b505950fdc0aafb326094478cc507c,1,6,5.756857872009277,22.731430053710938
pick_diverse_bottles,demo_randomized,ahs,unpaired_fallback,1,1275100003,9019cf5c04ca9cc3756c951983baaf003d67343e,1,5,0.4638681411743164,13.709364891052246
pick_diverse_bottles,demo_randomized,ahs,unpaired_fallback,2,1275100005,4d3875ae504946990f53be2bd0fb40ad7f156283,0,16,1.4842987060546875,40.6125602722168
pick_diverse_bottles,demo_randomized,ahs,unpaired_fallback,3,1275100014,84708e9c9acba89d8f910d4d694d2ff6dd62ce54,0,18,1.6426634788513184,41.172576904296875
pick_diverse_bottles,demo_randomized,ahs,unpaired_fallback,4,1275100016,1ec467b0c539f488a39c5bc26c12928beda3c5be,1,4,0.37279510498046875,14.076677322387695
pick_diverse_bottles,demo_randomized,ahs,unpaired_fallback,5,1275100017,8accabbd6c45b9cf949bcb65832ee3636eb18fd6,1,6,0.5479884147644043,15.998405456542969
pick_diverse_bottles,demo_randomized,ahs,unpaired_fallback,6,1275100026,23261ef75b89ecc1de83ec0a80d2e831f1b36723,1,4,0.369783878326416,11.968392372131348
pick_diverse_bottles,demo_randomized,ahs,unpaired_fallback,7,1275100029,cada0a7209242e2aca85aa6a7bb5d8801b479d60,1,6,0.5518350601196289,14.527618408203125
pick_diverse_bottles,demo_randomized,ahs,unpaired_fallback,8,1275100033,51d7a766a1a07594cb0eff2f9dadb3bb3410ea78,1,5,0.4550356864929199,13.000986099243164
pick_diverse_bottles,demo_randomized,ahs,unpaired_fallback,9,1275100036,f004f4f25a69584f8864175d718107d2b79ed6de,0,14,1.3004677295684814,46.64961624145508
pick_diverse_bottles,demo_randomized,ahs,unpaired_fallback,10,1275100038,3e6152776494b3cb15d04592bce2feb6c855d159,1,5,0.45403361320495605,13.542820930480957
pick_diverse_bottles,demo_randomized,ahs,unpaired_fallback,11,1275100042,8c4e42fea897eb5ebf42be6daf2e4394233213b1,0,14,1.2753973007202148,40.978538513183594
pick_diverse_bottles,demo_randomized,ahs,unpaired_fallback,12,1275100045,d608d8efe3e55f4ae78b66be5a36814774037a22,1,5,0.45769381523132324,12.720264434814453
pick_diverse_bottles,demo_randomized,ahs,unpaired_fallback,13,1275100049,945ff1e6336f4b41c3fc376c6cc3560ecee9b500,1,5,0.46228504180908203,13.26862907409668
pick_diverse_bottles,demo_randomized,ahs,unpaired_fallback,14,1275100053,3eb3eabb854b2742d894afa2e537bc7f42aacd8e,0,18,1.6667284965515137,43.47583770751953
pick_diverse_bottles,demo_randomized,ahs,unpaired_fallback,15,1275100055,8d731b27a55fef329eb8fb8babfe3fa06c415eda,1,4,0.37079596519470215,13.287532806396484
pick_diverse_bottles,demo_randomized,ahs,unpaired_fallback,16,1275100057,e1e485e08d239da21591228c6a56ce0f27cfb817,1,6,0.548790454864502,13.07637882232666
pick_diverse_bottles,demo_randomized,ahs,unpaired_fallback,17,1275100060,59a7f9deaea956dea50bd05536567e39599a2be0,0,17,1.5784416198730469,41.874088287353516
pick_diverse_bottles,demo_randomized,ahs,unpaired_fallback,18,1275100063,17c2fc950ccda6fe9394d963e31cd56d8b3e5891,1,5,0.4643521308898926,15.008204460144043
pick_diverse_bottles,demo_randomized,ahs,unpaired_fallback,19,1275100072,0a614c3d0eb2d7ae6e5b67793352f80de0532175,1,6,0.5596199035644531,18.06329345703125
pick_dual_bottles,demo_clean,base,strict_paired_manifest,0,9490000,d4df03fe6bf1f65fcf8571565ac454bc0434aa7e,1,3,5.523956298828125,22.6710205078125
pick_dual_bottles,demo_clean,base,strict_paired_manifest,1,9490001,f5f76bcd1f26269e02d0662d7b5302fe65cc71e9,0,8,0.7200942039489746,35.574607849121094
pick_dual_bottles,demo_clean,base,strict_paired_manifest,2,9490002,a458318d18eda25dd7b8e65f4c48c594b8ee5a37,0,8,0.7190608978271484,34.512962341308594
pick_dual_bottles,demo_clean,base,strict_paired_manifest,3,9490003,c9e846f58b6968efabc5d5c968cbd1a6c3015917,1,3,0.2710247039794922,13.455695152282715
pick_dual_bottles,demo_clean,base,strict_paired_manifest,4,9490004,59ae7edae757ae31997f7f221c25911e8c7f857f,1,3,0.26901745796203613,13.516556739807129
pick_dual_bottles,demo_clean,base,strict_paired_manifest,5,9490005,2fffd5e5eca8f983881919ca79b7743802dbc158,1,3,0.27220916748046875,17.141313552856445
pick_dual_bottles,demo_clean,base,strict_paired_manifest,6,9490006,30471fa9cf0cbe045fc3db1e3839f4fb37ce26ea,0,8,0.7238433361053467,34.20256805419922
pick_dual_bottles,demo_clean,base,strict_paired_manifest,7,9490007,5946b3816ff41be50498ab611318ab1bfb2cc970,1,3,0.26961350440979004,13.55557918548584
pick_dual_bottles,demo_clean,base,strict_paired_manifest,8,9490008,91d904de0e5aa753faed31048f3f002acb039cee,1,3,0.2745988368988037,13.575263023376465
pick_dual_bottles,demo_clean,base,strict_paired_manifest,9,9490009,7b7d9efa61f03d22b6f9ccd83340efa47da5247f,1,3,0.26592016220092773,13.240128517150879
pick_dual_bottles,demo_clean,base,strict_paired_manifest,10,9490010,b4878b2cef5b390cb513e66ffa7e72a8caeb943c,0,8,0.7213633060455322,37.76968002319336
pick_dual_bottles,demo_clean,base,strict_paired_manifest,11,9490011,8aed1789597028ad9235f78fcceb51400a260ca2,0,8,0.7216832637786865,33.875083923339844
pick_dual_bottles,demo_clean,base,strict_paired_manifest,12,9490012,f82d61298a5fa78192e83fb7e7f3bd01dcc05671,1,3,0.2703213691711426,13.723896026611328
pick_dual_bottles,demo_clean,base,strict_paired_manifest,13,9490013,e6ced658e77c4ddf44b0317cbdf6d5d937fb0458,1,3,0.2707960605621338,13.243715286254883
pick_dual_bottles,demo_clean,base,strict_paired_manifest,14,9490014,ed456340f39a0c267677eb9e4fd678d5947d1e37,1,3,0.2712850570678711,13.910234451293945
pick_dual_bottles,demo_clean,base,strict_paired_manifest,15,9490015,d7ea33296e49888056f94f11fd51637e6a46bfb5,1,3,0.26947951316833496,16.150161743164062
pick_dual_bottles,demo_clean,base,strict_paired_manifest,16,9490016,3e740df3fbfbf4e96e4060dc5b71148848d2f94b,0,8,0.7203762531280518,34.49516677856445
pick_dual_bottles,demo_clean,base,strict_paired_manifest,17,9490017,98764dc071abc3e1ad0a3f2f994fc95bd0411827,0,8,0.7222704887390137,34.03389358520508
pick_dual_bottles,demo_clean,base,strict_paired_manifest,18,9490018,7fc18d78a89c37256bdbf7e50778d19e9ecdcea1,0,8,0.7213888168334961,34.5595588684082
pick_dual_bottles,demo_clean,base,strict_paired_manifest,19,9490019,98764dc071abc3e1ad0a3f2f994fc95bd0411827,0,8,0.721890926361084,34.67310333251953
pick_dual_bottles,demo_clean,ahs,strict_paired_manifest,0,9490000,d4df03fe6bf1f65fcf8571565ac454bc0434aa7e,1,6,5.870771408081055,21.466766357421875
pick_dual_bottles,demo_clean,ahs,strict_paired_manifest,1,9490001,f5f76bcd1f26269e02d0662d7b5302fe65cc71e9,0,13,1.180692195892334,37.351890563964844
pick_dual_bottles,demo_clean,ahs,strict_paired_manifest,2,9490002,a458318d18eda25dd7b8e65f4c48c594b8ee5a37,0,13,1.1904146671295166,36.934593200683594
pick_dual_bottles,demo_clean,ahs,strict_paired_manifest,3,9490003,c9e846f58b6968efabc5d5c968cbd1a6c3015917,1,4,0.36629629135131836,10.942821502685547
pick_dual_bottles,demo_clean,ahs,strict_paired_manifest,4,9490004,59ae7edae757ae31997f7f221c25911e8c7f857f,1,5,0.4602630138397217,11.979138374328613
pick_dual_bottles,demo_clean,ahs,strict_paired_manifest,5,9490005,2fffd5e5eca8f983881919ca79b7743802dbc158,1,4,0.3646214008331299,14.725924491882324
pick_dual_bottles,demo_clean,ahs,strict_paired_manifest,6,9490006,30471fa9cf0cbe045fc3db1e3839f4fb37ce26ea,0,15,1.3553874492645264,37.005592346191406
pick_dual_bottles,demo_clean,ahs,strict_paired_manifest,7,9490007,5946b3816ff41be50498ab611318ab1bfb2cc970,1,4,0.36435961723327637,11.259968757629395
pick_dual_bottles,demo_clean,ahs,strict_paired_manifest,8,9490008,91d904de0e5aa753faed31048f3f002acb039cee,1,6,0.544503927230835,13.333454132080078
pick_dual_bottles,demo_clean,ahs,strict_paired_manifest,9,9490009,7b7d9efa61f03d22b6f9ccd83340efa47da5247f,1,6,0.5443994998931885,12.445291519165039
pick_dual_bottles,demo_clean,ahs,strict_paired_manifest,10,9490010,b4878b2cef5b390cb513e66ffa7e72a8caeb943c,1,5,0.45763230323791504,14.125859260559082
pick_dual_bottles,demo_clean,ahs,strict_paired_manifest,11,9490011,8aed1789597028ad9235f78fcceb51400a260ca2,0,14,1.2766809463500977,37.288604736328125
pick_dual_bottles,demo_clean,ahs,strict_paired_manifest,12,9490012,f82d61298a5fa78192e83fb7e7f3bd01dcc05671,1,5,0.4535658359527588,12.107104301452637
pick_dual_bottles,demo_clean,ahs,strict_paired_manifest,13,9490013,e6ced658e77c4ddf44b0317cbdf6d5d937fb0458,1,5,0.45551133155822754,10.918693542480469
pick_dual_bottles,demo_clean,ahs,strict_paired_manifest,14,9490014,ed456340f39a0c267677eb9e4fd678d5947d1e37,1,5,0.45134520530700684,13.573690414428711
pick_dual_bottles,demo_clean,ahs,strict_paired_manifest,15,9490015,d7ea33296e49888056f94f11fd51637e6a46bfb5,1,5,0.45513129234313965,13.639070510864258
pick_dual_bottles,demo_clean,ahs,strict_paired_manifest,16,9490016,3e740df3fbfbf4e96e4060dc5b71148848d2f94b,1,5,0.45076966285705566,11.456520080566406
pick_dual_bottles,demo_clean,ahs,strict_paired_manifest,17,9490017,98764dc071abc3e1ad0a3f2f994fc95bd0411827,1,4,0.36179637908935547,10.23636245727539
pick_dual_bottles,demo_clean,ahs,strict_paired_manifest,18,9490018,7fc18d78a89c37256bdbf7e50778d19e9ecdcea1,0,15,1.3647716045379639,35.62492370605469
pick_dual_bottles,demo_clean,ahs,strict_paired_manifest,19,9490019,98764dc071abc3e1ad0a3f2f994fc95bd0411827,0,16,1.451991081237793,37.29145812988281
pick_dual_bottles,demo_randomized,base,unpaired_fallback,0,1278100001,d4df03fe6bf1f65fcf8571565ac454bc0434aa7e,1,3,5.680943012237549,24.868927001953125
pick_dual_bottles,demo_randomized,base,unpaired_fallback,1,1278100002,e9171bd4837bf119d0b1b1a6fe5d9956367715c3,1,3,0.2729074954986572,15.162558555603027
pick_dual_bottles,demo_randomized,base,unpaired_fallback,2,1278100003,f2c311365de732bbe8574a0973929ed94ebd0e6b,0,8,0.7227096557617188,40.19196319580078
pick_dual_bottles,demo_randomized,base,unpaired_fallback,3,1278100005,9eabf70bda8050e59468a2c05b6120296d4bfbc5,1,3,0.27402377128601074,15.783954620361328
pick_dual_bottles,demo_randomized,base,unpaired_fallback,4,1278100006,7fbf117c41acd9eaa0c7c63e8e2e4cd31a4cfde0,1,3,0.2734677791595459,18.697158813476562
pick_dual_bottles,demo_randomized,base,unpaired_fallback,5,1278100007,7fbf117c41acd9eaa0c7c63e8e2e4cd31a4cfde0,1,3,0.2724895477294922,15.882688522338867
pick_dual_bottles,demo_randomized,base,unpaired_fallback,6,1278100008,75984be98c497164731822e49622469f88b15b5a,0,8,0.7303941249847412,39.90275192260742
pick_dual_bottles,demo_randomized,base,unpaired_fallback,7,1278100009,d7ea33296e49888056f94f11fd51637e6a46bfb5,1,3,0.2750129699707031,16.061233520507812
pick_dual_bottles,demo_randomized,base,unpaired_fallback,8,1278100010,e7e6e243c6945d2d31859623320841ff6c601d50,1,3,0.26999688148498535,15.271217346191406
pick_dual_bottles,demo_randomized,base,unpaired_fallback,9,1278100011,8d6e9e20ddbdea0119f4c22f182f8fe117de1c9b,1,3,0.280550479888916,19.055763244628906
pick_dual_bottles,demo_randomized,base,unpaired_fallback,10,1278100012,6db8cf7cd8de55e0b4ff18a61296cd1897c119cb,1,3,0.27810072898864746,16.27155303955078
pick_dual_bottles,demo_randomized,base,unpaired_fallback,11,1278100013,d229a566061abfe07001f998274e4a0add168c3f,1,3,0.2797505855560303,15.853597640991211
pick_dual_bottles,demo_randomized,base,unpaired_fallback,12,1278100014,d4df03fe6bf1f65fcf8571565ac454bc0434aa7e,0,8,0.7332768440246582,39.36728286743164
pick_dual_bottles,demo_randomized,base,unpaired_fallback,13,1278100015,f51ea1bb27fc609a109d7b952f7edf9dd240b58e,1,3,0.27753329277038574,15.584409713745117
pick_dual_bottles,demo_randomized,base,unpaired_fallback,14,1278100016,d7ea33296e49888056f94f11fd51637e6a46bfb5,0,8,0.7367925643920898,42.100494384765625
pick_dual_bottles,demo_randomized,base,unpaired_fallback,15,1278100017,5955e1b4352aa989dfe56e255683e694cf6c3b0b,1,3,0.2753174304962158,15.905791282653809
pick_dual_bottles,demo_randomized,base,unpaired_fallback,16,1278100018,060210909bc6a72b97d2450b22ccfe6a5c7a8bdd,1,3,0.2755711078643799,16.723169326782227
pick_dual_bottles,demo_randomized,base,unpaired_fallback,17,1278100019,d4df03fe6bf1f65fcf8571565ac454bc0434aa7e,1,3,0.2760493755340576,16.330015182495117
pick_dual_bottles,demo_randomized,base,unpaired_fallback,18,1278100021,332fdea25195cb7ee091d2721e8aa4ba2483d1b6,0,8,0.7349979877471924,39.5694694519043
pick_dual_bottles,demo_randomized,base,unpaired_fallback,19,1278100022,7dabe6535ec4901660ea18da7c44173eb8c912ef,1,3,0.27599430084228516,19.810007095336914
pick_dual_bottles,demo_randomized,ahs,unpaired_fallback,0,1279100001,14497ace20eb20fe57640f87fbd1a861cec56c0d,1,5,5.9261322021484375,21.774452209472656
pick_dual_bottles,demo_randomized,ahs,unpaired_fallback,1,1279100002,ba3b8e92ec813a660dd48833e58e21b8894bdc52,1,5,0.4614853858947754,12.768946647644043
pick_dual_bottles,demo_randomized,ahs,unpaired_fallback,2,1279100003,ed6ae01076ede24f251dd960cb98499afdc1bc0c,0,16,1.4628098011016846,41.12214279174805
pick_dual_bottles,demo_randomized,ahs,unpaired_fallback,3,1279100005,75043758b0e0a79850997d1b02e816ae9407391c,0,19,1.7499196529388428,40.385982513427734
pick_dual_bottles,demo_randomized,ahs,unpaired_fallback,4,1279100007,14497ace20eb20fe57640f87fbd1a861cec56c0d,1,5,0.46148157119750977,18.269319534301758
pick_dual_bottles,demo_randomized,ahs,unpaired_fallback,5,1279100010,3592ad1d905927db31c56d23434744cc7e2f1689,1,5,0.47155141830444336,14.741703033447266
pick_dual_bottles,demo_randomized,ahs,unpaired_fallback,6,1279100011,5f087c54c6d5f6a359cb283667d86b16ce139f8c,1,5,0.4622807502746582,13.597787857055664
pick_dual_bottles,demo_randomized,ahs,unpaired_fallback,7,1279100012,2db045a6c06a7c0d61eda5235394c95ec7bf4a86,0,16,1.4752764701843262,42.53482437133789
pick_dual_bottles,demo_randomized,ahs,unpaired_fallback,8,1279100013,ed6ae01076ede24f251dd960cb98499afdc1bc0c,1,5,0.4541194438934326,13.698949813842773
pick_dual_bottles,demo_randomized,ahs,unpaired_fallback,9,1279100014,e942a7ff25f62e35a1c41aea2f6fd97af21eb094,1,5,0.4711425304412842,17.19268035888672
pick_dual_bottles,demo_randomized,ahs,unpaired_fallback,10,1279100015,7fc18d78a89c37256bdbf7e50778d19e9ecdcea1,1,5,0.4584510326385498,13.133037567138672
pick_dual_bottles,demo_randomized,ahs,unpaired_fallback,11,1279100016,d4df03fe6bf1f65fcf8571565ac454bc0434aa7e,1,5,0.4613943099975586,13.268226623535156
pick_dual_bottles,demo_randomized,ahs,unpaired_fallback,12,1279100017,5a56ea86f7b2f77a2d388e8eae1d8b5c830c936d,1,5,0.4590628147125244,13.217967987060547
pick_dual_bottles,demo_randomized,ahs,unpaired_fallback,13,1279100019,20aafd3b5c60eb1f8ee3f5b636c5a7a1fe45f32e,0,17,1.5607376098632812,40.260009765625
pick_dual_bottles,demo_randomized,ahs,unpaired_fallback,14,1279100020,14497ace20eb20fe57640f87fbd1a861cec56c0d,1,5,0.46479225158691406,17.10007667541504
pick_dual_bottles,demo_randomized,ahs,unpaired_fallback,15,1279100021,7fc18d78a89c37256bdbf7e50778d19e9ecdcea1,1,5,0.46302056312561035,12.531572341918945
pick_dual_bottles,demo_randomized,ahs,unpaired_fallback,16,1279100022,e9171bd4837bf119d0b1b1a6fe5d9956367715c3,1,5,0.45729565620422363,14.023436546325684
pick_dual_bottles,demo_randomized,ahs,unpaired_fallback,17,1279100023,2fffd5e5eca8f983881919ca79b7743802dbc158,1,5,0.45907068252563477,12.523999214172363
pick_dual_bottles,demo_randomized,ahs,unpaired_fallback,18,1279100024,9c9e912241ec156c75d56a6ebf534e917df64073,1,5,0.4681069850921631,14.170502662658691
pick_dual_bottles,demo_randomized,ahs,unpaired_fallback,19,1279100026,ed6ae01076ede24f251dd960cb98499afdc1bc0c,0,16,1.4722273349761963,44.55879592895508
place_a2b_left,demo_clean,base,strict_paired_manifest,0,9500000,5a3bc196c24c52a73542932b2c957272ac59e991,1,4,5.652993202209473,26.33930778503418
place_a2b_left,demo_clean,base,strict_paired_manifest,1,9500001,a46a2a8d4d9a0f50c3cb9ac18771136d065d9d32,0,8,0.7241525650024414,32.53804016113281
place_a2b_left,demo_clean,base,strict_paired_manifest,2,9500002,7db9cb118e5754c117ede821f66e2afd22612851,1,3,0.27338552474975586,13.788591384887695
place_a2b_left,demo_clean,base,strict_paired_manifest,3,9500003,6529c6275f23aa1e6aee3984724b1ae0142ee9b4,1,3,0.2729480266571045,12.865036010742188
place_a2b_left,demo_clean,base,strict_paired_manifest,4,9500004,cb6cd954bfe2a5bfe7d7b5b37b2f8a200487e87e,1,6,0.5376968383789062,24.735027313232422
place_a2b_left,demo_clean,base,strict_paired_manifest,5,9500005,63a015f0d53493eb20e7234daf489d775815d804,1,4,0.36609458923339844,20.045225143432617
place_a2b_left,demo_clean,base,strict_paired_manifest,6,9500006,51b5afbc080e019a164e5474d7c2d128b8ea337c,1,3,0.2702627182006836,14.360645294189453
place_a2b_left,demo_clean,base,strict_paired_manifest,7,9500007,454c50eb888c08c56cbfdc51ea72979afa415832,0,8,0.7264502048492432,33.64704132080078
place_a2b_left,demo_clean,base,strict_paired_manifest,8,9500008,dfc02b2f20ed643160408deeb9df09482f0eb08a,1,3,0.2733919620513916,14.224638938903809
place_a2b_left,demo_clean,base,strict_paired_manifest,9,9500009,a38cb1d93199e5e194d412f79ed10c072edc01d6,1,3,0.2698814868927002,13.11764907836914
place_a2b_left,demo_clean,base,strict_paired_manifest,10,9500010,e9a59badd3e71dc14ae2472220ef8dd031d67a72,1,4,0.3605172634124756,21.54722785949707
place_a2b_left,demo_clean,base,strict_paired_manifest,11,9500011,79151962c5fd880390d5c2dd7e80e6b2fb295754,1,3,0.2759835720062256,12.72823715209961
place_a2b_left,demo_clean,base,strict_paired_manifest,12,9500012,7696bba73505e83480f3d653a5cfabe6a9e32576,1,3,0.2700927257537842,12.863306999206543
place_a2b_left,demo_clean,base,strict_paired_manifest,13,9500013,5e282737dc3a3bb8c1103813663f0f610fbb0efa,0,8,0.7188763618469238,32.50929260253906
place_a2b_left,demo_clean,base,strict_paired_manifest,14,9500014,6206bffdd37fe080080963c2eb1c0d7177454120,1,3,0.2711176872253418,12.927582740783691
place_a2b_left,demo_clean,base,strict_paired_manifest,15,9500015,2735a0b286f7cc1f0a5bd0bab68a32c0466e49dd,0,8,0.7326638698577881,37.33495330810547
place_a2b_left,demo_clean,base,strict_paired_manifest,16,9500016,ded39780cb3998dcc9b358ebecb3f5f8d2c17fd7,1,4,0.3612234592437744,17.321165084838867
place_a2b_left,demo_clean,base,strict_paired_manifest,17,9500017,1f3f4b18c41150e25db89b9de6d82b2eab769f57,1,3,0.26995110511779785,12.958467483520508
place_a2b_left,demo_clean,base,strict_paired_manifest,18,9500018,a09b654d621095bb1066cf8eafdb69c13ab98347,1,3,0.27151012420654297,13.776677131652832
place_a2b_left,demo_clean,base,strict_paired_manifest,19,9500019,e1bf9e34ba59dafa308f8ca312a1806d0d9e1370,0,8,0.7259209156036377,33.97640609741211
place_a2b_left,demo_clean,ahs,strict_paired_manifest,0,9500000,5a3bc196c24c52a73542932b2c957272ac59e991,1,6,5.969027519226074,24.00354766845703
place_a2b_left,demo_clean,ahs,strict_paired_manifest,1,9500001,a46a2a8d4d9a0f50c3cb9ac18771136d065d9d32,0,16,1.4563171863555908,34.82830810546875
place_a2b_left,demo_clean,ahs,strict_paired_manifest,2,9500002,7db9cb118e5754c117ede821f66e2afd22612851,1,6,0.5515859127044678,14.285595893859863
place_a2b_left,demo_clean,ahs,strict_paired_manifest,3,9500003,6529c6275f23aa1e6aee3984724b1ae0142ee9b4,1,5,0.45346736907958984,13.1593599319458
place_a2b_left,demo_clean,ahs,strict_paired_manifest,4,9500004,cb6cd954bfe2a5bfe7d7b5b37b2f8a200487e87e,1,6,0.5506753921508789,13.145280838012695
place_a2b_left,demo_clean,ahs,strict_paired_manifest,5,9500005,63a015f0d53493eb20e7234daf489d775815d804,1,6,0.5594899654388428,17.247589111328125
place_a2b_left,demo_clean,ahs,strict_paired_manifest,6,9500006,51b5afbc080e019a164e5474d7c2d128b8ea337c,1,7,0.6399993896484375,15.915218353271484
place_a2b_left,demo_clean,ahs,strict_paired_manifest,7,9500007,454c50eb888c08c56cbfdc51ea72979afa415832,0,17,1.5472183227539062,34.25133514404297
place_a2b_left,demo_clean,ahs,strict_paired_manifest,8,9500008,dfc02b2f20ed643160408deeb9df09482f0eb08a,1,5,0.45905017852783203,13.046636581420898
place_a2b_left,demo_clean,ahs,strict_paired_manifest,9,9500009,a38cb1d93199e5e194d412f79ed10c072edc01d6,0,18,1.648979663848877,34.88008499145508
place_a2b_left,demo_clean,ahs,strict_paired_manifest,10,9500010,e9a59badd3e71dc14ae2472220ef8dd031d67a72,1,7,0.6441807746887207,21.081615447998047
place_a2b_left,demo_clean,ahs,strict_paired_manifest,11,9500011,79151962c5fd880390d5c2dd7e80e6b2fb295754,1,5,0.4558744430541992,12.542854309082031
place_a2b_left,demo_clean,ahs,strict_paired_manifest,12,9500012,7696bba73505e83480f3d653a5cfabe6a9e32576,1,7,0.643132209777832,14.56690788269043
place_a2b_left,demo_clean,ahs,strict_paired_manifest,13,9500013,5e282737dc3a3bb8c1103813663f0f610fbb0efa,0,17,1.5561902523040771,34.11111068725586
place_a2b_left,demo_clean,ahs,strict_paired_manifest,14,9500014,6206bffdd37fe080080963c2eb1c0d7177454120,1,6,0.5500171184539795,14.056933403015137
place_a2b_left,demo_clean,ahs,strict_paired_manifest,15,9500015,2735a0b286f7cc1f0a5bd0bab68a32c0466e49dd,0,16,1.46431565284729,39.84490203857422
place_a2b_left,demo_clean,ahs,strict_paired_manifest,16,9500016,ded39780cb3998dcc9b358ebecb3f5f8d2c17fd7,0,17,1.562683343887329,39.80200958251953
place_a2b_left,demo_clean,ahs,strict_paired_manifest,17,9500017,1f3f4b18c41150e25db89b9de6d82b2eab769f57,1,6,0.5479271411895752,13.875171661376953
place_a2b_left,demo_clean,ahs,strict_paired_manifest,18,9500018,a09b654d621095bb1066cf8eafdb69c13ab98347,1,6,0.5481503009796143,14.796680450439453
place_a2b_left,demo_clean,ahs,strict_paired_manifest,19,9500019,e1bf9e34ba59dafa308f8ca312a1806d0d9e1370,1,7,0.6392590999603271,15.533720016479492
place_a2b_left,demo_randomized,base,unpaired_fallback,0,1282100000,49aa8549728ebd734c10a1bf25663afe5a9cc959,0,8,5.959782600402832,49.55927276611328
place_a2b_left,demo_randomized,base,unpaired_fallback,1,1282100001,bd355d4a317de886362f24f023913fb75b5ae77c,0,8,0.7290711402893066,38.33964538574219
place_a2b_left,demo_randomized,base,unpaired_fallback,2,1282100002,76b65c374ab0b3817932a3fd13c724a6ddbff131,0,8,0.733306884765625,40.243080139160156
place_a2b_left,demo_randomized,base,unpaired_fallback,3,1282100003,921f594337540af0e68eb42691444d765f1ece6e,1,3,0.27550435066223145,16.867389678955078
place_a2b_left,demo_randomized,base,unpaired_fallback,4,1282100004,c133d27e40a622246d4261000b9de08e4b5d16c5,1,3,0.27816128730773926,18.935993194580078
place_a2b_left,demo_randomized,base,unpaired_fallback,5,1282100005,11e8b8cf6a87520fd00015d77f6376d680f79536,1,3,0.27419328689575195,17.454944610595703
place_a2b_left,demo_randomized,base,unpaired_fallback,6,1282100006,3b51d7f61cfdf57f200e6ba204bd380acfaaaa85,1,4,0.37033772468566895,20.932842254638672
place_a2b_left,demo_randomized,base,unpaired_fallback,7,1282100007,d6b13aaef6375cd2e2345ca67101a9b10e4f6ee1,1,3,0.2747812271118164,13.188737869262695
place_a2b_left,demo_randomized,base,unpaired_fallback,8,1282100009,c43efe4981e0e633ce111a3abac8e1227351bf01,0,8,0.7385764122009277,42.8797492980957
place_a2b_left,demo_randomized,base,unpaired_fallback,9,1282100010,0cba347556a6eead09504628389896aac2af92af,0,8,0.7356371879577637,41.94061279296875
place_a2b_left,demo_randomized,base,unpaired_fallback,10,1282100011,b54935ed1eae62510fdc6daf6195a58f65a64ca2,1,3,0.2819225788116455,16.805866241455078
place_a2b_left,demo_randomized,base,unpaired_fallback,11,1282100012,23d4cfbe667778e94e9c2bee3a0aace1ee39c753,1,3,0.2687675952911377,15.905645370483398
place_a2b_left,demo_randomized,base,unpaired_fallback,12,1282100013,6e0da531deda3bae44099903c6965c9d4354cbab,0,8,0.7333407402038574,41.819847106933594
place_a2b_left,demo_randomized,base,unpaired_fallback,13,1282100016,c9c303390a4753b07b700c5ffc9c6fe94eb88493,0,8,0.7232975959777832,38.10720443725586
place_a2b_left,demo_randomized,base,unpaired_fallback,14,1282100017,0075ee2ae6657cbf4e4e7038ad09e792233098b3,0,8,0.7299818992614746,41.05594253540039
place_a2b_left,demo_randomized,base,unpaired_fallback,15,1282100019,51a3cdcda85f3cb75f2b606282976b3e72fa95ae,1,3,0.26926326751708984,16.0441951751709
place_a2b_left,demo_randomized,base,unpaired_fallback,16,1282100020,0ef046fabec72dea5cb7779db5921081030ddf13,1,3,0.27925944328308105,17.05666732788086
place_a2b_left,demo_randomized,base,unpaired_fallback,17,1282100021,1418b075f4c1483137bf6b546f0f5d39514edadb,1,3,0.26896214485168457,16.20751190185547
place_a2b_left,demo_randomized,base,unpaired_fallback,18,1282100022,7e5d18217ef575410069e4dae8d70327d320d0b9,1,3,0.2732512950897217,17.07377052307129
place_a2b_left,demo_randomized,base,unpaired_fallback,19,1282100025,f4ad4d477b7afb3cf5084285d72d2858268a888f,0,8,0.7250909805297852,43.57290267944336
place_a2b_left,demo_randomized,ahs,unpaired_fallback,0,1283100000,7c2d6296c6439d3632762c677b9fc53a3be884b1,1,5,5.90576171875,25.04196548461914
place_a2b_left,demo_randomized,ahs,unpaired_fallback,1,1283100001,0de9c380233604274bb4b9c0ec9ca79e68e53ced,1,7,0.6441569328308105,19.661821365356445
place_a2b_left,demo_randomized,ahs,unpaired_fallback,2,1283100002,fda5353c652fc0bb7f990e57fbaf56fa3c0a7ea5,1,7,0.6527936458587646,18.56147575378418
place_a2b_left,demo_randomized,ahs,unpaired_fallback,3,1283100004,0fdee170d42044adc655a78f79891186735ea856,0,18,1.644299030303955,38.15311050415039
place_a2b_left,demo_randomized,ahs,unpaired_fallback,4,1283100005,ddfff2bb17b76a3202c7f51781fc1b6da1bbc6a6,0,16,1.458665132522583,45.678157806396484
place_a2b_left,demo_randomized,ahs,unpaired_fallback,5,1283100006,b943fd03c192bde3532df1e9684aa630d73c1634,0,16,1.4602251052856445,45.36161422729492
place_a2b_left,demo_randomized,ahs,unpaired_fallback,6,1283100008,61a597e094188ef46b85df83a8bc8b4e742b7636,0,17,1.5496466159820557,44.193485260009766
place_a2b_left,demo_randomized,ahs,unpaired_fallback,7,1283100009,317ee68ec28ea914f07e1634e75453d3d53d4eba,1,4,0.36891865730285645,15.171497344970703
place_a2b_left,demo_randomized,ahs,unpaired_fallback,8,1283100010,7659c3369d8ae04750dbf9054e79147392999f69,0,19,1.735114336013794,42.61697769165039
place_a2b_left,demo_randomized,ahs,unpaired_fallback,9,1283100012,30ccbf4089c8433877997d7808797136cc575c7c,0,16,1.4632790088653564,44.66227722167969
place_a2b_left,demo_randomized,ahs,unpaired_fallback,10,1283100014,94f58184994bb0c483bfef4e1704edcaa37a0e14,1,5,0.4633917808532715,17.52678871154785
place_a2b_left,demo_randomized,ahs,unpaired_fallback,11,1283100015,171c9f1f24e8658b3b995beba0cb405f16f7a9e8,1,7,0.6445531845092773,19.99674415588379
place_a2b_left,demo_randomized,ahs,unpaired_fallback,12,1283100016,5acc5a0d8552343f31c00befc1a97679992075d8,1,6,0.556133508682251,18.351688385009766
place_a2b_left,demo_randomized,ahs,unpaired_fallback,13,1283100017,d6e6f558b7c23135f8e5bb1c653feadbe163c772,1,6,0.5575635433197021,17.551671981811523
place_a2b_left,demo_randomized,ahs,unpaired_fallback,14,1283100018,81fd15e7c52dbd79f4c23c7d313d5ffbaa020d90,0,17,1.5476369857788086,45.58394241333008
place_a2b_left,demo_randomized,ahs,unpaired_fallback,15,1283100020,abb7d05d69bdf4244d1ff7790ecf68f8e16cd04c,1,6,0.5548045635223389,16.666179656982422
place_a2b_left,demo_randomized,ahs,unpaired_fallback,16,1283100021,c723f3933c3b6436d15c52bb8993e3c58a85f894,1,7,0.6466953754425049,18.088787078857422
place_a2b_left,demo_randomized,ahs,unpaired_fallback,17,1283100022,479c9efbda7d0d84bea1e4022e497c0074743153,1,7,0.6637775897979736,19.14794158935547
place_a2b_left,demo_randomized,ahs,unpaired_fallback,18,1283100023,c26b65864abef85e9ee5c353a20370126156fa51,1,6,0.5497162342071533,18.1908016204834
place_a2b_left,demo_randomized,ahs,unpaired_fallback,19,1283100024,b56e2ced190ad62f505ad0e3b6183992baeeafda,1,7,0.6456460952758789,21.376407623291016
place_a2b_right,demo_clean,base,strict_paired_manifest,0,9510000,4cc4fb4fd77cb250faabf4ebbcdc04c45ea4dfa1,1,4,5.741423606872559,25.472684860229492
place_a2b_right,demo_clean,base,strict_paired_manifest,1,9510001,2751c110c6c5c477604186292b203d3a43e949d6,1,3,0.26952290534973145,13.12014102935791
place_a2b_right,demo_clean,base,strict_paired_manifest,2,9510002,7cd31f3a0fb96f3cf9194c7ad83cf1cc0e560906,1,3,0.2680017948150635,13.08354377746582
place_a2b_right,demo_clean,base,strict_paired_manifest,3,9510003,50f8af02cc4daf271f8b408414ff776f0ebc8e98,1,3,0.2681550979614258,13.14658260345459
place_a2b_right,demo_clean,base,strict_paired_manifest,4,9510004,fb252a4e0f2b87b528788df72b7e25029af6d22a,1,3,0.26865434646606445,12.937858581542969
place_a2b_right,demo_clean,base,strict_paired_manifest,5,9510005,d38c7e072635af50077c6a98abc22b410e687ad6,1,3,0.26952075958251953,15.9392671585083
place_a2b_right,demo_clean,base,strict_paired_manifest,6,9510006,50c3b7f6bba6ca8abe9d3d01c9927a15c0e65811,1,3,0.27196598052978516,13.148614883422852
place_a2b_right,demo_clean,base,strict_paired_manifest,7,9510007,32015d8a0dd0980818501604e8553b7fa9c09c57,0,8,0.7215926647186279,34.46937942504883
place_a2b_right,demo_clean,base,strict_paired_manifest,8,9510008,783a16da649447e64b0c5348d8055827f5b5cef2,0,8,0.7238390445709229,32.66229248046875
place_a2b_right,demo_clean,base,strict_paired_manifest,9,9510009,4ac84c08ea2de6f96f303e6487e96f4463e619ca,1,4,0.36022186279296875,16.521535873413086
place_a2b_right,demo_clean,base,strict_paired_manifest,10,9510010,83cb27c5c346247aa24aa57b8e1aea53d426ee6b,0,8,0.7222316265106201,36.88570022583008
place_a2b_right,demo_clean,base,strict_paired_manifest,11,9510011,b069bc201aa102be29e325ce15c5a22f94a8ddc1,1,3,0.27146267890930176,12.838038444519043
place_a2b_right,demo_clean,base,strict_paired_manifest,12,9510012,da76f5af7b90dbee5b3a95083f78b1ee2cdf87b5,1,3,0.27324557304382324,13.639259338378906
place_a2b_right,demo_clean,base,strict_paired_manifest,13,9510013,c1bd1740d0755a47dc5ed1cb66a194591d5dfdcc,1,3,0.2715134620666504,12.538078308105469
place_a2b_right,demo_clean,base,strict_paired_manifest,14,9510014,a9a4982a7a507034fca0788aabaf5df804c96ce5,0,8,0.7208781242370605,35.644527435302734
place_a2b_right,demo_clean,base,strict_paired_manifest,15,9510015,bb02fd21c8d12622cd4f5168c9dc6d80b4896bcf,1,4,0.36304616928100586,19.077003479003906
place_a2b_right,demo_clean,base,strict_paired_manifest,16,9510016,88a44cd909bee6c751b57c74cc2cacb8aafdc6e2,1,3,0.2653179168701172,13.709648132324219
place_a2b_right,demo_clean,base,strict_paired_manifest,17,9510017,041d439c03c18481733cc5fefa48800f80719e98,0,8,0.721397876739502,35.01797866821289
place_a2b_right,demo_clean,base,strict_paired_manifest,18,9510018,5f2307d0279c37e2bfcb453c47f4f384c2068ecd,1,3,0.27193474769592285,13.748348236083984
place_a2b_right,demo_clean,base,strict_paired_manifest,19,9510019,876d6c43572611206169f0404cfaa4dd81db08e5,0,8,0.7193129062652588,32.519405364990234
place_a2b_right,demo_clean,ahs,strict_paired_manifest,0,9510000,4cc4fb4fd77cb250faabf4ebbcdc04c45ea4dfa1,1,6,5.925756454467773,23.40610122680664
place_a2b_right,demo_clean,ahs,strict_paired_manifest,1,9510001,2751c110c6c5c477604186292b203d3a43e949d6,1,5,0.4532749652862549,13.022682189941406
place_a2b_right,demo_clean,ahs,strict_paired_manifest,2,9510002,7cd31f3a0fb96f3cf9194c7ad83cf1cc0e560906,0,16,1.45843505859375,34.718177795410156
place_a2b_right,demo_clean,ahs,strict_paired_manifest,3,9510003,50f8af02cc4daf271f8b408414ff776f0ebc8e98,1,6,0.5465517044067383,14.453124046325684
place_a2b_right,demo_clean,ahs,strict_paired_manifest,4,9510004,fb252a4e0f2b87b528788df72b7e25029af6d22a,1,5,0.45096278190612793,12.531057357788086
place_a2b_right,demo_clean,ahs,strict_paired_manifest,5,9510005,d38c7e072635af50077c6a98abc22b410e687ad6,1,5,0.45716142654418945,15.686797142028809
place_a2b_right,demo_clean,ahs,strict_paired_manifest,6,9510006,50c3b7f6bba6ca8abe9d3d01c9927a15c0e65811,1,7,0.6378796100616455,13.97935676574707
place_a2b_right,demo_clean,ahs,strict_paired_manifest,7,9510007,32015d8a0dd0980818501604e8553b7fa9c09c57,1,6,0.5481257438659668,14.251884460449219
place_a2b_right,demo_clean,ahs,strict_paired_manifest,8,9510008,783a16da649447e64b0c5348d8055827f5b5cef2,0,16,1.4630377292633057,37.04167556762695
place_a2b_right,demo_clean,ahs,strict_paired_manifest,9,9510009,4ac84c08ea2de6f96f303e6487e96f4463e619ca,1,6,0.5468940734863281,13.265738487243652
place_a2b_right,demo_clean,ahs,strict_paired_manifest,10,9510010,83cb27c5c346247aa24aa57b8e1aea53d426ee6b,0,15,1.3629391193389893,39.301700592041016
place_a2b_right,demo_clean,ahs,strict_paired_manifest,11,9510011,b069bc201aa102be29e325ce15c5a22f94a8ddc1,1,6,0.5433945655822754,13.512250900268555
place_a2b_right,demo_clean,ahs,strict_paired_manifest,12,9510012,da76f5af7b90dbee5b3a95083f78b1ee2cdf87b5,1,7,0.6402175426483154,16.140363693237305
place_a2b_right,demo_clean,ahs,strict_paired_manifest,13,9510013,c1bd1740d0755a47dc5ed1cb66a194591d5dfdcc,1,5,0.4535691738128662,12.369282722473145
place_a2b_right,demo_clean,ahs,strict_paired_manifest,14,9510014,a9a4982a7a507034fca0788aabaf5df804c96ce5,1,6,0.5424258708953857,14.46489143371582
place_a2b_right,demo_clean,ahs,strict_paired_manifest,15,9510015,bb02fd21c8d12622cd4f5168c9dc6d80b4896bcf,1,6,0.5496490001678467,17.02848243713379
place_a2b_right,demo_clean,ahs,strict_paired_manifest,16,9510016,88a44cd909bee6c751b57c74cc2cacb8aafdc6e2,1,6,0.5432767868041992,15.103127479553223
place_a2b_right,demo_clean,ahs,strict_paired_manifest,17,9510017,041d439c03c18481733cc5fefa48800f80719e98,0,18,1.6278655529022217,35.74851608276367
place_a2b_right,demo_clean,ahs,strict_paired_manifest,18,9510018,5f2307d0279c37e2bfcb453c47f4f384c2068ecd,1,6,0.5439202785491943,14.29981517791748
place_a2b_right,demo_clean,ahs,strict_paired_manifest,19,9510019,876d6c43572611206169f0404cfaa4dd81db08e5,0,16,1.4464044570922852,37.67802047729492
place_a2b_right,demo_randomized,base,unpaired_fallback,0,1286100000,0bbb74696b22b84de097f9ef07ae2b14175c01b3,1,3,5.7364091873168945,25.057308197021484
place_a2b_right,demo_randomized,base,unpaired_fallback,1,1286100002,559eb33018cfc9d9a8204a7b535881ba479f8299,1,3,0.27979183197021484,15.739217758178711
place_a2b_right,demo_randomized,base,unpaired_fallback,2,1286100004,cacf2297d146ba7dfc03fdd910494686d121e8d0,1,3,0.27256298065185547,15.60214614868164
place_a2b_right,demo_randomized,base,unpaired_fallback,3,1286100005,189e7497fd22973032c9f8cd66e94f1e09b190b1,0,8,0.7261943817138672,40.29378128051758
place_a2b_right,demo_randomized,base,unpaired_fallback,4,1286100007,ff7f023e8750bbba2fe7a21c7b9ddd6aeb0b7fca,1,3,0.2749173641204834,18.527570724487305
place_a2b_right,demo_randomized,base,unpaired_fallback,5,1286100008,5282835df083751a35e6c674ad6a7af85a2c842a,0,8,0.7323098182678223,38.85910415649414
place_a2b_right,demo_randomized,base,unpaired_fallback,6,1286100010,3b6393f28d366b6b6e44bcb77505f4a64d54a130,1,3,0.2769002914428711,15.702970504760742
place_a2b_right,demo_randomized,base,unpaired_fallback,7,1286100011,1b750aabb96d6e4f9d2d90e23a3c4cbc04147e81,1,3,0.278519868850708,14.965855598449707
place_a2b_right,demo_randomized,base,unpaired_fallback,8,1286100012,c817460dedccf2757809361bfafa84ccfa14ccc5,0,8,0.7291603088378906,39.25000762939453
place_a2b_right,demo_randomized,base,unpaired_fallback,9,1286100013,399f6218b089159b8f708eb6e1603c1e40ca8bc8,0,8,0.7340667247772217,41.002201080322266
place_a2b_right,demo_randomized,base,unpaired_fallback,10,1286100014,5e675cb8ad3eed3815a2d9ac084363d209b247d0,0,8,0.7346298694610596,44.7776985168457
place_a2b_right,demo_randomized,base,unpaired_fallback,11,1286100015,072e5798f254c01f227211b65a6d29746b4b6b89,1,3,0.2720959186553955,16.201923370361328
place_a2b_right,demo_randomized,base,unpaired_fallback,12,1286100016,9cff3e1d4b1b522c2e090bf39e6fe5426bdff764,1,3,0.2764437198638916,12.81812572479248
place_a2b_right,demo_randomized,base,unpaired_fallback,13,1286100017,eaba023254b5032c714f79a31a6c94aad68acc5b,0,8,0.7318024635314941,40.36298751831055
place_a2b_right,demo_randomized,base,unpaired_fallback,14,1286100018,fb28c65d680d16c106b78d1f1cd7289fb88e453d,0,8,0.7362809181213379,43.25405502319336
place_a2b_right,demo_randomized,base,unpaired_fallback,15,1286100019,edc6144681f59f2f5be79ad64c43e012a9cdaca5,0,8,0.7284445762634277,39.97822570800781
place_a2b_right,demo_randomized,base,unpaired_fallback,16,1286100021,65bfef76648de7033bd6ccd21efd43a4bfcb985d,0,8,0.7275571823120117,38.90106964111328
place_a2b_right,demo_randomized,base,unpaired_fallback,17,1286100022,11fd94ac739230310bcb10670bb7a99861da0350,0,8,0.724355936050415,39.81303405761719
place_a2b_right,demo_randomized,base,unpaired_fallback,18,1286100023,9d89f95165da0068eb16455402bcbb125e67a7ec,1,3,0.26760196685791016,16.439189910888672
place_a2b_right,demo_randomized,base,unpaired_fallback,19,1286100024,05fc60cc5d76375f7bc23c98f0d8ddc613b050e4,1,3,0.27736639976501465,18.9638729095459
place_a2b_right,demo_randomized,ahs,unpaired_fallback,0,1287100000,56aad25406b5184b14b571807dfe851e1fadc504,0,15,6.610125541687012,49.05733108520508
place_a2b_right,demo_randomized,ahs,unpaired_fallback,1,1287100002,7ddfd0d225de272392c7acf657e1584dbe126df0,0,16,1.4860751628875732,42.29909896850586
place_a2b_right,demo_randomized,ahs,unpaired_fallback,2,1287100003,ef4445d4837a312f86a32c8c47178137410c4f7f,1,10,0.9317054748535156,27.079275131225586
place_a2b_right,demo_randomized,ahs,unpaired_fallback,3,1287100004,41f5ad0f1290219db0e96bd78cb5d413f5cad2e0,1,5,0.4628417491912842,11.726505279541016
place_a2b_right,demo_randomized,ahs,unpaired_fallback,4,1287100005,e0ee7920b1a777d41039259628baa9951231fd98,0,16,1.4811947345733643,45.024288177490234
place_a2b_right,demo_randomized,ahs,unpaired_fallback,5,1287100006,ca28784725b9d7db436b51ec69ca503336e1baec,0,17,1.576021671295166,44.03622055053711
place_a2b_right,demo_randomized,ahs,unpaired_fallback,6,1287100008,fd8aaf8bbcaebfe813216d646bac10e7de2a9be6,0,16,1.4630019664764404,43.145233154296875
place_a2b_right,demo_randomized,ahs,unpaired_fallback,7,1287100011,7bbed22dc606288e8ab25f0ad2884529fda0306f,0,16,1.4782469272613525,43.174888610839844
place_a2b_right,demo_randomized,ahs,unpaired_fallback,8,1287100012,50a259afadd7c11521a12e1c489ad99ca8861638,0,18,1.6498093605041504,46.828392028808594
place_a2b_right,demo_randomized,ahs,unpaired_fallback,9,1287100013,03fa3dc58bbf07a4d103e80827d5e7bc77885bac,1,6,0.5551979541778564,19.14706802368164
place_a2b_right,demo_randomized,ahs,unpaired_fallback,10,1287100014,859981440ebe9aa3909ef68823595447ad07ca28,0,17,1.5594911575317383,46.73295974731445
place_a2b_right,demo_randomized,ahs,unpaired_fallback,11,1287100015,0a97e35eaa76426b4beea82dbeb822d70888043a,1,6,0.5498569011688232,17.112321853637695
place_a2b_right,demo_randomized,ahs,unpaired_fallback,12,1287100016,7108b1fea20518b031fc5e854b62360fc0d412cd,1,16,1.483337163925171,39.584877014160156
place_a2b_right,demo_randomized,ahs,unpaired_fallback,13,1287100018,0be53e2831e683a96604a447d21d99bf8ccd500e,0,18,1.6612319946289062,46.63732147216797
place_a2b_right,demo_randomized,ahs,unpaired_fallback,14,1287100019,557a2c16a22581dbf8d832f6b3a189487a875aa0,1,3,0.2774825096130371,10.14124870300293
place_a2b_right,demo_randomized,ahs,unpaired_fallback,15,1287100021,3d28a0b0372aee2119968b10385f1d6f945b9fa6,1,7,0.648339033126831,16.962360382080078
place_a2b_right,demo_randomized,ahs,unpaired_fallback,16,1287100022,f4ecf01e8aa9f93258eefe08a2d16879a1e88af2,0,17,1.5536789894104004,41.98707580566406
place_a2b_right,demo_randomized,ahs,unpaired_fallback,17,1287100023,e5d2c427b57e0e086f1df598dd7d582819a909c4,1,6,0.5478682518005371,18.387845993041992
place_a2b_right,demo_randomized,ahs,unpaired_fallback,18,1287100024,8b2deb1a160e25ed6d8ac79a50ab9db5666f151a,1,6,0.5497992038726807,19.180252075195312
place_a2b_right,demo_randomized,ahs,unpaired_fallback,19,1287100025,bc264cfebbad940b495eb3d64bc3be63a74a10d7,1,6,0.5522646903991699,20.332683563232422
place_bread_basket,demo_clean,base,strict_paired_manifest,0,9520000,f3ad810406877b95bddf8adf98c0d353e9670743,1,3,5.366290092468262,22.458343505859375
place_bread_basket,demo_clean,base,strict_paired_manifest,1,9520001,321638a5bf3f90dbaa112401a835ee9cf8aa9b3c,0,14,1.2635993957519531,67.840576171875
place_bread_basket,demo_clean,base,strict_paired_manifest,2,9520002,460fe326313691a7ae312f47a3bb53ef26739ef2,1,3,0.27111029624938965,14.123453140258789
place_bread_basket,demo_clean,base,strict_paired_manifest,3,9520003,f64a690546a1881782386bb76d762926d17eab3d,1,5,0.44469571113586426,27.020166397094727
place_bread_basket,demo_clean,base,strict_paired_manifest,4,9520004,2dfa9833f6a8cfa8b245ea01303fd8c48bc53d7d,1,3,0.2698836326599121,13.493610382080078
place_bread_basket,demo_clean,base,strict_paired_manifest,5,9520005,002ce7590b07a6db368da83df41cea595bed95fe,1,5,0.4531400203704834,28.67732810974121
place_bread_basket,demo_clean,base,strict_paired_manifest,6,9520006,6dda991fdc3033c9715b2a94ad5e951050825d7a,0,14,1.2589294910430908,63.43604278564453
place_bread_basket,demo_clean,base,strict_paired_manifest,7,9520007,e8db6ea3b489771adc8b214bbdc5b318dc48aeb6,1,3,0.26935791969299316,13.766525268554688
place_bread_basket,demo_clean,base,strict_paired_manifest,8,9520008,9645bdf3df60a53b88297701e5084e6bd9495f49,1,3,0.2685866355895996,14.027013778686523
place_bread_basket,demo_clean,base,strict_paired_manifest,9,9520009,77718ca1ec4a459e8e2d5a69b2e8521db3c1e23f,0,14,1.259211778640747,60.94761657714844
place_bread_basket,demo_clean,base,strict_paired_manifest,10,9520010,c6d220741ad05e4e47fd6ac3332f81b2e8d89ecf,1,5,0.46259498596191406,27.471471786499023
place_bread_basket,demo_clean,base,strict_paired_manifest,11,9520011,91db2452a4bc4ec02c8508f5f3f057429638af48,1,5,0.45439863204956055,26.159992218017578
place_bread_basket,demo_clean,base,strict_paired_manifest,12,9520012,eabc17ed8e1767c2f77bb29733e0d0c462af0bb4,0,14,1.2610280513763428,73.91368103027344
place_bread_basket,demo_clean,base,strict_paired_manifest,13,9520013,f625be557b01dad2ee21c06e5800b37ef2e270c1,1,3,0.2718522548675537,14.19807243347168
place_bread_basket,demo_clean,base,strict_paired_manifest,14,9520014,093a37d5a9b88c81edca7eb06a794a2d09de9f46,1,3,0.27016544342041016,14.775289535522461
place_bread_basket,demo_clean,base,strict_paired_manifest,15,9520015,9f62f70cac5e7cc6329c4e6d9c4bac62647aeaef,0,14,1.27158522605896,72.94963836669922
place_bread_basket,demo_clean,base,strict_paired_manifest,16,9520016,9919ca463bb8c74e5d84b6bfef65247623daf09d,0,14,1.2619845867156982,67.5597152709961
place_bread_basket,demo_clean,base,strict_paired_manifest,17,9520017,7d8fceda27b9757cbfa7e7b486723dfce90c0d68,0,14,1.2688066959381104,63.49399948120117
place_bread_basket,demo_clean,base,strict_paired_manifest,18,9520018,9a0faed22652446298b23d574f18ec1383d21891,0,14,1.261843204498291,69.41413879394531
place_bread_basket,demo_clean,base,strict_paired_manifest,19,9520019,44a7b05b9670c872714eb9566c59feb7380a6057,0,14,1.268395185470581,66.55467987060547
place_bread_basket,demo_clean,ahs,strict_paired_manifest,0,9520000,f3ad810406877b95bddf8adf98c0d353e9670743,1,6,5.8088226318359375,23.47674560546875
place_bread_basket,demo_clean,ahs,strict_paired_manifest,1,9520001,321638a5bf3f90dbaa112401a835ee9cf8aa9b3c,0,27,2.4492082595825195,70.23551177978516
place_bread_basket,demo_clean,ahs,strict_paired_manifest,2,9520002,460fe326313691a7ae312f47a3bb53ef26739ef2,1,5,0.4578688144683838,14.012870788574219
place_bread_basket,demo_clean,ahs,strict_paired_manifest,3,9520003,f64a690546a1881782386bb76d762926d17eab3d,1,10,0.9095971584320068,26.99132537841797
place_bread_basket,demo_clean,ahs,strict_paired_manifest,4,9520004,2dfa9833f6a8cfa8b245ea01303fd8c48bc53d7d,1,6,0.5443460941314697,14.578559875488281
place_bread_basket,demo_clean,ahs,strict_paired_manifest,5,9520005,002ce7590b07a6db368da83df41cea595bed95fe,1,8,0.7325663566589355,27.16191291809082
place_bread_basket,demo_clean,ahs,strict_paired_manifest,6,9520006,6dda991fdc3033c9715b2a94ad5e951050825d7a,1,7,0.6343986988067627,16.649566650390625
place_bread_basket,demo_clean,ahs,strict_paired_manifest,7,9520007,e8db6ea3b489771adc8b214bbdc5b318dc48aeb6,1,6,0.5464763641357422,14.168038368225098
place_bread_basket,demo_clean,ahs,strict_paired_manifest,8,9520008,9645bdf3df60a53b88297701e5084e6bd9495f49,1,6,0.5486629009246826,14.314665794372559
place_bread_basket,demo_clean,ahs,strict_paired_manifest,9,9520009,77718ca1ec4a459e8e2d5a69b2e8521db3c1e23f,1,6,0.5478274822235107,15.841493606567383
place_bread_basket,demo_clean,ahs,strict_paired_manifest,10,9520010,c6d220741ad05e4e47fd6ac3332f81b2e8d89ecf,1,10,0.9098470211029053,27.1897029876709
place_bread_basket,demo_clean,ahs,strict_paired_manifest,11,9520011,91db2452a4bc4ec02c8508f5f3f057429638af48,1,9,0.8157045841217041,25.329700469970703
place_bread_basket,demo_clean,ahs,strict_paired_manifest,12,9520012,eabc17ed8e1767c2f77bb29733e0d0c462af0bb4,1,17,1.5466341972351074,49.26240921020508
place_bread_basket,demo_clean,ahs,strict_paired_manifest,13,9520013,f625be557b01dad2ee21c06e5800b37ef2e270c1,1,7,0.6362946033477783,16.242443084716797
place_bread_basket,demo_clean,ahs,strict_paired_manifest,14,9520014,093a37d5a9b88c81edca7eb06a794a2d09de9f46,1,5,0.4542677402496338,13.504753112792969
place_bread_basket,demo_clean,ahs,strict_paired_manifest,15,9520015,9f62f70cac5e7cc6329c4e6d9c4bac62647aeaef,0,25,2.2718167304992676,76.63532257080078
place_bread_basket,demo_clean,ahs,strict_paired_manifest,16,9520016,9919ca463bb8c74e5d84b6bfef65247623daf09d,0,23,2.083578586578369,68.94212341308594
place_bread_basket,demo_clean,ahs,strict_paired_manifest,17,9520017,7d8fceda27b9757cbfa7e7b486723dfce90c0d68,0,25,2.255025625228882,66.90335083007812
place_bread_basket,demo_clean,ahs,strict_paired_manifest,18,9520018,9a0faed22652446298b23d574f18ec1383d21891,0,25,2.2801918983459473,71.98402404785156
place_bread_basket,demo_clean,ahs,strict_paired_manifest,19,9520019,44a7b05b9670c872714eb9566c59feb7380a6057,1,9,0.8194544315338135,25.326271057128906
place_bread_basket,demo_randomized,base,unpaired_fallback,0,1290100000,0764931e9a8c9d5ce32eb83babe184733423770c,0,14,6.374756813049316,78.62869262695312
place_bread_basket,demo_randomized,base,unpaired_fallback,1,1290100001,0b4be8fdbd0ac3a0456758cec2d1ccb482ce11c9,1,5,0.462982177734375,30.64801788330078
place_bread_basket,demo_randomized,base,unpaired_fallback,2,1290100002,89115fb57ea14362f5990122694571ef3fba3301,1,5,0.45281171798706055,28.641483306884766
place_bread_basket,demo_randomized,base,unpaired_fallback,3,1290100003,bb3da945f083cb9cb1e6f12ffd0a35b4ca330c84,1,5,0.46030592918395996,28.56723403930664
place_bread_basket,demo_randomized,base,unpaired_fallback,4,1290100004,bb24e9063f53098402b609e3ff27f8cd5e687c44,0,14,1.2730975151062012,76.38507843017578
place_bread_basket,demo_randomized,base,unpaired_fallback,5,1290100005,30cd08a20faef1c24d62a5c078ae2aedd08b7e00,0,14,1.2812473773956299,73.11747741699219
place_bread_basket,demo_randomized,base,unpaired_fallback,6,1290100006,578b4c36fee835d0767a6e95df8cf61bbc6c868b,1,5,0.4594395160675049,28.321287155151367
place_bread_basket,demo_randomized,base,unpaired_fallback,7,1290100008,5a09fb959118e759b26132cc82f701ed901f66f1,1,5,0.4591796398162842,32.767452239990234
place_bread_basket,demo_randomized,base,unpaired_fallback,8,1290100009,85bcfc762c074813d8618bef8147d39a9a6c23a5,1,5,0.4579744338989258,26.76416015625
place_bread_basket,demo_randomized,base,unpaired_fallback,9,1290100010,cf312b39090b0ca0f3d8fbcf2cc182ee09f7803d,1,5,0.46001648902893066,33.19377136230469
place_bread_basket,demo_randomized,base,unpaired_fallback,10,1290100011,cef59a1171c6d2913f6faba3f5a20bace98901a1,1,5,0.4604504108428955,29.247650146484375
place_bread_basket,demo_randomized,base,unpaired_fallback,11,1290100012,58909075758a759a7b039b726f5c4290594c7242,0,14,1.2690227031707764,74.0530776977539
place_bread_basket,demo_randomized,base,unpaired_fallback,12,1290100013,5086aaee5cdee76afec582ee9b5c959d6086f4db,1,5,0.45786213874816895,30.769153594970703
place_bread_basket,demo_randomized,base,unpaired_fallback,13,1290100014,56b39099469676e668c36ab93c55edf60179ba0e,1,3,0.27729129791259766,16.25115394592285
place_bread_basket,demo_randomized,base,unpaired_fallback,14,1290100015,d4e0eaca0406bcd53ed5f824c309fa531d0f25e2,0,14,1.265512466430664,70.763671875
place_bread_basket,demo_randomized,base,unpaired_fallback,15,1290100016,cdacd19b03205f0815ac716cf6204235c0ede1dc,1,5,0.45926451683044434,27.865840911865234
place_bread_basket,demo_randomized,base,unpaired_fallback,16,1290100017,8599b795d2f5950f45f4c078753da8e1d1c44937,0,14,1.279848575592041,80.83126068115234
place_bread_basket,demo_randomized,base,unpaired_fallback,17,1290100018,61b62fcd00ea40997ec131d506715eeccb72b0e9,0,14,1.2801177501678467,75.77708435058594
place_bread_basket,demo_randomized,base,unpaired_fallback,18,1290100019,47eca46a738fa568ee87ee64dba1bb34794c9ea3,0,14,1.2736656665802002,74.2885513305664
place_bread_basket,demo_randomized,base,unpaired_fallback,19,1290100021,d8d5a849601e2d60df5365291c2c6c2d478cdd92,0,14,1.2800803184509277,75.7401351928711
place_bread_basket,demo_randomized,ahs,unpaired_fallback,0,1291100000,bccfa8d9a30fafa2dd2a81f188ab885a3bb27f75,0,28,7.587389945983887,88.95750427246094
place_bread_basket,demo_randomized,ahs,unpaired_fallback,1,1291100001,d373eeee0e6aeba4812a306f9de127b5c4581a28,1,11,1.0046896934509277,31.46253776550293
place_bread_basket,demo_randomized,ahs,unpaired_fallback,2,1291100002,ac51475c48b549d3399a9d90594e54b782c7ad8a,0,30,2.7370433807373047,80.74948120117188
place_bread_basket,demo_randomized,ahs,unpaired_fallback,3,1291100003,bb583f9264598e5c44d219d7fc52156b13c7b53f,0,28,2.5754828453063965,65.66918182373047
place_bread_basket,demo_randomized,ahs,unpaired_fallback,4,1291100005,f9eac3b64da4e748b924548a52d90b1e1a4c4f14,1,10,0.9203331470489502,33.00189971923828
place_bread_basket,demo_randomized,ahs,unpaired_fallback,5,1291100007,8a908f8cc136f61b55d88ec07a4c0c973ec39e19,1,8,0.7488045692443848,26.891206741333008
place_bread_basket,demo_randomized,ahs,unpaired_fallback,6,1291100008,9895d863644b19d977b1e1b012a2d775f9e651ee,1,23,2.132537364959717,66.39460754394531
place_bread_basket,demo_randomized,ahs,unpaired_fallback,7,1291100009,b4e9c9e40520e88a2bdf7244557aee7f028d1549,1,8,0.7490565776824951,27.503007888793945
place_bread_basket,demo_randomized,ahs,unpaired_fallback,8,1291100010,52f692a34c1dd7951adf58605f40f22a8c4024a1,0,28,2.5861051082611084,83.37628173828125
place_bread_basket,demo_randomized,ahs,unpaired_fallback,9,1291100011,db721482c9fcc6c3b5ca2c38417ef8684a24aa72,1,9,0.8209452629089355,32.22507858276367
place_bread_basket,demo_randomized,ahs,unpaired_fallback,10,1291100012,cbc8d8780906415ce60ac452979247fc931d8ee0,0,26,2.41581130027771,83.82791137695312
place_bread_basket,demo_randomized,ahs,unpaired_fallback,11,1291100013,26281f28be9f50aec7b093ed4db300b77ccc28d4,0,27,2.5086982250213623,77.61487579345703
place_bread_basket,demo_randomized,ahs,unpaired_fallback,12,1291100014,e915959de4c77fe8f81c393ef121d1766a748f92,1,9,0.8312227725982666,30.744348526000977
place_bread_basket,demo_randomized,ahs,unpaired_fallback,13,1291100015,8cc7dc8a65b38391fabaa4e5d144be14cf92ccb1,0,29,2.6671879291534424,81.62993621826172
place_bread_basket,demo_randomized,ahs,unpaired_fallback,14,1291100016,af3f0de521aee2c3e03576c60ee8c8116fb8b22b,0,28,2.5597925186157227,76.8880844116211
place_bread_basket,demo_randomized,ahs,unpaired_fallback,15,1291100017,e99441aff5bee9de1b99f5a7bc3554d62dd117da,1,9,0.8289721012115479,28.982925415039062
place_bread_basket,demo_randomized,ahs,unpaired_fallback,16,1291100018,b9203f6a6e558154ac6c2a7178089f04b988350a,1,10,0.9409992694854736,28.653656005859375
place_bread_basket,demo_randomized,ahs,unpaired_fallback,17,1291100019,f5bfbbda89cbb6d4ce90727e9ed53b2fe201dcda,1,24,2.2068774700164795,72.85095977783203
place_bread_basket,demo_randomized,ahs,unpaired_fallback,18,1291100020,4512e6e0919c07480d6a331a0db5e345ac8f6695,0,27,2.5100386142730713,83.30026245117188
place_bread_basket,demo_randomized,ahs,unpaired_fallback,19,1291100023,985ecdf9bab49f54c1d17f8ab148014b12051010,1,10,0.9187519550323486,31.543888092041016
place_bread_skillet,demo_clean,base,strict_paired_manifest,0,9530000,1f4d1f51831e97cd1b3704605e750d01ba135fb4,1,3,5.553308963775635,24.13526725769043
place_bread_skillet,demo_clean,base,strict_paired_manifest,1,9530001,09b4e124a7b4f75d6d6420d1aaf36c37fbb451ee,0,10,0.9001455307006836,51.70268630981445
place_bread_skillet,demo_clean,base,strict_paired_manifest,2,9530002,5d98208190164e9751686519c3e6b0234846a7a7,0,10,0.9060924053192139,49.011253356933594
place_bread_skillet,demo_clean,base,strict_paired_manifest,3,9530003,979a4acf34dd3446b67dd0c152a9cb4da0d8c397,1,3,0.2725088596343994,14.988012313842773
place_bread_skillet,demo_clean,base,strict_paired_manifest,4,9530004,e0dea86d757bde58bd0c0504797b3a0fd6c826ff,1,10,0.903430700302124,47.23420333862305
place_bread_skillet,demo_clean,base,strict_paired_manifest,5,9530005,7e665cce0fac6ddfb05f9de1664749a4e95c684b,1,4,0.3624403476715088,23.533428192138672
place_bread_skillet,demo_clean,base,strict_paired_manifest,6,9530006,1f076c553b0e6641c1520780d37c36ec5dc4ada8,0,10,0.8994505405426025,48.0750846862793
place_bread_skillet,demo_clean,base,strict_paired_manifest,7,9530007,82d77c2e3ffc8e0045aacd0955b8737eadb5d9e0,0,10,0.903419017791748,48.87975311279297
place_bread_skillet,demo_clean,base,strict_paired_manifest,8,9530008,2a029ea2db536e769130a01bdddfde3d803a31ce,0,10,0.9033071994781494,47.866416931152344
place_bread_skillet,demo_clean,base,strict_paired_manifest,9,9530009,7a4c9a6fef07f5ed0e20fc4c469cbe095e513b3d,0,10,0.8996131420135498,48.31372833251953
place_bread_skillet,demo_clean,base,strict_paired_manifest,10,9530010,563f383c6bb0cd2cf7a3440d7260ba4c5b22e280,0,10,0.9071230888366699,52.36323547363281
place_bread_skillet,demo_clean,base,strict_paired_manifest,11,9530011,7ca8df0b0f978b8e9952fa567754b5c09d403236,0,10,0.902867317199707,46.539024353027344
place_bread_skillet,demo_clean,base,strict_paired_manifest,12,9530012,c60a15f24386da39c4bab85dd2091ced19bf20ff,1,3,0.2690122127532959,15.430267333984375
place_bread_skillet,demo_clean,base,strict_paired_manifest,13,9530013,09ad6de5c709ae5b9d6775761a87525755be5458,0,10,0.9078741073608398,47.28656768798828
place_bread_skillet,demo_clean,base,strict_paired_manifest,14,9530014,922b7d3037e4c1223c1e7b4209e09fc96a052700,0,10,0.9024441242218018,51.34703826904297
place_bread_skillet,demo_clean,base,strict_paired_manifest,15,9530015,65eca34429734b6f63a07ecdf38d187d6681c13c,0,10,0.9067776203155518,47.90934753417969
place_bread_skillet,demo_clean,base,strict_paired_manifest,16,9530016,afee07e4721271eba86771b8295a45ef237a0e04,0,10,0.8966338634490967,50.105464935302734
place_bread_skillet,demo_clean,base,strict_paired_manifest,17,9530017,debf52dcf8938e64a135528f0dd37c26265146d7,1,3,0.2691342830657959,16.29742431640625
place_bread_skillet,demo_clean,base,strict_paired_manifest,18,9530018,652cade9d7158659cba55030ee0967208decb14b,1,4,0.3634908199310303,20.60313606262207
place_bread_skillet,demo_clean,base,strict_paired_manifest,19,9530019,70c9c8e8aa373a75a33762dc092a380a05394fa9,0,10,0.9085350036621094,46.567989349365234
place_bread_skillet,demo_clean,ahs,strict_paired_manifest,0,9530000,1f4d1f51831e97cd1b3704605e750d01ba135fb4,1,6,5.932825565338135,23.860584259033203
place_bread_skillet,demo_clean,ahs,strict_paired_manifest,1,9530001,09b4e124a7b4f75d6d6420d1aaf36c37fbb451ee,1,5,0.4553675651550293,15.299205780029297
place_bread_skillet,demo_clean,ahs,strict_paired_manifest,2,9530002,5d98208190164e9751686519c3e6b0234846a7a7,0,21,1.9040298461914062,50.3756217956543
place_bread_skillet,demo_clean,ahs,strict_paired_manifest,3,9530003,979a4acf34dd3446b67dd0c152a9cb4da0d8c397,1,5,0.45389461517333984,14.56430435180664
place_bread_skillet,demo_clean,ahs,strict_paired_manifest,4,9530004,e0dea86d757bde58bd0c0504797b3a0fd6c826ff,0,19,1.7176594734191895,48.0162239074707
place_bread_skillet,demo_clean,ahs,strict_paired_manifest,5,9530005,7e665cce0fac6ddfb05f9de1664749a4e95c684b,1,7,0.641204833984375,19.799524307250977
place_bread_skillet,demo_clean,ahs,strict_paired_manifest,6,9530006,1f076c553b0e6641c1520780d37c36ec5dc4ada8,0,19,1.7284741401672363,50.75804138183594
place_bread_skillet,demo_clean,ahs,strict_paired_manifest,7,9530007,82d77c2e3ffc8e0045aacd0955b8737eadb5d9e0,0,18,1.6308555603027344,50.385929107666016
place_bread_skillet,demo_clean,ahs,strict_paired_manifest,8,9530008,2a029ea2db536e769130a01bdddfde3d803a31ce,1,13,1.185194730758667,32.19334411621094
place_bread_skillet,demo_clean,ahs,strict_paired_manifest,9,9530009,7a4c9a6fef07f5ed0e20fc4c469cbe095e513b3d,0,19,1.7314984798431396,46.93932342529297
place_bread_skillet,demo_clean,ahs,strict_paired_manifest,10,9530010,563f383c6bb0cd2cf7a3440d7260ba4c5b22e280,0,21,1.9096815586090088,54.038543701171875
place_bread_skillet,demo_clean,ahs,strict_paired_manifest,11,9530011,7ca8df0b0f978b8e9952fa567754b5c09d403236,1,5,0.4618234634399414,14.398380279541016
place_bread_skillet,demo_clean,ahs,strict_paired_manifest,12,9530012,c60a15f24386da39c4bab85dd2091ced19bf20ff,0,22,2.0154592990875244,52.082252502441406
place_bread_skillet,demo_clean,ahs,strict_paired_manifest,13,9530013,09ad6de5c709ae5b9d6775761a87525755be5458,0,21,1.919969081878662,52.71235275268555
place_bread_skillet,demo_clean,ahs,strict_paired_manifest,14,9530014,922b7d3037e4c1223c1e7b4209e09fc96a052700,1,7,0.6347842216491699,16.794734954833984
place_bread_skillet,demo_clean,ahs,strict_paired_manifest,15,9530015,65eca34429734b6f63a07ecdf38d187d6681c13c,0,18,1.6364119052886963,53.348289489746094
place_bread_skillet,demo_clean,ahs,strict_paired_manifest,16,9530016,afee07e4721271eba86771b8295a45ef237a0e04,1,6,0.5476453304290771,16.73235321044922
place_bread_skillet,demo_clean,ahs,strict_paired_manifest,17,9530017,debf52dcf8938e64a135528f0dd37c26265146d7,1,6,0.543870210647583,16.07550048828125
place_bread_skillet,demo_clean,ahs,strict_paired_manifest,18,9530018,652cade9d7158659cba55030ee0967208decb14b,1,7,0.6439826488494873,18.040847778320312
place_bread_skillet,demo_clean,ahs,strict_paired_manifest,19,9530019,70c9c8e8aa373a75a33762dc092a380a05394fa9,1,6,0.5482487678527832,17.074750900268555
place_bread_skillet,demo_randomized,base,unpaired_fallback,0,1294100008,60abeff9eeac590b15e2e358c2d59e48ecbbd1d0,1,7,6.029776573181152,45.64857482910156
place_bread_skillet,demo_randomized,base,unpaired_fallback,1,1294100011,b0325a0285bdce2a112e10da8c538b660aff5728,1,6,0.5507638454437256,32.42933654785156
place_bread_skillet,demo_randomized,base,unpaired_fallback,2,1294100016,b0560c01447e491ecde991ad6948f6bb248c3da7,0,10,0.9177899360656738,51.06726837158203
place_bread_skillet,demo_randomized,base,unpaired_fallback,3,1294100017,4bda9ddf0f004ad8c7c97bbd4c9aed3264461b6b,1,3,0.27638888359069824,20.911996841430664
place_bread_skillet,demo_randomized,base,unpaired_fallback,4,1294100021,d7ebbab2ee8c2b10093db9d0dec3e1aff5d51bd6,1,3,0.2775309085845947,21.717708587646484
place_bread_skillet,demo_randomized,base,unpaired_fallback,5,1294100023,6e75b647e644ab69d9758e226717fea58076840c,0,10,0.918412446975708,50.76250457763672
place_bread_skillet,demo_randomized,base,unpaired_fallback,6,1294100027,bf7df65a002900f1de7549d8a2c990254b5b79ee,0,10,0.9160628318786621,52.605323791503906
place_bread_skillet,demo_randomized,base,unpaired_fallback,7,1294100028,ae954dfc2dace8ef8bbaf36c2ace8b3f5514426f,1,3,0.2712290287017822,19.463665008544922
place_bread_skillet,demo_randomized,base,unpaired_fallback,8,1294100035,15740cec53671f9513f9329933bf6bc2baf35860,0,10,0.9240784645080566,51.068748474121094
place_bread_skillet,demo_randomized,base,unpaired_fallback,9,1294100036,a22d4732f44e3332a556cebe3f0551d81553f87c,1,3,0.27689027786254883,21.885704040527344
place_bread_skillet,demo_randomized,base,unpaired_fallback,10,1294100045,87e13ecebcc900a889294c89bf06d6c863615231,1,3,0.27485156059265137,17.61505889892578
place_bread_skillet,demo_randomized,base,unpaired_fallback,11,1294100046,d12152b423cc87f1f1f41d341d86322dc3b74aa9,0,10,0.9192430973052979,49.56454086303711
place_bread_skillet,demo_randomized,base,unpaired_fallback,12,1294100055,db1140da68d9ce2f18fb6a5a3161bec87b490aa0,1,3,0.27283406257629395,17.601808547973633
place_bread_skillet,demo_randomized,base,unpaired_fallback,13,1294100057,7c94695fe3f8cef4805ffe14b84dd8f3dfa9ee0f,0,10,0.9059984683990479,52.54465103149414
place_bread_skillet,demo_randomized,base,unpaired_fallback,14,1294100060,d866f925bc4326656c2102c8f9876f2589edd068,1,3,0.27402591705322266,19.825162887573242
place_bread_skillet,demo_randomized,base,unpaired_fallback,15,1294100061,8cae2a9ddf0f80e0ac60ff34497f6fe33bcb9493,1,3,0.27889370918273926,17.49030303955078
place_bread_skillet,demo_randomized,base,unpaired_fallback,16,1294100063,ba73f1d3b53e8f10803918f1b7be2c95a7fcb24d,0,10,0.924769401550293,52.96092987060547
place_bread_skillet,demo_randomized,base,unpaired_fallback,17,1294100064,12b7fbc12b3f31899477f9be9988aff297381129,0,10,0.9174399375915527,54.524532318115234
place_bread_skillet,demo_randomized,base,unpaired_fallback,18,1294100066,d23667f9ee91dc2f999be2b6ab5263a4e1803983,1,3,0.2753641605377197,17.207639694213867
place_bread_skillet,demo_randomized,base,unpaired_fallback,19,1294100068,196870679044327e94ed8ca6ff2e9d06fbb0589f,1,3,0.27815961837768555,20.378114700317383
place_bread_skillet,demo_randomized,ahs,unpaired_fallback,0,1295100001,53264fdec70b8aa458c82dec46eeb2ecfc99acda,1,6,5.71852970123291,26.550052642822266
place_bread_skillet,demo_randomized,ahs,unpaired_fallback,1,1295100004,44d5a99006cc791cd750a067999775486a225fb2,0,22,2.028395891189575,57.529136657714844
place_bread_skillet,demo_randomized,ahs,unpaired_fallback,2,1295100006,eaa8269fa7eb7b51148274147f45d0265c70f113,0,20,1.8510143756866455,55.596527099609375
place_bread_skillet,demo_randomized,ahs,unpaired_fallback,3,1295100009,9cbef4f86953e833412adbf33918340b04a2dd7a,1,6,0.5515000820159912,19.59742546081543
place_bread_skillet,demo_randomized,ahs,unpaired_fallback,4,1295100010,70f26cc327434d46947b811745ba0b6260bed4ec,0,17,1.5704023838043213,58.23169708251953
place_bread_skillet,demo_randomized,ahs,unpaired_fallback,5,1295100011,8498b53f71f850736ccdf1806f9f2286abf42e0e,1,5,0.4643073081970215,16.872943878173828
place_bread_skillet,demo_randomized,ahs,unpaired_fallback,6,1295100012,066f74662430592101e5099dda2bcb6cf746d3b0,0,21,1.946526288986206,54.99628448486328
place_bread_skillet,demo_randomized,ahs,unpaired_fallback,7,1295100013,12cd04f44bf10af80b8a4fc8519f1428bfcdc841,1,5,0.4683663845062256,16.684419631958008
place_bread_skillet,demo_randomized,ahs,unpaired_fallback,8,1295100027,9b15593f3a9f66723b854462eeb96233c8086bb8,1,4,0.36928653717041016,14.857242584228516
place_bread_skillet,demo_randomized,ahs,unpaired_fallback,9,1295100028,9c7feee26a935b65450822fa538ed48c96c34946,0,22,2.0325424671173096,55.66384506225586
place_bread_skillet,demo_randomized,ahs,unpaired_fallback,10,1295100029,2eaa3184cc00854b0ecd78caf68d68aff520e314,0,22,2.0209438800811768,59.6054801940918
place_bread_skillet,demo_randomized,ahs,unpaired_fallback,11,1295100038,eb88d7c8b58238897093d76d366125172fb8519f,1,6,0.5591146945953369,16.296409606933594
place_bread_skillet,demo_randomized,ahs,unpaired_fallback,12,1295100039,354f25432a46b8e68822da9fad50cf0b99285f98,0,22,2.037937641143799,55.8546142578125
place_bread_skillet,demo_randomized,ahs,unpaired_fallback,13,1295100041,f9cc7ff4177e1d912926bcc5e8b9a3cf0ca8cead,1,6,0.5571637153625488,18.35830307006836
place_bread_skillet,demo_randomized,ahs,unpaired_fallback,14,1295100049,5c7116e96b85581995297b804232fe98a29d2c9f,1,7,0.6487100124359131,22.986282348632812
place_bread_skillet,demo_randomized,ahs,unpaired_fallback,15,1295100052,1977f87eac954db5d554701b94d235b38209e277,1,6,0.5575759410858154,18.07948875427246
place_bread_skillet,demo_randomized,ahs,unpaired_fallback,16,1295100053,648f01121b8c7cdab3ce31ee37ec7228ec69da92,1,6,0.5541656017303467,18.95315170288086
place_bread_skillet,demo_randomized,ahs,unpaired_fallback,17,1295100060,3f383ffb7c2805b21f20a4e62e1cf8ddf589e741,0,20,1.8626389503479004,57.21660232543945
place_bread_skillet,demo_randomized,ahs,unpaired_fallback,18,1295100061,7fd075621bdf4c4ae7e872101ee3cabca455d5a6,0,22,2.0419137477874756,54.36479568481445
place_bread_skillet,demo_randomized,ahs,unpaired_fallback,19,1295100063,ef6bcf8c0f4c9b9c3526672f0cba37ba5edc0629,1,6,0.5488889217376709,20.838300704956055
place_burger_fries,demo_clean,base,strict_paired_manifest,0,9540000,56ed209a9659ea7fa0a9d55480f951e5e6702f44,1,5,5.514799118041992,36.16264724731445
place_burger_fries,demo_clean,base,strict_paired_manifest,1,9540001,1f295bd587006b65305c359ebd57eae6dc8dcdf3,1,5,0.4493215084075928,25.950664520263672
place_burger_fries,demo_clean,base,strict_paired_manifest,2,9540002,bebe2fa04e63b6838536ef1bfd969cc4306a56e2,1,5,0.45134997367858887,27.11530303955078
place_burger_fries,demo_clean,base,strict_paired_manifest,3,9540003,15aadc146e23022e791423994d65a743a56298c2,1,5,0.4549739360809326,27.00700569152832
place_burger_fries,demo_clean,base,strict_paired_manifest,4,9540004,d3fa1f7af924a4d3304232c6f73b335c5487a0ed,1,5,0.45603227615356445,26.87574005126953
place_burger_fries,demo_clean,base,strict_paired_manifest,5,9540005,3a3e6a2a1f216485360d57ae4a71d0bd13f9b854,1,5,0.4566671848297119,29.979387283325195
place_burger_fries,demo_clean,base,strict_paired_manifest,6,9540006,eb4317714da32019f1d251c2e5f63255a1b8e235,1,5,0.45345354080200195,26.815258026123047
place_burger_fries,demo_clean,base,strict_paired_manifest,7,9540007,19f330b6c3af5c3bfb1e31a32e589c1982cc41ce,1,5,0.45415806770324707,26.16913414001465
place_burger_fries,demo_clean,base,strict_paired_manifest,8,9540008,ab0b76dd7517c2a7d964af6fd4f77d11229069ef,1,5,0.45116209983825684,25.258264541625977
place_burger_fries,demo_clean,base,strict_paired_manifest,9,9540009,35e07d5a2eaf09369768ba2c62adfd4fb8959950,1,5,0.45448875427246094,26.258682250976562
place_burger_fries,demo_clean,base,strict_paired_manifest,10,9540010,9caf92a8a61ebb684c653157dd1446aadaa08971,1,5,0.4586820602416992,30.372604370117188
place_burger_fries,demo_clean,base,strict_paired_manifest,11,9540011,9f02a0959aebc4358b832bc747797e7735423eed,1,5,0.45278334617614746,26.26807975769043
place_burger_fries,demo_clean,base,strict_paired_manifest,12,9540012,e1a89bdea888268a84645005c1b41bfebd769b42,1,5,0.45002245903015137,27.807655334472656
place_burger_fries,demo_clean,base,strict_paired_manifest,13,9540013,c15a5d0e6ba227f05bd036e60f7abf1582424d6a,1,5,0.4507734775543213,27.09765625
place_burger_fries,demo_clean,base,strict_paired_manifest,14,9540014,692e10cbb76fbc38dc946c1ac5965ec466fbd92e,1,5,0.44827842712402344,26.397058486938477
place_burger_fries,demo_clean,base,strict_paired_manifest,15,9540015,4046e54bc379148295dc8f9e4729fd8a165854ba,1,5,0.45511579513549805,30.21059799194336
place_burger_fries,demo_clean,base,strict_paired_manifest,16,9540016,5d9a51867e4b0c005f995b95809aafc2d5e9f59d,1,5,0.4478268623352051,26.759366989135742
place_burger_fries,demo_clean,base,strict_paired_manifest,17,9540017,7d83fd0eaa516218f2fe12c7f4924076123e9eb2,0,10,0.9012284278869629,50.513309478759766
place_burger_fries,demo_clean,base,strict_paired_manifest,18,9540018,210bd7821f39efcc5874f9ae6f4e05602965dd01,1,5,0.45244598388671875,26.95433807373047
place_burger_fries,demo_clean,base,strict_paired_manifest,19,9540019,e3aa4412294ffddcb0d5a96ad9e7ce12ce185c62,1,5,0.4510536193847656,26.64571189880371
place_burger_fries,demo_clean,ahs,strict_paired_manifest,0,9540000,56ed209a9659ea7fa0a9d55480f951e5e6702f44,1,9,6.134476661682129,33.75199890136719
place_burger_fries,demo_clean,ahs,strict_paired_manifest,1,9540001,1f295bd587006b65305c359ebd57eae6dc8dcdf3,1,9,0.8283970355987549,25.316864013671875
place_burger_fries,demo_clean,ahs,strict_paired_manifest,2,9540002,bebe2fa04e63b6838536ef1bfd969cc4306a56e2,1,9,0.8114237785339355,25.773494720458984
place_burger_fries,demo_clean,ahs,strict_paired_manifest,3,9540003,15aadc146e23022e791423994d65a743a56298c2,1,9,0.8173549175262451,26.569881439208984
place_burger_fries,demo_clean,ahs,strict_paired_manifest,4,9540004,d3fa1f7af924a4d3304232c6f73b335c5487a0ed,0,20,1.8126773834228516,47.79279327392578
place_burger_fries,demo_clean,ahs,strict_paired_manifest,5,9540005,3a3e6a2a1f216485360d57ae4a71d0bd13f9b854,1,9,0.8180327415466309,29.011995315551758
place_burger_fries,demo_clean,ahs,strict_paired_manifest,6,9540006,eb4317714da32019f1d251c2e5f63255a1b8e235,1,10,0.9082903861999512,26.341039657592773
place_burger_fries,demo_clean,ahs,strict_paired_manifest,7,9540007,19f330b6c3af5c3bfb1e31a32e589c1982cc41ce,1,9,0.8111782073974609,25.510910034179688
place_burger_fries,demo_clean,ahs,strict_paired_manifest,8,9540008,ab0b76dd7517c2a7d964af6fd4f77d11229069ef,1,9,0.8107328414916992,24.490848541259766
place_burger_fries,demo_clean,ahs,strict_paired_manifest,9,9540009,35e07d5a2eaf09369768ba2c62adfd4fb8959950,1,10,0.9070899486541748,25.406152725219727
place_burger_fries,demo_clean,ahs,strict_paired_manifest,10,9540010,9caf92a8a61ebb684c653157dd1446aadaa08971,1,9,0.8298826217651367,29.30328369140625
place_burger_fries,demo_clean,ahs,strict_paired_manifest,11,9540011,9f02a0959aebc4358b832bc747797e7735423eed,1,9,0.8230040073394775,25.47694206237793
place_burger_fries,demo_clean,ahs,strict_paired_manifest,12,9540012,e1a89bdea888268a84645005c1b41bfebd769b42,1,8,0.7256841659545898,24.997425079345703
place_burger_fries,demo_clean,ahs,strict_paired_manifest,13,9540013,c15a5d0e6ba227f05bd036e60f7abf1582424d6a,1,9,0.8134636878967285,25.417991638183594
place_burger_fries,demo_clean,ahs,strict_paired_manifest,14,9540014,692e10cbb76fbc38dc946c1ac5965ec466fbd92e,1,9,0.8278813362121582,25.760263442993164
place_burger_fries,demo_clean,ahs,strict_paired_manifest,15,9540015,4046e54bc379148295dc8f9e4729fd8a165854ba,1,8,0.7408607006072998,28.991287231445312
place_burger_fries,demo_clean,ahs,strict_paired_manifest,16,9540016,5d9a51867e4b0c005f995b95809aafc2d5e9f59d,1,10,0.9185802936553955,26.850418090820312
place_burger_fries,demo_clean,ahs,strict_paired_manifest,17,9540017,7d83fd0eaa516218f2fe12c7f4924076123e9eb2,1,9,0.8123102188110352,26.746410369873047
place_burger_fries,demo_clean,ahs,strict_paired_manifest,18,9540018,210bd7821f39efcc5874f9ae6f4e05602965dd01,1,9,0.8230476379394531,26.210418701171875
place_burger_fries,demo_clean,ahs,strict_paired_manifest,19,9540019,e3aa4412294ffddcb0d5a96ad9e7ce12ce185c62,1,8,0.7251956462860107,25.327157974243164
place_burger_fries,demo_randomized,base,unpaired_fallback,0,1298100000,d6a3aea15231d480cef89f025b3566d0ea16e1dc,1,5,5.903941631317139,39.075401306152344
place_burger_fries,demo_randomized,base,unpaired_fallback,1,1298100001,293ab67195ca7ea1d70d8ce46360e944739e4764,1,5,0.4598715305328369,29.5599422454834
place_burger_fries,demo_randomized,base,unpaired_fallback,2,1298100002,6706095021123d932dbcb55e462e15d7e777d3d0,1,5,0.45163893699645996,28.751033782958984
place_burger_fries,demo_randomized,base,unpaired_fallback,3,1298100003,4ffe28f865b6e5132cbbf5ead4fe3ffa45d0c86e,1,5,0.45374417304992676,29.079965591430664
place_burger_fries,demo_randomized,base,unpaired_fallback,4,1298100004,32b8adddfe075743cf48dfc265e566f2098eae54,1,5,0.4586372375488281,31.68427848815918
place_burger_fries,demo_randomized,base,unpaired_fallback,5,1298100005,0124f14a18845e2a8419c922c6b34eff1a3036f7,1,5,0.4566922187805176,28.906221389770508
place_burger_fries,demo_randomized,base,unpaired_fallback,6,1298100006,5d1d3d64d8d4c7c3eac8738e09e1c22557cc5114,1,5,0.47510671615600586,30.65751075744629
place_burger_fries,demo_randomized,base,unpaired_fallback,7,1298100007,b8cf01b16a4ffc56631b7c2242b6bf6401296d79,0,10,0.913121223449707,56.10469436645508
place_burger_fries,demo_randomized,base,unpaired_fallback,8,1298100009,d3f2307674d1ebb0c52509726f2dd9093acde83e,1,5,0.4517643451690674,30.929039001464844
place_burger_fries,demo_randomized,base,unpaired_fallback,9,1298100010,b3eeabc9dfa4f94cb87acdf46f20bf21df0363a4,1,5,0.4566006660461426,32.570533752441406
place_burger_fries,demo_randomized,base,unpaired_fallback,10,1298100011,26509ca5a6a55a072deefa41331358f8de1d908e,1,5,0.45682311058044434,30.212831497192383
place_burger_fries,demo_randomized,base,unpaired_fallback,11,1298100013,f9793dd842f318fcf634eeca2f69fe646a1257ea,1,5,0.4560122489929199,29.319477081298828
place_burger_fries,demo_randomized,base,unpaired_fallback,12,1298100015,e0ade21c292ed034a28cf9829c5f58851f9a6c3c,1,5,0.45435619354248047,27.937273025512695
place_burger_fries,demo_randomized,base,unpaired_fallback,13,1298100016,1e322d4f97b0ad4f4b3cae6375654da0c0751450,1,8,0.7332112789154053,44.56476593017578
place_burger_fries,demo_randomized,base,unpaired_fallback,14,1298100018,92a7f481c519369fef31b2262b0a750b02f31957,1,5,0.4606053829193115,29.349910736083984
place_burger_fries,demo_randomized,base,unpaired_fallback,15,1298100020,b411767bbc97156c82765440102fc0c19bcb54b8,1,5,0.45929980278015137,29.572702407836914
place_burger_fries,demo_randomized,base,unpaired_fallback,16,1298100021,da686c44a936c35f533cc86b93bce997b0c0aae8,1,5,0.45026588439941406,27.965429306030273
place_burger_fries,demo_randomized,base,unpaired_fallback,17,1298100022,c25eacb5428db860da67ff73e9e4ef4598c4cb17,1,5,0.45693135261535645,29.718799591064453
place_burger_fries,demo_randomized,base,unpaired_fallback,18,1298100023,9e88034042e2929200e4f6a644c2ceb8286be4ba,0,10,0.9172134399414062,55.655357360839844
place_burger_fries,demo_randomized,base,unpaired_fallback,19,1298100025,1d2586b5c012d04f3b44c77fbaae395810586bbd,1,5,0.4598257541656494,33.31180191040039
place_burger_fries,demo_randomized,ahs,unpaired_fallback,0,1299100000,8d0d4084d81482ca268ecfd8083c2c89849dc943,1,9,6.26664924621582,35.91038513183594
place_burger_fries,demo_randomized,ahs,unpaired_fallback,1,1299100001,7f329007a1f85566161c51fab12a9eac21c72078,1,9,0.8319828510284424,27.86550521850586
place_burger_fries,demo_randomized,ahs,unpaired_fallback,2,1299100002,843cead536d14a4f1b9376ee37606d20919eafd0,1,10,0.912921667098999,29.34006690979004
place_burger_fries,demo_randomized,ahs,unpaired_fallback,3,1299100004,bf3dbd1c88b8cabc49d85f2e2078af0d7dbf2d55,1,9,0.8208134174346924,27.224262237548828
place_burger_fries,demo_randomized,ahs,unpaired_fallback,4,1299100005,8639e7e30ff7385607249994ee281416f7afe3df,1,9,0.8190126419067383,30.407154083251953
place_burger_fries,demo_randomized,ahs,unpaired_fallback,5,1299100006,893b6423f80ee84ff61903767b031eb58cb4720e,1,9,0.8279497623443604,27.405508041381836
place_burger_fries,demo_randomized,ahs,unpaired_fallback,6,1299100007,1c0852a199a7054139b497a171ed6ef84436bfab,1,8,0.7260818481445312,27.11739158630371
place_burger_fries,demo_randomized,ahs,unpaired_fallback,7,1299100008,597159dd17a05245e7af34b383d5ec48e51f4117,1,9,0.8257012367248535,27.169631958007812
place_burger_fries,demo_randomized,ahs,unpaired_fallback,8,1299100009,75d8d5f8aa33dad52de10599c48b8776d02d75ea,1,9,0.8168008327484131,26.165002822875977
place_burger_fries,demo_randomized,ahs,unpaired_fallback,9,1299100010,0ad95e23da3d02c6ae59bdc7572ea0ff419a85ce,1,9,0.8153159618377686,29.775102615356445
place_burger_fries,demo_randomized,ahs,unpaired_fallback,10,1299100011,4d111658fac725d22c684749ba4a3767f74c56dc,1,9,0.8220973014831543,27.666303634643555
place_burger_fries,demo_randomized,ahs,unpaired_fallback,11,1299100013,383f672b160482be6ca0e1302b618d68950bb8a5,1,9,0.8265302181243896,26.87375831604004
place_burger_fries,demo_randomized,ahs,unpaired_fallback,12,1299100015,a1c5a4b6cadcbbdece4a8f3a194e34770b20d45f,1,9,0.8289961814880371,28.070178985595703
place_burger_fries,demo_randomized,ahs,unpaired_fallback,13,1299100016,d561b4946953f16c268b2ba6d54021c0a972cc47,1,10,0.9144182205200195,28.018428802490234
place_burger_fries,demo_randomized,ahs,unpaired_fallback,14,1299100017,ceef7273380a5de6b2ddf83be078317024ba3ff6,1,10,0.9112160205841064,31.205995559692383
place_burger_fries,demo_randomized,ahs,unpaired_fallback,15,1299100018,1cba9aeac6264b61395cf57cb4bf1635c28a99f4,1,9,0.8301968574523926,27.761520385742188
place_burger_fries,demo_randomized,ahs,unpaired_fallback,16,1299100019,5022edaa10622a2a0be83b0f9240242f3051f8c1,1,9,0.8218526840209961,28.105449676513672
place_burger_fries,demo_randomized,ahs,unpaired_fallback,17,1299100020,c2ec112f3c725a1a7bb51539410e70102fc01a58,1,9,0.8272960186004639,27.400924682617188
place_burger_fries,demo_randomized,ahs,unpaired_fallback,18,1299100022,f3f56bca8cc25ed5c6e2455a14148dff289cb4eb,1,8,0.7305729389190674,24.951770782470703
place_burger_fries,demo_randomized,ahs,unpaired_fallback,19,1299100023,d138893c503e1011ea436dc7cec9f17a76c61027,1,10,0.9145472049713135,31.45541000366211
place_can_basket,demo_clean,base,strict_paired_manifest,0,9550000,d0366add74532a312c3c8556bed59e941ac49d56,0,14,6.702676773071289,83.0717544555664
place_can_basket,demo_clean,base,strict_paired_manifest,1,9550001,5d5803594940bc01bb0b43af2d635f6d4496ac8a,1,5,0.4502537250518799,28.619571685791016
place_can_basket,demo_clean,base,strict_paired_manifest,2,9550002,0af968e5f1710970543fffcc23d94ca8ca3f6a01,0,14,1.263479471206665,68.7165298461914
place_can_basket,demo_clean,base,strict_paired_manifest,3,9550003,1f6528a66af28988a86861607d0ff4171fca1656,0,14,1.2653815746307373,67.67390441894531
place_can_basket,demo_clean,base,strict_paired_manifest,4,9550004,ba34fd2fdb7e8ca2e32953486b7ea7d79658a9ea,1,5,0.44835329055786133,28.14289665222168
place_can_basket,demo_clean,base,strict_paired_manifest,5,9550005,6e621aae82e58e8ad90816aaddb1bada43d2d2a6,0,14,1.2658195495605469,74.46876525878906
place_can_basket,demo_clean,base,strict_paired_manifest,6,9550006,5bc4f9f8dd3b6da9e578dbb18ae9f8a4be7235b1,0,14,1.2695343494415283,70.4645767211914
place_can_basket,demo_clean,base,strict_paired_manifest,7,9550007,f1630004cefa27d48e43e5f07f60fa36862c2572,0,14,1.2528886795043945,72.12130737304688
place_can_basket,demo_clean,base,strict_paired_manifest,8,9550008,a59b7b20a54d48a52b6c30cb1951f76444d26a8b,0,14,1.2590065002441406,69.28816223144531
place_can_basket,demo_clean,base,strict_paired_manifest,9,9550009,5bef7025e1f361a07e0929f67519ca15ad0beda4,0,14,1.2629494667053223,66.47127532958984
place_can_basket,demo_clean,base,strict_paired_manifest,10,9550010,14767f411902f0fbaa867035de32ff4e9040bc62,1,5,0.45633411407470703,31.25246810913086
place_can_basket,demo_clean,base,strict_paired_manifest,11,9550011,89fb68ebea5707ea7d917f6a72be2b7cd28aabec,0,14,1.25529146194458,72.0661849975586
place_can_basket,demo_clean,base,strict_paired_manifest,12,9550012,3ed2d2c69027b5b60175e1ec849c30eea94a58bb,1,5,0.45340967178344727,27.388883590698242
place_can_basket,demo_clean,base,strict_paired_manifest,13,9550013,a721e2bae3c94e8d247d191965757eef5a732c7d,1,6,0.5386884212493896,30.97780990600586
place_can_basket,demo_clean,base,strict_paired_manifest,14,9550014,2a759b3c7f6d7aab0d5a9d7cb529826c6ea5d4d3,0,14,1.253058910369873,67.28925323486328
place_can_basket,demo_clean,base,strict_paired_manifest,15,9550015,1c540e3a3fe28e5eb998304cb5c67df48fbabf80,1,9,0.8111679553985596,49.763145446777344
place_can_basket,demo_clean,base,strict_paired_manifest,16,9550016,af9cd970d723e6529dd6dc554b69c0f949f787ad,0,14,1.2594656944274902,70.43150329589844
place_can_basket,demo_clean,base,strict_paired_manifest,17,9550017,e16f81fcf97acfab3adf2ce481bc36d77405c6aa,1,5,0.4474968910217285,27.017934799194336
place_can_basket,demo_clean,base,strict_paired_manifest,18,9550018,5832a2a25f76379c27569e40f18dc63928f0ce6d,1,5,0.45369482040405273,28.61018943786621
place_can_basket,demo_clean,base,strict_paired_manifest,19,9550019,545fc18031fb0edfe8d8fb18b3fa10a11c191d7e,0,14,1.2625880241394043,71.57270050048828
place_can_basket,demo_clean,ahs,strict_paired_manifest,0,9550000,d0366add74532a312c3c8556bed59e941ac49d56,1,11,6.246676445007324,42.784847259521484
place_can_basket,demo_clean,ahs,strict_paired_manifest,1,9550001,5d5803594940bc01bb0b43af2d635f6d4496ac8a,1,9,0.8175151348114014,31.906166076660156
place_can_basket,demo_clean,ahs,strict_paired_manifest,2,9550002,0af968e5f1710970543fffcc23d94ca8ca3f6a01,1,10,0.914236307144165,27.382957458496094
place_can_basket,demo_clean,ahs,strict_paired_manifest,3,9550003,1f6528a66af28988a86861607d0ff4171fca1656,1,10,0.9061520099639893,28.711442947387695
place_can_basket,demo_clean,ahs,strict_paired_manifest,4,9550004,ba34fd2fdb7e8ca2e32953486b7ea7d79658a9ea,1,10,0.9066510200500488,28.65133285522461
place_can_basket,demo_clean,ahs,strict_paired_manifest,5,9550005,6e621aae82e58e8ad90816aaddb1bada43d2d2a6,1,11,1.0020878314971924,34.700401306152344
place_can_basket,demo_clean,ahs,strict_paired_manifest,6,9550006,5bc4f9f8dd3b6da9e578dbb18ae9f8a4be7235b1,1,11,1.0070877075195312,30.27770233154297
place_can_basket,demo_clean,ahs,strict_paired_manifest,7,9550007,f1630004cefa27d48e43e5f07f60fa36862c2572,1,15,1.367917776107788,41.64094924926758
place_can_basket,demo_clean,ahs,strict_paired_manifest,8,9550008,a59b7b20a54d48a52b6c30cb1951f76444d26a8b,1,11,1.0021822452545166,29.383909225463867
place_can_basket,demo_clean,ahs,strict_paired_manifest,9,9550009,5bef7025e1f361a07e0929f67519ca15ad0beda4,1,10,0.9017152786254883,29.209259033203125
place_can_basket,demo_clean,ahs,strict_paired_manifest,10,9550010,14767f411902f0fbaa867035de32ff4e9040bc62,1,10,0.9162938594818115,32.49500274658203
place_can_basket,demo_clean,ahs,strict_paired_manifest,11,9550011,89fb68ebea5707ea7d917f6a72be2b7cd28aabec,0,29,2.6314306259155273,69.89303588867188
place_can_basket,demo_clean,ahs,strict_paired_manifest,12,9550012,3ed2d2c69027b5b60175e1ec849c30eea94a58bb,1,9,0.8157458305358887,27.869203567504883
place_can_basket,demo_clean,ahs,strict_paired_manifest,13,9550013,a721e2bae3c94e8d247d191965757eef5a732c7d,1,10,0.9173312187194824,26.699968338012695
place_can_basket,demo_clean,ahs,strict_paired_manifest,14,9550014,2a759b3c7f6d7aab0d5a9d7cb529826c6ea5d4d3,1,10,0.9062201976776123,31.21573257446289
place_can_basket,demo_clean,ahs,strict_paired_manifest,15,9550015,1c540e3a3fe28e5eb998304cb5c67df48fbabf80,1,9,0.8269438743591309,26.954282760620117
place_can_basket,demo_clean,ahs,strict_paired_manifest,16,9550016,af9cd970d723e6529dd6dc554b69c0f949f787ad,1,14,1.2900960445404053,41.19634246826172
place_can_basket,demo_clean,ahs,strict_paired_manifest,17,9550017,e16f81fcf97acfab3adf2ce481bc36d77405c6aa,1,10,0.9097123146057129,28.793012619018555
place_can_basket,demo_clean,ahs,strict_paired_manifest,18,9550018,5832a2a25f76379c27569e40f18dc63928f0ce6d,0,26,2.3695261478424072,72.70800018310547
place_can_basket,demo_clean,ahs,strict_paired_manifest,19,9550019,545fc18031fb0edfe8d8fb18b3fa10a11c191d7e,0,26,2.3543055057525635,70.85952758789062
place_can_basket,demo_randomized,base,unpaired_fallback,0,1302100001,57a486dff47d828d6bbf3b018b6c361c3a22eae1,0,14,6.558974742889404,89.8436279296875
place_can_basket,demo_randomized,base,unpaired_fallback,1,1302100002,4243dda6a905fa1621843f6a4ad4b86a98c19d5c,0,14,1.2778899669647217,90.05305480957031
place_can_basket,demo_randomized,base,unpaired_fallback,2,1302100004,6608c720bd6268ea99659918cbf84423c2c4fb44,0,14,1.271864414215088,99.81245422363281
place_can_basket,demo_randomized,base,unpaired_fallback,3,1302100006,b3bba8cd2d2a0986617d08c5e4633d5e733e6feb,0,14,1.2715387344360352,78.66743469238281
place_can_basket,demo_randomized,base,unpaired_fallback,4,1302100008,9a740bcf13ffe5e5e31c0164175beb6d89c2aa18,0,14,1.268493890762329,90.00088500976562
place_can_basket,demo_randomized,base,unpaired_fallback,5,1302100009,e5d926ae92af67eee2c98f7bebcab420f74dc6b3,0,14,1.274359941482544,85.82179260253906
place_can_basket,demo_randomized,base,unpaired_fallback,6,1302100010,95c1f0ad30d72a6beac9bfa0040b80bf2e798e02,0,14,1.2801878452301025,82.22797393798828
place_can_basket,demo_randomized,base,unpaired_fallback,7,1302100012,17ca2967892b60da88781185fc2a6d501c294f1a,0,14,1.2783231735229492,79.58031463623047
place_can_basket,demo_randomized,base,unpaired_fallback,8,1302100013,402fb488ccfbc9dfc8254b4a18ca14ef7eb4bf91,0,14,1.2677440643310547,108.2687759399414
place_can_basket,demo_randomized,base,unpaired_fallback,9,1302100015,d4dbfe2b76dbf4dc48fd34e02bda37de9e1febbf,0,14,1.2666404247283936,96.3770980834961
place_can_basket,demo_randomized,base,unpaired_fallback,10,1302100017,dd192581c1e5b75023ed35dab697eabcb9d1f0e1,0,14,1.2727854251861572,87.00057983398438
place_can_basket,demo_randomized,base,unpaired_fallback,11,1302100018,6e44fb5e6e573ca4b8251ac3a22bd1b263af9782,0,14,1.273787260055542,78.64480590820312
place_can_basket,demo_randomized,base,unpaired_fallback,12,1302100019,1798b65c473b88d78681b747d6ac3b90bed6b998,0,14,1.2743377685546875,79.17333221435547
place_can_basket,demo_randomized,base,unpaired_fallback,13,1302100022,0cf63cc0f83b5166c88f9b39816c4efe8a663d2d,0,14,1.2754926681518555,85.0972671508789
place_can_basket,demo_randomized,base,unpaired_fallback,14,1302100024,c22bfb40ac01a729919e6bbbb7551348dee05954,0,14,1.2708261013031006,89.20063018798828
place_can_basket,demo_randomized,base,unpaired_fallback,15,1302100025,f59ff795968568ed60acf3742fa54586690b3c6f,0,14,1.2771408557891846,85.64212036132812
place_can_basket,demo_randomized,base,unpaired_fallback,16,1302100026,4191cb4e0e8217e80004f5f7b3088eaa9db1dd25,0,14,1.2869141101837158,85.24034118652344
place_can_basket,demo_randomized,base,unpaired_fallback,17,1302100027,668713cffeb2c189671f3929cbc79401a8add754,0,14,1.2743053436279297,84.0503158569336
place_can_basket,demo_randomized,base,unpaired_fallback,18,1302100029,821f79441b6cb34f0e27aa08490092def84ac11c,0,14,1.2735652923583984,81.2516860961914
place_can_basket,demo_randomized,base,unpaired_fallback,19,1302100030,57f33269bd32bc1710797db2bfe3eeb382b074be,0,14,1.279357671737671,82.84847259521484
place_can_basket,demo_randomized,ahs,unpaired_fallback,0,1303100000,6be17bcd5b934bd0c0280e6e8aac9897df7bd0ac,0,27,7.500389099121094,93.91156768798828
place_can_basket,demo_randomized,ahs,unpaired_fallback,1,1303100002,34376bd80f3a2dcf19ac9044537d78b094f169d3,0,31,2.840911388397217,91.35142517089844
place_can_basket,demo_randomized,ahs,unpaired_fallback,2,1303100003,96fa95fa0aecfa2d289e203bb0053d8f8329d240,1,10,0.9213051795959473,39.06318283081055
place_can_basket,demo_randomized,ahs,unpaired_fallback,3,1303100004,5dd2c4edf2d0bfa5c78ccbe9dd7f1d9d99ff88aa,1,17,1.5602240562438965,55.9541130065918
place_can_basket,demo_randomized,ahs,unpaired_fallback,4,1303100005,8efae239bfb01cf99f218741c4f8be68ecc4e81d,1,8,0.7309985160827637,34.273040771484375
place_can_basket,demo_randomized,ahs,unpaired_fallback,5,1303100006,bf3727fa7fa84dbf76a23649f2b3689544edef64,1,16,1.4724278450012207,53.1982421875
place_can_basket,demo_randomized,ahs,unpaired_fallback,6,1303100007,c0ce899b86a50f36e0aa3eb5c122463394b8f13b,0,26,2.38169527053833,80.84441375732422
place_can_basket,demo_randomized,ahs,unpaired_fallback,7,1303100008,f02948b5cb39f328e3abb244fa0fb39e8a4b9bba,0,31,2.86434006690979,112.5247802734375
place_can_basket,demo_randomized,ahs,unpaired_fallback,8,1303100009,2951fbb56e770fa59a546ce43a72f61923bfb968,0,26,2.403317928314209,83.89476013183594
place_can_basket,demo_randomized,ahs,unpaired_fallback,9,1303100011,9f8fc10ace651379f362a64b328f42e1201a5e92,1,17,1.5559656620025635,58.06460189819336
place_can_basket,demo_randomized,ahs,unpaired_fallback,10,1303100012,52b102bdb63723dcc14704e1bdd76a6cc0336fb9,0,24,2.210206985473633,83.38102722167969
place_can_basket,demo_randomized,ahs,unpaired_fallback,11,1303100013,aa82694338a4ac0247f7ada21f66034cef23b6e2,0,29,2.658257246017456,91.55071258544922
place_can_basket,demo_randomized,ahs,unpaired_fallback,12,1303100014,95b0ab83b042021fb5675f837e4ac3ccdb43adfa,0,29,2.674907684326172,94.19184875488281
place_can_basket,demo_randomized,ahs,unpaired_fallback,13,1303100015,60acdb6b94b1e608a2e119af7cd7f4dd46684f41,0,28,2.579901695251465,87.1079330444336
place_can_basket,demo_randomized,ahs,unpaired_fallback,14,1303100016,d3fd12c0c7b57c3a84e403672e6b2ee1e2a3db5e,0,27,2.479370355606079,88.55943298339844
place_can_basket,demo_randomized,ahs,unpaired_fallback,15,1303100017,c7b98379d991a5f72983be181eae65fe0c34717e,0,27,2.4718472957611084,97.55416870117188
place_can_basket,demo_randomized,ahs,unpaired_fallback,16,1303100018,2a1797c92d569c7c3f1340dc974d3174346ea2ba,1,14,1.2785890102386475,48.69752502441406
place_can_basket,demo_randomized,ahs,unpaired_fallback,17,1303100019,3e4541a4546955f0aed11244c100d6519f9c6682,0,27,2.4910573959350586,82.68675994873047
place_can_basket,demo_randomized,ahs,unpaired_fallback,18,1303100022,2a635f7dfb98675a06d3d83690c9f62caebd241d,1,10,0.923619270324707,35.41730499267578
place_can_basket,demo_randomized,ahs,unpaired_fallback,19,1303100023,7ecc17a259338ef9b34213e9ef708a1a64433824,0,27,2.4806833267211914,80.57588195800781
place_cans_plasticbox,demo_clean,base,strict_paired_manifest,0,9560000,8adbeb732da0883bddc117a8b68e4f50970f6ac6,1,8,6.163449764251709,52.40486526489258
place_cans_plasticbox,demo_clean,base,strict_paired_manifest,1,9560001,fa818fb559b824896438d156a471911874608892,1,5,0.44944286346435547,27.4186954498291
place_cans_plasticbox,demo_clean,base,strict_paired_manifest,2,9560002,fb512bb22b4e92cd3c19cae1f6c4528eec1c0164,0,16,1.438391923904419,81.51265716552734
place_cans_plasticbox,demo_clean,base,strict_paired_manifest,3,9560003,845e5ab91e5289bf3922dda4638b0c6696883334,0,16,1.442589521408081,80.79835510253906
place_cans_plasticbox,demo_clean,base,strict_paired_manifest,4,9560004,a597e95bcffb55165ce684c2c5da1ae01904c6a4,1,8,0.7182018756866455,42.22500991821289
place_cans_plasticbox,demo_clean,base,strict_paired_manifest,5,9560005,cd37257d5920c4973534ed53e913f000aa06c5d1,0,16,1.4500956535339355,85.73512268066406
place_cans_plasticbox,demo_clean,base,strict_paired_manifest,6,9560006,91f894e23a56ea0db5ccf081937db92db2081d49,0,16,1.441502332687378,80.1447982788086
place_cans_plasticbox,demo_clean,base,strict_paired_manifest,7,9560007,e8933a564c92d9ca1fa81b279a1bc0b40c22af09,1,8,0.7261898517608643,43.29804229736328
place_cans_plasticbox,demo_clean,base,strict_paired_manifest,8,9560008,3e531920d0a6bde314d394bc13f289efc98df5a7,1,8,0.7228109836578369,41.838134765625
place_cans_plasticbox,demo_clean,base,strict_paired_manifest,9,9560009,91cd8f0ffc802dd32d4214fa8a9896cc61a5fbca,0,16,1.4423346519470215,74.96599578857422
place_cans_plasticbox,demo_clean,base,strict_paired_manifest,10,9560010,1076e4d815994b9053d3096f847351ad49683e16,0,16,1.4482033252716064,83.72376251220703
place_cans_plasticbox,demo_clean,base,strict_paired_manifest,11,9560011,23fcaff271804ef255191ef83417b3b8e149aa47,0,16,1.448185682296753,79.124267578125
place_cans_plasticbox,demo_clean,base,strict_paired_manifest,12,9560012,8af9d5664f07a37dd7eb34945ad3d536163002e2,1,16,1.4440228939056396,78.93797302246094
place_cans_plasticbox,demo_clean,base,strict_paired_manifest,13,9560013,416e804ac5d80b246177ccf493cccf573545febe,0,16,1.4382026195526123,82.71228790283203
place_cans_plasticbox,demo_clean,base,strict_paired_manifest,14,9560014,80274599909133d0c3f309c98ee68b2d67656cac,0,16,1.4474236965179443,78.3468246459961
place_cans_plasticbox,demo_clean,base,strict_paired_manifest,15,9560015,4da8ac48acd419c8ddd8d0f10be730fd3ac65573,0,16,1.4494471549987793,82.45341491699219
place_cans_plasticbox,demo_clean,base,strict_paired_manifest,16,9560016,45504b1e7ce260d66280ffe1ce81b6e4ce289f27,0,16,1.4448895454406738,78.68900299072266
place_cans_plasticbox,demo_clean,base,strict_paired_manifest,17,9560017,abdff5fa479481b32f0eda0b190c70e2fb05cb31,1,5,0.4520151615142822,29.068330764770508
place_cans_plasticbox,demo_clean,base,strict_paired_manifest,18,9560018,d4a1da486a3620c617fc42371e79c3a40c99f90a,1,5,0.45036840438842773,28.832984924316406
place_cans_plasticbox,demo_clean,base,strict_paired_manifest,19,9560019,42784b7eb65f10edf47ad402a0615f4bee7a1796,0,16,1.4432852268218994,72.19203186035156
place_cans_plasticbox,demo_clean,ahs,strict_paired_manifest,0,9560000,8adbeb732da0883bddc117a8b68e4f50970f6ac6,1,10,6.23638916015625,37.615692138671875
place_cans_plasticbox,demo_clean,ahs,strict_paired_manifest,1,9560001,fa818fb559b824896438d156a471911874608892,1,9,0.8198111057281494,27.276100158691406
place_cans_plasticbox,demo_clean,ahs,strict_paired_manifest,2,9560002,fb512bb22b4e92cd3c19cae1f6c4528eec1c0164,1,9,0.8165836334228516,26.157838821411133
place_cans_plasticbox,demo_clean,ahs,strict_paired_manifest,3,9560003,845e5ab91e5289bf3922dda4638b0c6696883334,1,10,0.9117617607116699,31.235910415649414
place_cans_plasticbox,demo_clean,ahs,strict_paired_manifest,4,9560004,a597e95bcffb55165ce684c2c5da1ae01904c6a4,1,9,0.8199467658996582,28.52952003479004
place_cans_plasticbox,demo_clean,ahs,strict_paired_manifest,5,9560005,cd37257d5920c4973534ed53e913f000aa06c5d1,1,11,0.9985649585723877,32.79108428955078
place_cans_plasticbox,demo_clean,ahs,strict_paired_manifest,6,9560006,91f894e23a56ea0db5ccf081937db92db2081d49,1,9,0.8150088787078857,25.48517417907715
place_cans_plasticbox,demo_clean,ahs,strict_paired_manifest,7,9560007,e8933a564c92d9ca1fa81b279a1bc0b40c22af09,0,32,2.922480821609497,86.27706146240234
place_cans_plasticbox,demo_clean,ahs,strict_paired_manifest,8,9560008,3e531920d0a6bde314d394bc13f289efc98df5a7,1,10,0.9012796878814697,26.98882484436035
place_cans_plasticbox,demo_clean,ahs,strict_paired_manifest,9,9560009,91cd8f0ffc802dd32d4214fa8a9896cc61a5fbca,1,11,0.9927577972412109,27.546648025512695
place_cans_plasticbox,demo_clean,ahs,strict_paired_manifest,10,9560010,1076e4d815994b9053d3096f847351ad49683e16,1,9,0.8274552822113037,30.668397903442383
place_cans_plasticbox,demo_clean,ahs,strict_paired_manifest,11,9560011,23fcaff271804ef255191ef83417b3b8e149aa47,0,31,2.8328402042388916,76.22328186035156
place_cans_plasticbox,demo_clean,ahs,strict_paired_manifest,12,9560012,8af9d5664f07a37dd7eb34945ad3d536163002e2,0,31,2.8309412002563477,76.68984985351562
place_cans_plasticbox,demo_clean,ahs,strict_paired_manifest,13,9560013,416e804ac5d80b246177ccf493cccf573545febe,1,9,0.8173387050628662,27.685998916625977
place_cans_plasticbox,demo_clean,ahs,strict_paired_manifest,14,9560014,80274599909133d0c3f309c98ee68b2d67656cac,1,10,0.9099111557006836,29.126953125
place_cans_plasticbox,demo_clean,ahs,strict_paired_manifest,15,9560015,4da8ac48acd419c8ddd8d0f10be730fd3ac65573,1,10,0.9259698390960693,29.346162796020508
place_cans_plasticbox,demo_clean,ahs,strict_paired_manifest,16,9560016,45504b1e7ce260d66280ffe1ce81b6e4ce289f27,1,9,0.8223412036895752,25.946577072143555
place_cans_plasticbox,demo_clean,ahs,strict_paired_manifest,17,9560017,abdff5fa479481b32f0eda0b190c70e2fb05cb31,1,9,0.8126735687255859,27.764686584472656
place_cans_plasticbox,demo_clean,ahs,strict_paired_manifest,18,9560018,d4a1da486a3620c617fc42371e79c3a40c99f90a,1,10,0.9037411212921143,29.267410278320312
place_cans_plasticbox,demo_clean,ahs,strict_paired_manifest,19,9560019,42784b7eb65f10edf47ad402a0615f4bee7a1796,1,10,0.9079451560974121,29.078632354736328
place_cans_plasticbox,demo_randomized,base,unpaired_fallback,0,1306100000,bfac727ebc9ead0356aa8ec54be0c5e38e7c0b07,1,5,5.744195461273193,38.37372970581055
place_cans_plasticbox,demo_randomized,base,unpaired_fallback,1,1306100001,f4ff4e8dcb503c80ef953decadccc976a9da850c,0,16,1.4507527351379395,87.71734619140625
place_cans_plasticbox,demo_randomized,base,unpaired_fallback,2,1306100002,9956e0f683c9a29643a4e4baa6c02f8b9498f7fc,0,16,1.4627227783203125,84.46028900146484
place_cans_plasticbox,demo_randomized,base,unpaired_fallback,3,1306100003,4dd02919e88b9b9bcc9ed9a37d61449b80f053d8,1,5,0.462939977645874,30.520889282226562
place_cans_plasticbox,demo_randomized,base,unpaired_fallback,4,1306100005,b03ed9c89324a01e9afe2e1b7e0de7002e2acc88,0,16,1.4600319862365723,92.7860336303711
place_cans_plasticbox,demo_randomized,base,unpaired_fallback,5,1306100006,42f5ca286262b676ed011898b8ebb3cdba369a9e,1,5,0.4598863124847412,31.95457649230957
place_cans_plasticbox,demo_randomized,base,unpaired_fallback,6,1306100007,00d2580423fd074902e1a1d84053fd8fa1d5d701,1,5,0.4535942077636719,30.324790954589844
place_cans_plasticbox,demo_randomized,base,unpaired_fallback,7,1306100008,d76fc496a4180b7afab60139a8b712ee3b4ae374,1,5,0.4584686756134033,28.94342613220215
place_cans_plasticbox,demo_randomized,base,unpaired_fallback,8,1306100009,4f9438554b7f72ddd18032726377014718df4149,1,5,0.45086193084716797,29.34818458557129
place_cans_plasticbox,demo_randomized,base,unpaired_fallback,9,1306100010,99cdfefde09beddff60048a6d3cbe6826889af02,0,16,1.4605634212493896,90.1573486328125
place_cans_plasticbox,demo_randomized,base,unpaired_fallback,10,1306100011,d6bad5c8e277c5b39333cac31daf5d8a1bc5356b,0,16,1.4601085186004639,87.7164306640625
place_cans_plasticbox,demo_randomized,base,unpaired_fallback,11,1306100013,607f5b00813d6ed2668b34ba5ce64e70380d88fa,0,16,1.4566328525543213,86.9332275390625
place_cans_plasticbox,demo_randomized,base,unpaired_fallback,12,1306100014,7a0acaf69d56957ed8605c5e02f6d006ce359655,0,16,1.4662058353424072,85.11287689208984
place_cans_plasticbox,demo_randomized,base,unpaired_fallback,13,1306100016,5401bd53a2e5abf87ea45bb6717c21137a109e3a,1,5,0.45468854904174805,31.167285919189453
place_cans_plasticbox,demo_randomized,base,unpaired_fallback,14,1306100017,646ee3551f11906ab1d9a0690a122201ab41c2ab,0,16,1.4560704231262207,95.48473358154297
place_cans_plasticbox,demo_randomized,base,unpaired_fallback,15,1306100018,46bac200d97ab38731d94343ea504983787603f1,1,5,0.4542856216430664,31.411968231201172
place_cans_plasticbox,demo_randomized,base,unpaired_fallback,16,1306100019,3c6d29e2cd4d1fabd129b43d39c98a012e749880,1,5,0.45879626274108887,31.23365020751953
place_cans_plasticbox,demo_randomized,base,unpaired_fallback,17,1306100020,2bb842fdecc4fe6ce25bfc4383dcc2358e57325f,1,5,0.4570446014404297,31.777328491210938
place_cans_plasticbox,demo_randomized,base,unpaired_fallback,18,1306100022,34a03ed515809022a42be5e044395e05d20bd8ec,1,5,0.4553985595703125,29.476003646850586
place_cans_plasticbox,demo_randomized,base,unpaired_fallback,19,1306100023,9dce72e719ba3b4633404f8af3b61d6ccc1e2ef6,0,16,1.4577233791351318,88.75811767578125
place_cans_plasticbox,demo_randomized,ahs,unpaired_fallback,0,1307100000,0f146ff1c9f5df3184beff2a0d9771a3d75157cf,1,9,6.002730846405029,34.63664245605469
place_cans_plasticbox,demo_randomized,ahs,unpaired_fallback,1,1307100001,06edfe81b5db6b945b2a08a50651f619fbf4aed1,0,31,2.825913667678833,90.68524169921875
place_cans_plasticbox,demo_randomized,ahs,unpaired_fallback,2,1307100002,f717bc3b3d953fa9c8522b6cc661eddacdd88831,0,30,2.7456138134002686,95.56818389892578
place_cans_plasticbox,demo_randomized,ahs,unpaired_fallback,3,1307100004,97594b9c93d1155eea4d9c3c3ecf5daa0214cbda,1,10,0.9197311401367188,30.359542846679688
place_cans_plasticbox,demo_randomized,ahs,unpaired_fallback,4,1307100005,1086a106e49d351726bff1b603fb49fcd1e8909b,1,10,0.9154806137084961,31.988048553466797
place_cans_plasticbox,demo_randomized,ahs,unpaired_fallback,5,1307100006,bfa067213d532c4b29905d7d27f1976eb033dc03,1,9,0.8235218524932861,30.881263732910156
place_cans_plasticbox,demo_randomized,ahs,unpaired_fallback,6,1307100009,62ff02449dc855886a920b2263b3c58f8f3cb344,1,10,0.9094738960266113,31.232755661010742
place_cans_plasticbox,demo_randomized,ahs,unpaired_fallback,7,1307100010,577f9f55ece1175dc9eb1369935d224202af2c95,0,32,2.9318594932556152,90.62991333007812
place_cans_plasticbox,demo_randomized,ahs,unpaired_fallback,8,1307100011,f4bb1589ebd1adae26995499e6228fa5fdcb862b,1,9,0.8276777267456055,30.81497573852539
place_cans_plasticbox,demo_randomized,ahs,unpaired_fallback,9,1307100012,7ee7f7dac2aad03c003ed2bcaf2c9c6a5d19b3f9,1,9,0.8278384208679199,33.05167770385742
place_cans_plasticbox,demo_randomized,ahs,unpaired_fallback,10,1307100013,70bb85fda610b6ba54cab0860cec4861afe5ed68,1,10,0.9154932498931885,33.82990264892578
place_cans_plasticbox,demo_randomized,ahs,unpaired_fallback,11,1307100014,42afc971ea9ac9664be6911e1e199fac418ed799,1,10,0.9147999286651611,30.51612091064453
place_cans_plasticbox,demo_randomized,ahs,unpaired_fallback,12,1307100016,ffb8b3ca699498c519b1fe98fb5a568d7cce5353,1,9,0.8234374523162842,30.274580001831055
place_cans_plasticbox,demo_randomized,ahs,unpaired_fallback,13,1307100017,cc21f58cc91b2b43bd42e86270343af7152d5857,1,21,2.1096549034118652,55.03187942504883
place_cans_plasticbox,demo_randomized,ahs,unpaired_fallback,14,1307100018,2d969ce83271428a5fd298ec5567918b11be3e5a,1,10,0.9149913787841797,32.95893478393555
place_cans_plasticbox,demo_randomized,ahs,unpaired_fallback,15,1307100020,946a767116938675d3ca2f517dbb6c3d1dcff3bf,0,35,3.201145648956299,89.53797912597656
place_cans_plasticbox,demo_randomized,ahs,unpaired_fallback,16,1307100021,d05b90fab61665e748b0ccfa7035e9a225912c21,1,11,1.0075764656066895,28.243375778198242
place_cans_plasticbox,demo_randomized,ahs,unpaired_fallback,17,1307100022,9e7238bf93f2feb02dac7016458023f0d8dceeac,1,9,0.8147871494293213,29.909122467041016
place_cans_plasticbox,demo_randomized,ahs,unpaired_fallback,18,1307100023,85f0e060faadd0af0d3ba2013e94bd39f308cdb5,1,10,0.9076917171478271,30.95450210571289
place_cans_plasticbox,demo_randomized,ahs,unpaired_fallback,19,1307100024,a87f425d1fc09ca33b823d0f9c2c0bf58c2ddb44,1,10,0.9143877029418945,33.14252853393555
place_container_plate,demo_clean,base,strict_paired_manifest,0,9570000,84461fd4634ce6dfe68333375eabc07f5987d7fc,1,3,5.410600662231445,21.444564819335938
place_container_plate,demo_clean,base,strict_paired_manifest,1,9570001,bcf6f40a40e14003ea7ef016420d470a2f7415cf,0,8,0.722149133682251,33.986637115478516
place_container_plate,demo_clean,base,strict_paired_manifest,2,9570002,1d7487208ac99b508c8a48af90bfa151c9d9f0ba,1,3,0.2700977325439453,13.461227416992188
place_container_plate,demo_clean,base,strict_paired_manifest,3,9570003,ca995f1ac7c993e7d705a5a0a4e82b7cd91f41f9,1,3,0.26962780952453613,14.567840576171875
place_container_plate,demo_clean,base,strict_paired_manifest,4,9570004,e8646d910c1192007806c1a43cdeeabcde9c0aaa,0,8,0.72314453125,35.94591522216797
place_container_plate,demo_clean,base,strict_paired_manifest,5,9570005,016a555ad1317f222b30f5750098d0eae6b483a2,1,4,0.3626580238342285,20.138301849365234
place_container_plate,demo_clean,base,strict_paired_manifest,6,9570006,fb8e29964efb1e7b10616159fb2a080a5add421f,0,8,0.7176761627197266,35.19329833984375
place_container_plate,demo_clean,base,strict_paired_manifest,7,9570007,2eac662f6ad14b52a466e53bb65cf08c4bf96426,1,3,0.26963019371032715,13.736167907714844
place_container_plate,demo_clean,base,strict_paired_manifest,8,9570008,6dc4064a26133b2edb1ba5b02e56b09bc2e40742,1,3,0.2713611125946045,13.764154434204102
place_container_plate,demo_clean,base,strict_paired_manifest,9,9570009,1262f8c18474ec1c0abc65438f62bef7b0ce3e8a,1,3,0.26778554916381836,13.258827209472656
place_container_plate,demo_clean,base,strict_paired_manifest,10,9570010,3fd682b3759bafea1d9eebf49038c7e595f4024f,1,3,0.2748548984527588,16.850231170654297
place_container_plate,demo_clean,base,strict_paired_manifest,11,9570011,76310881dbce1ac1bcd0265fa1a65d60e12c232f,1,3,0.2698085308074951,14.28955078125
place_container_plate,demo_clean,base,strict_paired_manifest,12,9570012,eb0cd6a81748e50bf757d5daf72f176cca90f393,1,4,0.3598954677581787,17.52242660522461
place_container_plate,demo_clean,base,strict_paired_manifest,13,9570013,b817d99e2aae8aef40eef03c0a3666f36165eec8,1,3,0.27246570587158203,13.892311096191406
place_container_plate,demo_clean,base,strict_paired_manifest,14,9570014,6dc4064a26133b2edb1ba5b02e56b09bc2e40742,1,3,0.272383451461792,13.30642318725586
place_container_plate,demo_clean,base,strict_paired_manifest,15,9570015,dceab48f1a5fca491046898d6998c0b76b1ccedc,0,8,0.72196364402771,35.64095687866211
place_container_plate,demo_clean,base,strict_paired_manifest,16,9570016,127279507e9b0788792a9b61c00d94314548d66e,1,3,0.2725071907043457,14.351271629333496
place_container_plate,demo_clean,base,strict_paired_manifest,17,9570017,df0606a2fa6cb98ea54fe05b1ca7d36c5cf5f205,1,3,0.2707359790802002,14.675539016723633
place_container_plate,demo_clean,base,strict_paired_manifest,18,9570018,67bb7ebb2c8c36eb7ab4f6f6d293b6fdde1edab0,0,8,0.7222871780395508,35.717403411865234
place_container_plate,demo_clean,base,strict_paired_manifest,19,9570019,ad62c165c866d704ffca8a307e534d39c18cbec4,1,3,0.2713921070098877,12.57358169555664
place_container_plate,demo_clean,ahs,strict_paired_manifest,0,9570000,84461fd4634ce6dfe68333375eabc07f5987d7fc,1,6,5.707851409912109,21.871318817138672
place_container_plate,demo_clean,ahs,strict_paired_manifest,1,9570001,bcf6f40a40e14003ea7ef016420d470a2f7415cf,1,6,0.5442264080047607,13.66353988647461
place_container_plate,demo_clean,ahs,strict_paired_manifest,2,9570002,1d7487208ac99b508c8a48af90bfa151c9d9f0ba,1,5,0.4541010856628418,12.759809494018555
place_container_plate,demo_clean,ahs,strict_paired_manifest,3,9570003,ca995f1ac7c993e7d705a5a0a4e82b7cd91f41f9,1,6,0.5442421436309814,14.744304656982422
place_container_plate,demo_clean,ahs,strict_paired_manifest,4,9570004,e8646d910c1192007806c1a43cdeeabcde9c0aaa,1,6,0.5437400341033936,14.445308685302734
place_container_plate,demo_clean,ahs,strict_paired_manifest,5,9570005,016a555ad1317f222b30f5750098d0eae6b483a2,1,6,0.5414032936096191,17.826053619384766
place_container_plate,demo_clean,ahs,strict_paired_manifest,6,9570006,fb8e29964efb1e7b10616159fb2a080a5add421f,1,5,0.45038390159606934,13.185291290283203
place_container_plate,demo_clean,ahs,strict_paired_manifest,7,9570007,2eac662f6ad14b52a466e53bb65cf08c4bf96426,1,6,0.5424268245697021,14.434320449829102
place_container_plate,demo_clean,ahs,strict_paired_manifest,8,9570008,6dc4064a26133b2edb1ba5b02e56b09bc2e40742,1,6,0.5471978187561035,13.782092094421387
place_container_plate,demo_clean,ahs,strict_paired_manifest,9,9570009,1262f8c18474ec1c0abc65438f62bef7b0ce3e8a,1,6,0.5478317737579346,14.306009292602539
place_container_plate,demo_clean,ahs,strict_paired_manifest,10,9570010,3fd682b3759bafea1d9eebf49038c7e595f4024f,1,6,0.5514180660247803,16.513141632080078
place_container_plate,demo_clean,ahs,strict_paired_manifest,11,9570011,76310881dbce1ac1bcd0265fa1a65d60e12c232f,1,6,0.5470938682556152,14.70305061340332
place_container_plate,demo_clean,ahs,strict_paired_manifest,12,9570012,eb0cd6a81748e50bf757d5daf72f176cca90f393,1,6,0.5483968257904053,14.769482612609863
place_container_plate,demo_clean,ahs,strict_paired_manifest,13,9570013,b817d99e2aae8aef40eef03c0a3666f36165eec8,1,6,0.552696943283081,15.161397933959961
place_container_plate,demo_clean,ahs,strict_paired_manifest,14,9570014,6dc4064a26133b2edb1ba5b02e56b09bc2e40742,1,6,0.5431711673736572,12.192792892456055
place_container_plate,demo_clean,ahs,strict_paired_manifest,15,9570015,dceab48f1a5fca491046898d6998c0b76b1ccedc,0,16,1.461303949356079,38.551597595214844
place_container_plate,demo_clean,ahs,strict_paired_manifest,16,9570016,127279507e9b0788792a9b61c00d94314548d66e,1,5,0.4591238498687744,13.700692176818848
place_container_plate,demo_clean,ahs,strict_paired_manifest,17,9570017,df0606a2fa6cb98ea54fe05b1ca7d36c5cf5f205,1,7,0.6408321857452393,16.64276123046875
place_container_plate,demo_clean,ahs,strict_paired_manifest,18,9570018,67bb7ebb2c8c36eb7ab4f6f6d293b6fdde1edab0,0,16,1.4560215473175049,35.76719665527344
place_container_plate,demo_clean,ahs,strict_paired_manifest,19,9570019,ad62c165c866d704ffca8a307e534d39c18cbec4,1,7,0.6333174705505371,12.614352226257324
place_container_plate,demo_randomized,base,unpaired_fallback,0,1310100000,d58052c863a785eec0193baeec3c19366e6415e0,1,3,5.6313982009887695,24.316619873046875
place_container_plate,demo_randomized,base,unpaired_fallback,1,1310100002,1aa3a0f56f20f291044101ea308b9f3dafd77859,1,5,0.45882558822631836,28.040008544921875
place_container_plate,demo_randomized,base,unpaired_fallback,2,1310100003,152cd092fd50eb4118f423237fddf89a1a3a882a,0,8,0.7253470420837402,38.61410140991211
place_container_plate,demo_randomized,base,unpaired_fallback,3,1310100006,566735dee1f86b2c13bd3216c0de5da874a765fa,1,3,0.2770979404449463,16.449342727661133
place_container_plate,demo_randomized,base,unpaired_fallback,4,1310100008,005cb792f0ff5cb4137a1d985ab11ea22abb44cb,1,6,0.5504055023193359,34.7323112487793
place_container_plate,demo_randomized,base,unpaired_fallback,5,1310100009,133def7563e6cbd7733e774748b17faf916e9c75,1,5,0.4572169780731201,26.72688865661621
place_container_plate,demo_randomized,base,unpaired_fallback,6,1310100010,8a7b3405a0d2d437feb3949cf6d955d1a5bc8ad0,1,3,0.27213358879089355,15.715971946716309
place_container_plate,demo_randomized,base,unpaired_fallback,7,1310100011,665e6306fbd75c185f4758d4cda49b1efd83af4e,0,8,0.7271652221679688,40.03097152709961
place_container_plate,demo_randomized,base,unpaired_fallback,8,1310100013,98ef8e8980cafd2a1e928825a3e46b3576117506,0,8,0.722102165222168,39.572513580322266
place_container_plate,demo_randomized,base,unpaired_fallback,9,1310100014,bb6bdaacfb5035b165768e7c6af95b1d4e47a1b7,1,5,0.4552798271179199,27.790281295776367
place_container_plate,demo_randomized,base,unpaired_fallback,10,1310100015,c9f85e9e3d511d99c37ab2e63e5c33c5957794da,1,3,0.2696223258972168,16.266286849975586
place_container_plate,demo_randomized,base,unpaired_fallback,11,1310100017,4124f6347cebc5b94e888369eb7dc32924834909,1,6,0.5398881435394287,30.44490623474121
place_container_plate,demo_randomized,base,unpaired_fallback,12,1310100019,8f8f40da361230d80cccf6bf363cf2255bfdfd5f,1,3,0.2765085697174072,16.46636390686035
place_container_plate,demo_randomized,base,unpaired_fallback,13,1310100020,7cc151caa21d62daf9531db0f6eff30d41abba65,1,3,0.2728915214538574,16.68257713317871
place_container_plate,demo_randomized,base,unpaired_fallback,14,1310100022,f9cf31049216144374b52436dcaa47ed6a3ac391,1,3,0.27793073654174805,19.249052047729492
place_container_plate,demo_randomized,base,unpaired_fallback,15,1310100023,b7dab8c289d37f70a9392df454de2f232bfebc81,1,6,0.5479092597961426,32.11270523071289
place_container_plate,demo_randomized,base,unpaired_fallback,16,1310100024,f27018e4be223fb68a1423db392655bc543c39f3,0,8,0.7245242595672607,40.37009048461914
place_container_plate,demo_randomized,base,unpaired_fallback,17,1310100025,53fae9c5b896bf6901b158268e398a7c0d630a5b,1,3,0.2726633548736572,17.16071128845215
place_container_plate,demo_randomized,base,unpaired_fallback,18,1310100026,a4bf3e316a9706c44568443fafcd6d2ae6353904,1,3,0.26999521255493164,15.49426555633545
place_container_plate,demo_randomized,base,unpaired_fallback,19,1310100027,109eb36cb88b8f16754a1d535ed81c08b073195a,1,3,0.2736015319824219,18.83106231689453
place_container_plate,demo_randomized,ahs,unpaired_fallback,0,1311100001,dff77a65d193683a985adcd283bb30f39eb1cf59,1,6,5.7720794677734375,24.640256881713867
place_container_plate,demo_randomized,ahs,unpaired_fallback,1,1311100002,92716ea181ff2d6b25107b14168feb44a5af7c18,1,6,0.5441093444824219,17.16394805908203
place_container_plate,demo_randomized,ahs,unpaired_fallback,2,1311100003,a50c370ffdcad0674eadf7a236c18b4be23fc79e,1,6,0.5489096641540527,15.424127578735352
place_container_plate,demo_randomized,ahs,unpaired_fallback,3,1311100004,8a66d6eb9f8cb812f60ce9a23e45dc5d2868fe6e,0,15,1.3628911972045898,42.10532760620117
place_container_plate,demo_randomized,ahs,unpaired_fallback,4,1311100006,c41a4fd0eb698d9a029940dfa76330855b664c0c,1,6,0.5479185581207275,19.36976432800293
place_container_plate,demo_randomized,ahs,unpaired_fallback,5,1311100007,6c205be83552defb6cb30a4928d4271529b77a97,1,8,0.7337353229522705,23.838085174560547
place_container_plate,demo_randomized,ahs,unpaired_fallback,6,1311100008,2fd39d314c728c886236065920b91dd992226779,1,6,0.555635929107666,16.514495849609375
place_container_plate,demo_randomized,ahs,unpaired_fallback,7,1311100010,152cd092fd50eb4118f423237fddf89a1a3a882a,1,9,0.8279459476470947,25.845596313476562
place_container_plate,demo_randomized,ahs,unpaired_fallback,8,1311100011,2b1ade983d89a360d4da35d022f2e38d9bd3334d,0,18,1.6553895473480225,41.600894927978516
place_container_plate,demo_randomized,ahs,unpaired_fallback,9,1311100012,2fa3506d5d95d6f0eeae1eb6ec5e3ed2609b534d,0,18,1.6504437923431396,43.78285217285156
place_container_plate,demo_randomized,ahs,unpaired_fallback,10,1311100013,d48c2061e7a1211c8561688b8faccfa148cc8820,1,4,0.36899375915527344,15.136453628540039
place_container_plate,demo_randomized,ahs,unpaired_fallback,11,1311100014,8010b72c82085e0404142ec4f10c35047471ea72,1,6,0.5455722808837891,15.824932098388672
place_container_plate,demo_randomized,ahs,unpaired_fallback,12,1311100015,ca0d293669ce14597092356e09b170f3a96c1841,0,16,1.457432746887207,44.52058029174805
place_container_plate,demo_randomized,ahs,unpaired_fallback,13,1311100016,a50c370ffdcad0674eadf7a236c18b4be23fc79e,1,6,0.5572957992553711,16.566831588745117
place_container_plate,demo_randomized,ahs,unpaired_fallback,14,1311100017,0dc7f888e223072b871807714e31a452eb9d663f,1,10,0.9137358665466309,30.360748291015625
place_container_plate,demo_randomized,ahs,unpaired_fallback,15,1311100019,29c493f271eba73c1ee3b11cdf3d0ac2d07f10e6,1,6,0.5434091091156006,17.706066131591797
place_container_plate,demo_randomized,ahs,unpaired_fallback,16,1311100020,81fe45fcb4082f0d89b721aedafc0a9511ec46eb,1,6,0.549088716506958,17.50552749633789
place_container_plate,demo_randomized,ahs,unpaired_fallback,17,1311100021,bc22ecb5a90382c19671f5f09023b2556013f14b,1,5,0.4551577568054199,15.217245101928711
place_container_plate,demo_randomized,ahs,unpaired_fallback,18,1311100025,05b3cbe9b1dd7957c2e8006870f35220cb092c09,1,6,0.5471749305725098,15.628090858459473
place_container_plate,demo_randomized,ahs,unpaired_fallback,19,1311100026,e783b1c9b5a9710c3fb8ce6208db95ddb14b9495,1,7,0.650590181350708,19.694564819335938
place_dual_shoes,demo_clean,base,strict_paired_manifest,0,9580000,dd290d2e2c3e9b10ba7865836bfad0f8e95870b6,0,12,6.290472030639648,70.86577606201172
place_dual_shoes,demo_clean,base,strict_paired_manifest,1,9580001,81f34713983cb7d421ed139f936cd1afde7e2704,1,5,0.4519655704498291,29.171384811401367
place_dual_shoes,demo_clean,base,strict_paired_manifest,2,9580002,7006db6f47edaf4f41d8400e9fe92b5ab839a72b,1,5,0.4477267265319824,27.350139617919922
place_dual_shoes,demo_clean,base,strict_paired_manifest,3,9580003,9aadce7a520aacf94c361009d982d32b33c7c8f1,1,5,0.4474613666534424,28.332134246826172
place_dual_shoes,demo_clean,base,strict_paired_manifest,4,9580004,704653bea18d3ea9160713f40241a04049927e42,1,5,0.44861841201782227,28.855716705322266
place_dual_shoes,demo_clean,base,strict_paired_manifest,5,9580005,c97dd8b3d29b579fddee9d0b1b91b8af1a83ee48,1,5,0.45607924461364746,32.66217803955078
place_dual_shoes,demo_clean,base,strict_paired_manifest,6,9580006,b456c60e136fd911ae0dce4ffc1ee8c632ae50fb,1,5,0.451488733291626,27.680618286132812
place_dual_shoes,demo_clean,base,strict_paired_manifest,7,9580007,732ba7a0010f14d9ec70289f16c6a22173f38fc2,1,5,0.4482579231262207,28.43572998046875
place_dual_shoes,demo_clean,base,strict_paired_manifest,8,9580008,fcf461dc700c5b80cbaaf31f263e502bd91eedda,1,6,0.5334393978118896,33.285579681396484
place_dual_shoes,demo_clean,base,strict_paired_manifest,9,9580009,c70857d319822fbb6bbcd9bc8cf19801e4647d31,1,5,0.44953203201293945,29.195585250854492
place_dual_shoes,demo_clean,base,strict_paired_manifest,10,9580010,b52e06046987f6a23548563eb5e17ff0b3b09395,0,12,1.081428050994873,70.72815704345703
place_dual_shoes,demo_clean,base,strict_paired_manifest,11,9580011,cf8e7b9cb1416631136494c2c3c2edaecaac35c2,0,12,1.0828137397766113,65.64186096191406
place_dual_shoes,demo_clean,base,strict_paired_manifest,12,9580012,6a2f33df702d0f5a392178f75f7f419d46914c1f,0,12,1.0849206447601318,60.726688385009766
place_dual_shoes,demo_clean,base,strict_paired_manifest,13,9580013,8efd06d85bc35992fda121407b813c6ba67d1e3a,1,5,0.45253849029541016,31.343082427978516
place_dual_shoes,demo_clean,base,strict_paired_manifest,14,9580014,4d7cb0f075c3ef738d9dd42121c333001d96337f,1,5,0.4482264518737793,31.394268035888672
place_dual_shoes,demo_clean,base,strict_paired_manifest,15,9580015,c2d00b0ce6f48c344aaad42574741d057dbdf0a8,1,5,0.4568002223968506,32.53010177612305
place_dual_shoes,demo_clean,base,strict_paired_manifest,16,9580016,ade51a0421e5da24edbfc0ecd86ce77f4645dbe5,1,5,0.4473278522491455,29.431373596191406
place_dual_shoes,demo_clean,base,strict_paired_manifest,17,9580017,900e538b6630ad91ae6051a99bc04b2527f5c455,0,12,1.0744225978851318,71.61756896972656
place_dual_shoes,demo_clean,base,strict_paired_manifest,18,9580018,09349cdc608337ee617b2bcd70c13928973d3517,1,8,0.7200727462768555,46.036216735839844
place_dual_shoes,demo_clean,base,strict_paired_manifest,19,9580019,c4db58742326cbc69983d9e50982205f9cb6f2f8,1,5,0.45688319206237793,29.847095489501953
place_dual_shoes,demo_clean,ahs,strict_paired_manifest,0,9580000,dd290d2e2c3e9b10ba7865836bfad0f8e95870b6,1,12,6.555014610290527,42.26872634887695
place_dual_shoes,demo_clean,ahs,strict_paired_manifest,1,9580001,81f34713983cb7d421ed139f936cd1afde7e2704,1,10,0.9039216041564941,27.28908920288086
place_dual_shoes,demo_clean,ahs,strict_paired_manifest,2,9580002,7006db6f47edaf4f41d8400e9fe92b5ab839a72b,1,10,0.9223897457122803,27.519758224487305
place_dual_shoes,demo_clean,ahs,strict_paired_manifest,3,9580003,9aadce7a520aacf94c361009d982d32b33c7c8f1,1,10,0.9003889560699463,27.721899032592773
place_dual_shoes,demo_clean,ahs,strict_paired_manifest,4,9580004,704653bea18d3ea9160713f40241a04049927e42,1,8,0.7265963554382324,25.928363800048828
place_dual_shoes,demo_clean,ahs,strict_paired_manifest,5,9580005,c97dd8b3d29b579fddee9d0b1b91b8af1a83ee48,1,9,0.8244554996490479,30.359169006347656
place_dual_shoes,demo_clean,ahs,strict_paired_manifest,6,9580006,b456c60e136fd911ae0dce4ffc1ee8c632ae50fb,1,8,0.7251241207122803,24.287399291992188
place_dual_shoes,demo_clean,ahs,strict_paired_manifest,7,9580007,732ba7a0010f14d9ec70289f16c6a22173f38fc2,1,9,0.8167812824249268,26.47860336303711
place_dual_shoes,demo_clean,ahs,strict_paired_manifest,8,9580008,fcf461dc700c5b80cbaaf31f263e502bd91eedda,1,9,0.8185110092163086,28.610044479370117
place_dual_shoes,demo_clean,ahs,strict_paired_manifest,9,9580009,c70857d319822fbb6bbcd9bc8cf19801e4647d31,1,9,0.8226883411407471,28.841209411621094
place_dual_shoes,demo_clean,ahs,strict_paired_manifest,10,9580010,b52e06046987f6a23548563eb5e17ff0b3b09395,0,31,2.8144755363464355,76.01285552978516
place_dual_shoes,demo_clean,ahs,strict_paired_manifest,11,9580011,cf8e7b9cb1416631136494c2c3c2edaecaac35c2,1,10,0.9135894775390625,29.35076141357422
place_dual_shoes,demo_clean,ahs,strict_paired_manifest,12,9580012,6a2f33df702d0f5a392178f75f7f419d46914c1f,1,11,1.0019252300262451,32.942657470703125
place_dual_shoes,demo_clean,ahs,strict_paired_manifest,13,9580013,8efd06d85bc35992fda121407b813c6ba67d1e3a,1,9,0.8142974376678467,29.376386642456055
place_dual_shoes,demo_clean,ahs,strict_paired_manifest,14,9580014,4d7cb0f075c3ef738d9dd42121c333001d96337f,1,10,0.9052731990814209,32.041717529296875
place_dual_shoes,demo_clean,ahs,strict_paired_manifest,15,9580015,c2d00b0ce6f48c344aaad42574741d057dbdf0a8,0,24,2.197693347930908,74.11490631103516
place_dual_shoes,demo_clean,ahs,strict_paired_manifest,16,9580016,ade51a0421e5da24edbfc0ecd86ce77f4645dbe5,0,26,2.358558177947998,69.75900268554688
place_dual_shoes,demo_clean,ahs,strict_paired_manifest,17,9580017,900e538b6630ad91ae6051a99bc04b2527f5c455,1,10,0.9065303802490234,30.842777252197266
place_dual_shoes,demo_clean,ahs,strict_paired_manifest,18,9580018,09349cdc608337ee617b2bcd70c13928973d3517,1,9,0.8156380653381348,27.81063461303711
place_dual_shoes,demo_clean,ahs,strict_paired_manifest,19,9580019,c4db58742326cbc69983d9e50982205f9cb6f2f8,1,8,0.732332706451416,28.115345001220703
place_dual_shoes,demo_randomized,base,unpaired_fallback,0,1314100000,eb70f16806cda0bf11326dd8cf876f393cd8d6de,0,12,6.428839683532715,69.02774047851562
place_dual_shoes,demo_randomized,base,unpaired_fallback,1,1314100001,204fbb1ddf1d100371c83fddaea4b0fd0879838d,1,5,0.46096158027648926,30.952720642089844
place_dual_shoes,demo_randomized,base,unpaired_fallback,2,1314100002,5dc0b54c4ed5c1b6a16c091b67bd02e0d8e8ea6b,1,6,0.54591965675354,36.71188735961914
place_dual_shoes,demo_randomized,base,unpaired_fallback,3,1314100003,ec332ccb673371ae0229cb1937d332eb38ad226f,1,5,0.45462989807128906,33.39310836791992
place_dual_shoes,demo_randomized,base,unpaired_fallback,4,1314100004,e78de95dbc254386ae557a3ad92816a2c320ad53,0,12,1.0878369808197021,70.52851867675781
place_dual_shoes,demo_randomized,base,unpaired_fallback,5,1314100005,cc8ceb02272b7bb53d00f4521ac0037231a9a427,0,12,1.0965526103973389,64.29888916015625
place_dual_shoes,demo_randomized,base,unpaired_fallback,6,1314100008,bbf1970d487b368c7ce56953c26c3e4ab0817183,0,12,1.0780737400054932,64.69409942626953
place_dual_shoes,demo_randomized,base,unpaired_fallback,7,1314100010,07602ca1608c691ffbc2ec512e72c2a454fcf9d9,1,5,0.45635080337524414,32.12947082519531
place_dual_shoes,demo_randomized,base,unpaired_fallback,8,1314100011,ba3e34f2d24ac22308494fd5ea88bcbad8bd63e4,1,5,0.4551663398742676,30.8641357421875
place_dual_shoes,demo_randomized,base,unpaired_fallback,9,1314100012,a10737558a322ab48c10ce4375b35c5f113049e8,0,12,1.084474802017212,68.85406494140625
place_dual_shoes,demo_randomized,base,unpaired_fallback,10,1314100013,feb0199faba27043ba57643bf68cf87bf89ba0d5,0,12,1.0925920009613037,75.00487518310547
place_dual_shoes,demo_randomized,base,unpaired_fallback,11,1314100014,762b8b387db2d3d94717a89ed6e4dda0c5c75954,1,5,0.4577302932739258,31.479719161987305
place_dual_shoes,demo_randomized,base,unpaired_fallback,12,1314100017,1cdf38634ce0e41d641718c94141b9acae773f0c,0,12,1.088141918182373,68.19391632080078
place_dual_shoes,demo_randomized,base,unpaired_fallback,13,1314100018,38e9166637dd85aba2643c0821444034af57d6f8,1,5,0.4573049545288086,31.427452087402344
place_dual_shoes,demo_randomized,base,unpaired_fallback,14,1314100021,3c653881a445aa477a64d871d9468f7995053c4e,1,5,0.448986291885376,34.98677062988281
place_dual_shoes,demo_randomized,base,unpaired_fallback,15,1314100022,6a55a2ea70b9304b92423c5f17b1f64a7d05aa6d,0,12,1.08905029296875,63.88458251953125
place_dual_shoes,demo_randomized,base,unpaired_fallback,16,1314100024,f89f851e7959edc6ef06fa58a12748ed425873b7,0,12,1.0871922969818115,64.35316467285156
place_dual_shoes,demo_randomized,base,unpaired_fallback,17,1314100027,09349cdc608337ee617b2bcd70c13928973d3517,1,5,0.4557034969329834,31.35527801513672
place_dual_shoes,demo_randomized,base,unpaired_fallback,18,1314100029,1384cd72125313ecd7e215c24e8b93ac4013a868,1,5,0.45597290992736816,30.42693328857422
place_dual_shoes,demo_randomized,base,unpaired_fallback,19,1314100031,cef4673172f538355082950256f1df7459b7cdfa,0,12,1.0796256065368652,74.1383285522461
place_dual_shoes,demo_randomized,ahs,unpaired_fallback,0,1315100000,78cf861fe60b50dca798e41d5044d1f504ff5f87,1,10,6.2208428382873535,38.958866119384766
place_dual_shoes,demo_randomized,ahs,unpaired_fallback,1,1315100001,7555c4f7a8e1310f6ff610ac434d7bf7de39dc4f,0,24,2.2073347568511963,71.87296295166016
place_dual_shoes,demo_randomized,ahs,unpaired_fallback,2,1315100004,8354ff468d333328d6ce20845ff2941c6d50e139,0,25,2.2902820110321045,70.57434844970703
place_dual_shoes,demo_randomized,ahs,unpaired_fallback,3,1315100005,020b087ecb44efc7d8263af02194dccf2b66622a,1,10,0.9205751419067383,31.487442016601562
place_dual_shoes,demo_randomized,ahs,unpaired_fallback,4,1315100006,d04717a4376d2a57ff617cc8887d1ecf779002f4,1,10,0.9266271591186523,32.75769805908203
place_dual_shoes,demo_randomized,ahs,unpaired_fallback,5,1315100007,e286f4fb653d9489457bf99d0424790990244b87,1,10,0.9117388725280762,32.67554473876953
place_dual_shoes,demo_randomized,ahs,unpaired_fallback,6,1315100008,0f7b1eba0e35d2ab040b4223873fe0ec12810c7f,1,10,0.9226260185241699,32.273399353027344
place_dual_shoes,demo_randomized,ahs,unpaired_fallback,7,1315100009,f73de0db528466427720d7cadfe39389e6b3db64,0,28,2.5698649883270264,74.11894226074219
place_dual_shoes,demo_randomized,ahs,unpaired_fallback,8,1315100010,c5a454f13663877530d962397dc75dc35daaaef5,0,25,2.295093297958374,67.5379409790039
place_dual_shoes,demo_randomized,ahs,unpaired_fallback,9,1315100011,448204b46e963ccbecbff8ee7d3d26e74b59e952,0,24,2.2151060104370117,72.0975112915039
place_dual_shoes,demo_randomized,ahs,unpaired_fallback,10,1315100012,43fec2c95fa39ed4143d94087f2c3817ce1caa8b,1,9,0.8319752216339111,28.45985984802246
place_dual_shoes,demo_randomized,ahs,unpaired_fallback,11,1315100014,d375d04517b03506ad2972b700ef2819fab256ad,1,9,0.8215949535369873,29.050479888916016
place_dual_shoes,demo_randomized,ahs,unpaired_fallback,12,1315100015,323c10927e6be2fad3da50060ecbb95e4abad6fc,1,9,0.8287076950073242,28.96024513244629
place_dual_shoes,demo_randomized,ahs,unpaired_fallback,13,1315100016,af5e0b6a6414bfc23ec62f9a32aeb6d9813f7c11,1,10,0.9379222393035889,30.625125885009766
place_dual_shoes,demo_randomized,ahs,unpaired_fallback,14,1315100017,a10737558a322ab48c10ce4375b35c5f113049e8,1,9,0.8234031200408936,34.85494613647461
place_dual_shoes,demo_randomized,ahs,unpaired_fallback,15,1315100018,4ebff6523fd3f829b89d2ab2959d9b5ff58b73fa,0,21,1.9337685108184814,74.65750885009766
place_dual_shoes,demo_randomized,ahs,unpaired_fallback,16,1315100021,2e3a646d4b1a5a3cc4a973d8d922cd4be43dd203,1,10,0.9261937141418457,30.566951751708984
place_dual_shoes,demo_randomized,ahs,unpaired_fallback,17,1315100023,924fcd166a9967b6d9a0a3cb8f571ed01f56cd45,0,27,2.462183952331543,67.80830383300781
place_dual_shoes,demo_randomized,ahs,unpaired_fallback,18,1315100024,c2d00b0ce6f48c344aaad42574741d057dbdf0a8,0,27,2.4509642124176025,69.21435546875
place_dual_shoes,demo_randomized,ahs,unpaired_fallback,19,1315100025,83280495fe4fefe9dbecf9f1d64261163f7e0761,1,10,0.9196038246154785,30.00307273864746
place_empty_cup,demo_clean,base,strict_paired_manifest,0,9590000,285ab7a016a0707d10be25b89e2365c3523f361d,1,3,5.413976669311523,21.171220779418945
place_empty_cup,demo_clean,base,strict_paired_manifest,1,9590001,c824582a8b2d81a79a587f312e082a67588c4007,1,6,0.5445172786712646,26.798904418945312
place_empty_cup,demo_clean,base,strict_paired_manifest,2,9590002,0e948814dae19a9051cea4d1e6d69d3d2d324544,1,3,0.2724120616912842,13.982792854309082
place_empty_cup,demo_clean,base,strict_paired_manifest,3,9590003,c824582a8b2d81a79a587f312e082a67588c4007,1,3,0.26698851585388184,13.946234703063965
place_empty_cup,demo_clean,base,strict_paired_manifest,4,9590004,8e1af7d968011cedccd2b2e89b5f23e834f2f678,1,3,0.2700355052947998,13.921142578125
place_empty_cup,demo_clean,base,strict_paired_manifest,5,9590005,dd48a6067eaef18d8a87c3df60bbe2142b6840f2,1,3,0.2694528102874756,17.002901077270508
place_empty_cup,demo_clean,base,strict_paired_manifest,6,9590006,60944a085cb230ba47ac4acf6c42a46b60868619,1,3,0.27072739601135254,14.768007278442383
place_empty_cup,demo_clean,base,strict_paired_manifest,7,9590007,3d4c6f9073ebbd7d58b6796ce82cae9669d4c2bd,1,3,0.2709624767303467,13.875757217407227
place_empty_cup,demo_clean,base,strict_paired_manifest,8,9590008,59a8a9d6145b8be6e234b9f248f2a1a47670bd25,1,3,0.26822471618652344,12.873136520385742
place_empty_cup,demo_clean,base,strict_paired_manifest,9,9590009,4e406529461f4fb28c38d1e179bf2ef74b82a719,1,4,0.36019039154052734,18.026952743530273
place_empty_cup,demo_clean,base,strict_paired_manifest,10,9590010,c9233fbab24455514c6fcc2a49d59fce6e26c33b,1,6,0.5445456504821777,29.251893997192383
place_empty_cup,demo_clean,base,strict_paired_manifest,11,9590011,e612d602527e3fa5373ed069e2f9fa60fb2243d0,1,3,0.270366907119751,13.058337211608887
place_empty_cup,demo_clean,base,strict_paired_manifest,12,9590012,8bb677b426f116f58b64d8f3baf2b99ed00a4228,1,4,0.36139917373657227,16.81003761291504
place_empty_cup,demo_clean,base,strict_paired_manifest,13,9590013,104864fae70def0d67ae4798589140c0e82275a5,1,3,0.27007269859313965,14.370558738708496
place_empty_cup,demo_clean,base,strict_paired_manifest,14,9590014,6b72758d65d3652569a399062c004fee0c4f5040,1,6,0.5403008460998535,28.2500057220459
place_empty_cup,demo_clean,base,strict_paired_manifest,15,9590015,48d62cd7ead9dc423e93867ccfe8cdf98875b05a,1,3,0.2745935916900635,15.798388481140137
place_empty_cup,demo_clean,base,strict_paired_manifest,16,9590016,ef62747c00cc2e607f0e9a6920bbb2ca05e3e8fd,1,4,0.3610689640045166,18.393367767333984
place_empty_cup,demo_clean,base,strict_paired_manifest,17,9590017,a356edb366b4d1e08e29b5898907b9bb4d9adfc6,1,3,0.274050235748291,12.775158882141113
place_empty_cup,demo_clean,base,strict_paired_manifest,18,9590018,7e40b6f7d320e3ea4fd6842ccb6697014e23b4e4,1,3,0.26981520652770996,14.349896430969238
place_empty_cup,demo_clean,base,strict_paired_manifest,19,9590019,40442d0e077e88361fb9b87df8ffb4ffb737ad94,1,3,0.27066683769226074,13.911144256591797
place_empty_cup,demo_clean,ahs,strict_paired_manifest,0,9590000,285ab7a016a0707d10be25b89e2365c3523f361d,1,6,5.723150730133057,22.78736114501953
place_empty_cup,demo_clean,ahs,strict_paired_manifest,1,9590001,c824582a8b2d81a79a587f312e082a67588c4007,1,7,0.6347181797027588,16.397886276245117
place_empty_cup,demo_clean,ahs,strict_paired_manifest,2,9590002,0e948814dae19a9051cea4d1e6d69d3d2d324544,1,6,0.5466604232788086,16.08706283569336
place_empty_cup,demo_clean,ahs,strict_paired_manifest,3,9590003,c824582a8b2d81a79a587f312e082a67588c4007,1,6,0.5455060005187988,15.334165573120117
place_empty_cup,demo_clean,ahs,strict_paired_manifest,4,9590004,8e1af7d968011cedccd2b2e89b5f23e834f2f678,1,7,0.6345794200897217,17.001346588134766
place_empty_cup,demo_clean,ahs,strict_paired_manifest,5,9590005,dd48a6067eaef18d8a87c3df60bbe2142b6840f2,1,5,0.4597740173339844,18.37057113647461
place_empty_cup,demo_clean,ahs,strict_paired_manifest,6,9590006,60944a085cb230ba47ac4acf6c42a46b60868619,1,6,0.5497565269470215,15.687188148498535
place_empty_cup,demo_clean,ahs,strict_paired_manifest,7,9590007,3d4c6f9073ebbd7d58b6796ce82cae9669d4c2bd,1,7,0.6351766586303711,14.553020477294922
place_empty_cup,demo_clean,ahs,strict_paired_manifest,8,9590008,59a8a9d6145b8be6e234b9f248f2a1a47670bd25,1,6,0.5454199314117432,13.622518539428711
place_empty_cup,demo_clean,ahs,strict_paired_manifest,9,9590009,4e406529461f4fb28c38d1e179bf2ef74b82a719,1,6,0.5522572994232178,16.61831283569336
place_empty_cup,demo_clean,ahs,strict_paired_manifest,10,9590010,c9233fbab24455514c6fcc2a49d59fce6e26c33b,1,6,0.5424215793609619,18.21088218688965
place_empty_cup,demo_clean,ahs,strict_paired_manifest,11,9590011,e612d602527e3fa5373ed069e2f9fa60fb2243d0,1,6,0.5467784404754639,15.423149108886719
place_empty_cup,demo_clean,ahs,strict_paired_manifest,12,9590012,8bb677b426f116f58b64d8f3baf2b99ed00a4228,1,7,0.6438262462615967,14.47671127319336
place_empty_cup,demo_clean,ahs,strict_paired_manifest,13,9590013,104864fae70def0d67ae4798589140c0e82275a5,1,8,0.7271168231964111,17.473167419433594
place_empty_cup,demo_clean,ahs,strict_paired_manifest,14,9590014,6b72758d65d3652569a399062c004fee0c4f5040,1,7,0.6414268016815186,15.785435676574707
place_empty_cup,demo_clean,ahs,strict_paired_manifest,15,9590015,48d62cd7ead9dc423e93867ccfe8cdf98875b05a,1,7,0.6473159790039062,16.757762908935547
place_empty_cup,demo_clean,ahs,strict_paired_manifest,16,9590016,ef62747c00cc2e607f0e9a6920bbb2ca05e3e8fd,1,7,0.6420691013336182,18.077009201049805
place_empty_cup,demo_clean,ahs,strict_paired_manifest,17,9590017,a356edb366b4d1e08e29b5898907b9bb4d9adfc6,1,6,0.5459268093109131,14.11351490020752
place_empty_cup,demo_clean,ahs,strict_paired_manifest,18,9590018,7e40b6f7d320e3ea4fd6842ccb6697014e23b4e4,1,6,0.5461668968200684,15.114221572875977
place_empty_cup,demo_clean,ahs,strict_paired_manifest,19,9590019,40442d0e077e88361fb9b87df8ffb4ffb737ad94,1,6,0.5479378700256348,15.331857681274414
place_empty_cup,demo_randomized,base,unpaired_fallback,0,1318100000,285ab7a016a0707d10be25b89e2365c3523f361d,0,10,6.0722856521606445,61.54158401489258
place_empty_cup,demo_randomized,base,unpaired_fallback,1,1318100001,fc4d114f2136595abdf5a0264afbae09d936c02c,1,6,0.5458648204803467,31.8231258392334
place_empty_cup,demo_randomized,base,unpaired_fallback,2,1318100002,8e0a0e694ef02cc0c360761bca09e58302d86475,0,10,0.9126152992248535,51.665470123291016
place_empty_cup,demo_randomized,base,unpaired_fallback,3,1318100003,4e96b54bc249957454a93e0dc8639aecbea30646,0,10,0.9083256721496582,53.429534912109375
place_empty_cup,demo_randomized,base,unpaired_fallback,4,1318100004,8fbd02b7318cd1d2c02cba636ee13a804bf00c3c,0,10,0.9038302898406982,56.13156509399414
place_empty_cup,demo_randomized,base,unpaired_fallback,5,1318100005,8fbd02b7318cd1d2c02cba636ee13a804bf00c3c,1,7,0.6361265182495117,36.31447219848633
place_empty_cup,demo_randomized,base,unpaired_fallback,6,1318100006,c65bebd3b1d5f9c473b910df34f81f9ebfd1caa4,1,4,0.36147260665893555,19.628793716430664
place_empty_cup,demo_randomized,base,unpaired_fallback,7,1318100007,068911b094605ea14182aa5a8d6f76cf88e2b8eb,0,10,0.9107182025909424,53.07585144042969
place_empty_cup,demo_randomized,base,unpaired_fallback,8,1318100008,4e96b54bc249957454a93e0dc8639aecbea30646,1,4,0.3623776435852051,21.143333435058594
place_empty_cup,demo_randomized,base,unpaired_fallback,9,1318100009,0d1c015280e539fc1e94c84486f865e32837d31b,1,4,0.36536574363708496,23.4824161529541
place_empty_cup,demo_randomized,base,unpaired_fallback,10,1318100011,a44a721a8f966d92aa4c19da3a59a2eea3cc1711,1,3,0.2742331027984619,16.24715805053711
place_empty_cup,demo_randomized,base,unpaired_fallback,11,1318100014,59a8a9d6145b8be6e234b9f248f2a1a47670bd25,1,3,0.2724018096923828,17.561683654785156
place_empty_cup,demo_randomized,base,unpaired_fallback,12,1318100015,8bb677b426f116f58b64d8f3baf2b99ed00a4228,0,10,0.8995051383972168,52.109886169433594
place_empty_cup,demo_randomized,base,unpaired_fallback,13,1318100016,880da1383a185fe46e94e4b4e517f611286c838b,1,8,0.7178497314453125,43.352577209472656
place_empty_cup,demo_randomized,base,unpaired_fallback,14,1318100017,48d62cd7ead9dc423e93867ccfe8cdf98875b05a,1,4,0.36219167709350586,22.544443130493164
place_empty_cup,demo_randomized,base,unpaired_fallback,15,1318100018,6b72758d65d3652569a399062c004fee0c4f5040,1,4,0.36067914962768555,21.554487228393555
place_empty_cup,demo_randomized,base,unpaired_fallback,16,1318100019,fed4af29a3c0c7753e40fb70e5e9642a4946e117,0,10,0.9053122997283936,51.87723922729492
place_empty_cup,demo_randomized,base,unpaired_fallback,17,1318100020,dd48a6067eaef18d8a87c3df60bbe2142b6840f2,1,7,0.6401920318603516,37.02198028564453
place_empty_cup,demo_randomized,base,unpaired_fallback,18,1318100021,6b72758d65d3652569a399062c004fee0c4f5040,1,3,0.27199864387512207,16.78251075744629
place_empty_cup,demo_randomized,base,unpaired_fallback,19,1318100023,068911b094605ea14182aa5a8d6f76cf88e2b8eb,1,4,0.36184072494506836,23.327320098876953
place_empty_cup,demo_randomized,ahs,unpaired_fallback,0,1319100000,9c55d8a019699445b292189474ef725bca386982,0,21,7.215641975402832,65.65039825439453
place_empty_cup,demo_randomized,ahs,unpaired_fallback,1,1319100001,e9f19065f6a5c846993a6f95658a9b50d315a7ab,1,7,0.644019365310669,19.848356246948242
place_empty_cup,demo_randomized,ahs,unpaired_fallback,2,1319100002,5761ef768a084e1a5a62227dc7a7c281c5a8d434,1,7,0.6492006778717041,18.356109619140625
place_empty_cup,demo_randomized,ahs,unpaired_fallback,3,1319100003,068911b094605ea14182aa5a8d6f76cf88e2b8eb,0,22,2.011688709259033,51.64741897583008
place_empty_cup,demo_randomized,ahs,unpaired_fallback,4,1319100004,d8f6d0f4c215365a88c86acaf6356d59f71ea97f,1,6,0.55153489112854,19.488529205322266
place_empty_cup,demo_randomized,ahs,unpaired_fallback,5,1319100005,6b72758d65d3652569a399062c004fee0c4f5040,1,6,0.547154426574707,17.295560836791992
place_empty_cup,demo_randomized,ahs,unpaired_fallback,6,1319100006,3025894611629f13ad625c6a9f0df92c58f24fe2,0,21,1.9193370342254639,57.2855224609375
place_empty_cup,demo_randomized,ahs,unpaired_fallback,7,1319100007,e54d7a58b6cf20ac791f564c35de3b7427e06773,1,20,1.8395016193389893,49.11731719970703
place_empty_cup,demo_randomized,ahs,unpaired_fallback,8,1319100009,8f86747f2cfdf703ea66c6d11af138a759a1d7dc,1,6,0.5547182559967041,18.18902015686035
place_empty_cup,demo_randomized,ahs,unpaired_fallback,9,1319100010,b4fa8f1b893f456ee78fd1f199074a54dde1af72,1,6,0.5512576103210449,21.160350799560547
place_empty_cup,demo_randomized,ahs,unpaired_fallback,10,1319100013,3025894611629f13ad625c6a9f0df92c58f24fe2,1,6,0.5536532402038574,19.610774993896484
place_empty_cup,demo_randomized,ahs,unpaired_fallback,11,1319100015,2d3084bb846a718b1b7dc3b12953db6611459715,1,7,0.6471490859985352,18.78338623046875
place_empty_cup,demo_randomized,ahs,unpaired_fallback,12,1319100016,7e40b6f7d320e3ea4fd6842ccb6697014e23b4e4,1,6,0.5559849739074707,16.99982261657715
place_empty_cup,demo_randomized,ahs,unpaired_fallback,13,1319100018,734718c1136bbbf599d619771832d9ea0936d508,1,16,1.4596855640411377,41.2149543762207
place_empty_cup,demo_randomized,ahs,unpaired_fallback,14,1319100019,8e1af7d968011cedccd2b2e89b5f23e834f2f678,1,6,0.5565614700317383,20.940156936645508
place_empty_cup,demo_randomized,ahs,unpaired_fallback,15,1319100020,7a1626811fee3e24d791d8138405561afc39a402,0,21,1.9128458499908447,56.19696044921875
place_empty_cup,demo_randomized,ahs,unpaired_fallback,16,1319100021,dc4b88b1b3bafef0b8a9cfbf22f47cc595ae511f,0,22,2.007864475250244,55.756099700927734
place_empty_cup,demo_randomized,ahs,unpaired_fallback,17,1319100022,5d8261c8391175195c0390f648f6608373af766e,0,20,1.8307487964630127,57.34592819213867
place_empty_cup,demo_randomized,ahs,unpaired_fallback,18,1319100023,4fa2413905c643c1ef5450d533799e128e70de41,1,7,0.6405930519104004,20.054615020751953
place_empty_cup,demo_randomized,ahs,unpaired_fallback,19,1319100024,104864fae70def0d67ae4798589140c0e82275a5,1,6,0.547290563583374,20.805444717407227
place_fan,demo_clean,base,strict_paired_manifest,0,9600000,08befa2d3cdd65c9ff3f7203941d30ab1f117515,1,3,5.537352561950684,21.73432159423828
place_fan,demo_clean,base,strict_paired_manifest,1,9600001,56144ff49fd5ba2fe8b4da358dad6b5cd790ed79,1,5,0.4536764621734619,21.450998306274414
place_fan,demo_clean,base,strict_paired_manifest,2,9600002,a908019167c505a205197fccc963cfd5cee620d0,1,3,0.2713181972503662,14.000373840332031
place_fan,demo_clean,base,strict_paired_manifest,3,9600003,709073ae56791a942d364402e0b118b9a83eed99,0,8,0.7224850654602051,38.82033920288086
place_fan,demo_clean,base,strict_paired_manifest,4,9600004,8f3d026e453039f23cd625f28930151809f85161,1,3,0.2733631134033203,14.217805862426758
place_fan,demo_clean,base,strict_paired_manifest,5,9600005,5c461f2c92313302a8eb5d787a83b7ce322af832,1,3,0.27500271797180176,17.306079864501953
place_fan,demo_clean,base,strict_paired_manifest,6,9600006,11f948a739bc8f0fc11e7ef379c9f89936ccc0e7,1,6,0.5426924228668213,25.980897903442383
place_fan,demo_clean,base,strict_paired_manifest,7,9600007,8de8fc9beef29c3cd9757cd2d928c09e028325fc,1,3,0.2707200050354004,12.982234001159668
place_fan,demo_clean,base,strict_paired_manifest,8,9600008,4e8801217bfcf11e786769d3ec6ab7d68fead919,0,8,0.7221789360046387,38.6029052734375
place_fan,demo_clean,base,strict_paired_manifest,9,9600009,bd7cb18b498c47d765e4d33fdc8b7917672bdce7,1,8,0.7226688861846924,32.445919036865234
place_fan,demo_clean,base,strict_paired_manifest,10,9600010,969df4164d76224f9a28f7fcc4a1519191d63304,1,5,0.45268702507019043,23.462209701538086
place_fan,demo_clean,base,strict_paired_manifest,11,9600011,eff296ec686b5662b13153e8a3b546952e2bd723,1,3,0.2704811096191406,12.892315864562988
place_fan,demo_clean,base,strict_paired_manifest,12,9600012,dfaae2704424bbddbc0129e28eeabb02ec83130b,0,8,0.7230031490325928,36.368553161621094
place_fan,demo_clean,base,strict_paired_manifest,13,9600013,73772a174bc2a145c500da3684cc2533094ed747,1,4,0.3588371276855469,18.065006256103516
place_fan,demo_clean,base,strict_paired_manifest,14,9600014,edd6d538665fa9611b24d409ac598b31c363425d,1,3,0.2684285640716553,13.90677547454834
place_fan,demo_clean,base,strict_paired_manifest,15,9600015,f159cdd74fc21b823a67ac7ee19c126f3d2194cf,1,3,0.27559924125671387,17.612478256225586
place_fan,demo_clean,base,strict_paired_manifest,16,9600016,18386ee3e4a3f2ccf2b7f13ac172f975aa793235,1,3,0.2704801559448242,14.617341995239258
place_fan,demo_clean,base,strict_paired_manifest,17,9600017,58485348da90e1272515ae016a40903fe4f9a047,0,8,0.7236387729644775,30.04784393310547
place_fan,demo_clean,base,strict_paired_manifest,18,9600018,e9a0bfa3f9d43e8fa31372f851ba971dbc918ee0,0,8,0.7270770072937012,31.98918342590332
place_fan,demo_clean,base,strict_paired_manifest,19,9600019,97d9c3871bf29c663410652b158e4c7ad051f49f,1,3,0.27016139030456543,13.57941722869873
place_fan,demo_clean,ahs,strict_paired_manifest,0,9600000,08befa2d3cdd65c9ff3f7203941d30ab1f117515,0,15,6.644745826721191,42.39605712890625
place_fan,demo_clean,ahs,strict_paired_manifest,1,9600001,56144ff49fd5ba2fe8b4da358dad6b5cd790ed79,1,5,0.45999598503112793,11.454486846923828
place_fan,demo_clean,ahs,strict_paired_manifest,2,9600002,a908019167c505a205197fccc963cfd5cee620d0,1,5,0.45459699630737305,13.067782402038574
place_fan,demo_clean,ahs,strict_paired_manifest,3,9600003,709073ae56791a942d364402e0b118b9a83eed99,0,19,1.7484264373779297,39.41950607299805
place_fan,demo_clean,ahs,strict_paired_manifest,4,9600004,8f3d026e453039f23cd625f28930151809f85161,1,7,0.6428749561309814,15.386058807373047
place_fan,demo_clean,ahs,strict_paired_manifest,5,9600005,5c461f2c92313302a8eb5d787a83b7ce322af832,1,7,0.6379036903381348,18.492353439331055
place_fan,demo_clean,ahs,strict_paired_manifest,6,9600006,11f948a739bc8f0fc11e7ef379c9f89936ccc0e7,0,16,1.450174331665039,31.36151885986328
place_fan,demo_clean,ahs,strict_paired_manifest,7,9600007,8de8fc9beef29c3cd9757cd2d928c09e028325fc,1,5,0.4525306224822998,11.487796783447266
place_fan,demo_clean,ahs,strict_paired_manifest,8,9600008,4e8801217bfcf11e786769d3ec6ab7d68fead919,1,7,0.6380856037139893,18.008941650390625
place_fan,demo_clean,ahs,strict_paired_manifest,9,9600009,bd7cb18b498c47d765e4d33fdc8b7917672bdce7,0,16,1.4485745429992676,34.468685150146484
place_fan,demo_clean,ahs,strict_paired_manifest,10,9600010,969df4164d76224f9a28f7fcc4a1519191d63304,1,7,0.6461489200592041,18.54990577697754
place_fan,demo_clean,ahs,strict_paired_manifest,11,9600011,eff296ec686b5662b13153e8a3b546952e2bd723,1,9,0.8205733299255371,18.10694694519043
place_fan,demo_clean,ahs,strict_paired_manifest,12,9600012,dfaae2704424bbddbc0129e28eeabb02ec83130b,0,17,1.5523314476013184,32.802879333496094
place_fan,demo_clean,ahs,strict_paired_manifest,13,9600013,73772a174bc2a145c500da3684cc2533094ed747,1,7,0.638347864151001,16.7523136138916
place_fan,demo_clean,ahs,strict_paired_manifest,14,9600014,edd6d538665fa9611b24d409ac598b31c363425d,1,9,0.8215956687927246,22.039031982421875
place_fan,demo_clean,ahs,strict_paired_manifest,15,9600015,f159cdd74fc21b823a67ac7ee19c126f3d2194cf,1,6,0.5550734996795654,18.28557777404785
place_fan,demo_clean,ahs,strict_paired_manifest,16,9600016,18386ee3e4a3f2ccf2b7f13ac172f975aa793235,1,6,0.5526254177093506,16.004430770874023
place_fan,demo_clean,ahs,strict_paired_manifest,17,9600017,58485348da90e1272515ae016a40903fe4f9a047,1,10,0.9251773357391357,23.203123092651367
place_fan,demo_clean,ahs,strict_paired_manifest,18,9600018,e9a0bfa3f9d43e8fa31372f851ba971dbc918ee0,1,5,0.45858025550842285,13.157037734985352
place_fan,demo_clean,ahs,strict_paired_manifest,19,9600019,97d9c3871bf29c663410652b158e4c7ad051f49f,1,6,0.5542500019073486,13.808042526245117
place_fan,demo_randomized,base,unpaired_fallback,0,1322100000,9b0e8575d82640d5c7ff0de98f7a83dc227ba003,1,3,5.613428115844727,27.260643005371094
place_fan,demo_randomized,base,unpaired_fallback,1,1322100001,bb7359c36a574774e79d56b47adddeb6e74d7b77,1,6,0.5443453788757324,32.228450775146484
place_fan,demo_randomized,base,unpaired_fallback,2,1322100002,739438cdea5a96f4f195cb483978b6c6b2230f3a,0,8,0.7328898906707764,39.13161087036133
place_fan,demo_randomized,base,unpaired_fallback,3,1322100004,aef8d0d5d3715f8d36e93bcd241a5d9018f6f11b,1,3,0.2770822048187256,17.355018615722656
place_fan,demo_randomized,base,unpaired_fallback,4,1322100006,7341e592976c75c8356ba23b06dbc613771c0e24,1,6,0.5484206676483154,34.554569244384766
place_fan,demo_randomized,base,unpaired_fallback,5,1322100007,195aceabaf6dff9a56d6a03dc4a96f93dce30438,0,8,0.722907304763794,42.241310119628906
place_fan,demo_randomized,base,unpaired_fallback,6,1322100008,29fae56c34c2cc688719af1b61456e67c1b6843e,0,8,0.7229552268981934,38.540283203125
place_fan,demo_randomized,base,unpaired_fallback,7,1322100009,c6e77c999063454df444a27fa09956bd840e8732,1,3,0.2761232852935791,15.548457145690918
place_fan,demo_randomized,base,unpaired_fallback,8,1322100011,102e4161876afcd516e92a41fd8b8c73826ef2b2,0,8,0.7327518463134766,38.20729446411133
place_fan,demo_randomized,base,unpaired_fallback,9,1322100012,ed1affeda6a1e0fbb403ee722631570c0abeb27d,0,8,0.7316412925720215,41.32511520385742
place_fan,demo_randomized,base,unpaired_fallback,10,1322100013,7d5ff10a8cc60fbf9a0c59e84085e625e8e6c6c8,1,3,0.2757892608642578,17.917808532714844
place_fan,demo_randomized,base,unpaired_fallback,11,1322100015,ef226c8a1a1356794de27f7fe8c0f95975ceb6dc,0,8,0.7219419479370117,38.122249603271484
place_fan,demo_randomized,base,unpaired_fallback,12,1322100016,95476200f6df0c89455c26a88b9e1dcffdd660dd,0,8,0.7291126251220703,39.137672424316406
place_fan,demo_randomized,base,unpaired_fallback,13,1322100017,8669e1b4ed3dd042c12a41948c93a3eef315860d,0,8,0.7250673770904541,39.42592239379883
place_fan,demo_randomized,base,unpaired_fallback,14,1322100019,07734149cc537c504f8042d73a65e78ac5ea03a4,0,8,0.7284102439880371,45.5837287902832
place_fan,demo_randomized,base,unpaired_fallback,15,1322100020,b9cb542b3a71587c1a93dcb6b4fa343de970affe,0,8,0.7297847270965576,38.75731658935547
place_fan,demo_randomized,base,unpaired_fallback,16,1322100021,78173262580ad484985525b7f4c775edf46201fa,1,3,0.27821922302246094,16.415124893188477
place_fan,demo_randomized,base,unpaired_fallback,17,1322100022,93cd40ea5bd4c04c0440fcb60ae25300f705e931,1,3,0.2720601558685303,16.548263549804688
place_fan,demo_randomized,base,unpaired_fallback,18,1322100023,9705a922502b2f2b32c902f82dfeba5f29ad9e51,0,8,0.7241947650909424,41.44150161743164
place_fan,demo_randomized,base,unpaired_fallback,19,1322100024,8edbbc89506fc1cd3b036c4e25a760e400936963,1,6,0.5449891090393066,32.51255416870117
place_fan,demo_randomized,ahs,unpaired_fallback,0,1323100000,744ccae59fca050ad7e193b4613bdc6c41edb628,0,18,6.965112209320068,54.2516975402832
place_fan,demo_randomized,ahs,unpaired_fallback,1,1323100002,c512f2e4e2af6e8acac5023598f43a58c7af30cc,0,17,1.5582423210144043,44.81181335449219
place_fan,demo_randomized,ahs,unpaired_fallback,2,1323100003,d376b74642d9223ec4d9ef0a93cc1ce54ad44891,0,17,1.5575377941131592,46.44819641113281
place_fan,demo_randomized,ahs,unpaired_fallback,3,1323100004,3176c8f8a879563523aa4a5fa91144e2a6bf2641,1,7,0.6430087089538574,16.608287811279297
place_fan,demo_randomized,ahs,unpaired_fallback,4,1323100006,69af06066fe168d6bd9abc1a01933e4d6aa55c49,1,5,0.4505281448364258,19.0634708404541
place_fan,demo_randomized,ahs,unpaired_fallback,5,1323100007,2697b6451071a26d8725b32e227a0e70ea473b0a,0,14,1.2943520545959473,43.87948226928711
place_fan,demo_randomized,ahs,unpaired_fallback,6,1323100008,04759f73a767b77198376a234ad5e92a5ae787a4,1,5,0.4596095085144043,15.734071731567383
place_fan,demo_randomized,ahs,unpaired_fallback,7,1323100009,15343b386712a537a8ee9912d2645b568097f0ff,1,6,0.5601174831390381,18.99456024169922
place_fan,demo_randomized,ahs,unpaired_fallback,8,1323100010,8851111caabe413480e97968e41d297e1832dfd4,1,11,1.0105922222137451,30.80006217956543
place_fan,demo_randomized,ahs,unpaired_fallback,9,1323100011,0c89be3124446847ed5f7983e416824a7892b368,1,7,0.6432037353515625,23.494544982910156
place_fan,demo_randomized,ahs,unpaired_fallback,10,1323100012,a50b38c858dee4340115fc483bd9a1290262a3bd,0,18,1.6573231220245361,40.52437973022461
place_fan,demo_randomized,ahs,unpaired_fallback,11,1323100013,73d8c5060f19959d9ec0ac8372a350e2a2cddcc5,0,18,1.6588966846466064,40.4824333190918
place_fan,demo_randomized,ahs,unpaired_fallback,12,1323100014,b21a7f5e13eed4d4aac3c08119aa094f6cf2a86b,1,10,0.9155395030975342,29.30069351196289
place_fan,demo_randomized,ahs,unpaired_fallback,13,1323100015,59c98ac0ec7d8f2d6cf306c8d4392895db7c3d9c,0,16,1.476595401763916,39.60917663574219
place_fan,demo_randomized,ahs,unpaired_fallback,14,1323100016,524a65637a54650253f259f3f09e5788130db435,0,16,1.4820821285247803,46.33306884765625
place_fan,demo_randomized,ahs,unpaired_fallback,15,1323100018,2dd253f9d7b323942e626c2e84892347e1896472,0,18,1.6589982509613037,49.116233825683594
place_fan,demo_randomized,ahs,unpaired_fallback,16,1323100019,b0d7a3dcf3f05e7772b62ec2387c6ba4e669b8e5,1,5,0.4619007110595703,16.61151695251465
place_fan,demo_randomized,ahs,unpaired_fallback,17,1323100020,3772759a449e5341a00b69397f9dbd2e9050872d,0,16,1.4616773128509521,47.799591064453125
place_fan,demo_randomized,ahs,unpaired_fallback,18,1323100021,f159cdd74fc21b823a67ac7ee19c126f3d2194cf,0,19,1.7477247714996338,44.87604904174805
place_fan,demo_randomized,ahs,unpaired_fallback,19,1323100022,adab17f810eb086873b8152da5aeb268785ca6ec,0,18,1.6470162868499756,52.8983268737793
place_mouse_pad,demo_clean,base,strict_paired_manifest,0,9610000,80e638bf65c9405e1cf72309205b42e548a381ee,0,8,6.213459491729736,39.27715301513672
place_mouse_pad,demo_clean,base,strict_paired_manifest,1,9610001,1b7028e6cb3ece604bc5a50fc38a957a157ff58f,0,8,0.7174720764160156,33.045806884765625
place_mouse_pad,demo_clean,base,strict_paired_manifest,2,9610002,1e97acb057fc8aea2a3aa784461c7ccbda334b73,0,8,0.7154042720794678,31.507360458374023
place_mouse_pad,demo_clean,base,strict_paired_manifest,3,9610003,1ba39d4bcc36a8f333bad2249532b62f7336f76c,0,8,0.7207660675048828,33.46717071533203
place_mouse_pad,demo_clean,base,strict_paired_manifest,4,9610004,2b52ea0eaf83174f572861e06f61fd1668d007ff,0,8,0.7208900451660156,34.00456237792969
place_mouse_pad,demo_clean,base,strict_paired_manifest,5,9610005,72563b70259a598fbd8ceccfad33afa666f544e3,0,8,0.7267847061157227,35.816505432128906
place_mouse_pad,demo_clean,base,strict_paired_manifest,6,9610006,d385b39427b210e94af62aaf8e1af1f49b350028,0,8,0.7204716205596924,32.467376708984375
place_mouse_pad,demo_clean,base,strict_paired_manifest,7,9610007,06317818b69018fd3e93b76997174a065117de8d,0,8,0.7219464778900146,34.98118591308594
place_mouse_pad,demo_clean,base,strict_paired_manifest,8,9610008,15827f55ba8754eb52945bc83c76aab5064962ec,0,8,0.7227783203125,33.82725524902344
place_mouse_pad,demo_clean,base,strict_paired_manifest,9,9610009,6b9c313ef38f2bf46f41d3cb32d2e2ee38162ba9,0,8,0.7231869697570801,30.99707794189453
place_mouse_pad,demo_clean,base,strict_paired_manifest,10,9610010,e04b456ebb8404e27f92b0a6698706e32a5fc01e,0,8,0.7247645854949951,34.128662109375
place_mouse_pad,demo_clean,base,strict_paired_manifest,11,9610011,0b786915ae9a493c2175a4a6b35b5053e162a8db,1,3,0.2667725086212158,12.326642990112305
place_mouse_pad,demo_clean,base,strict_paired_manifest,12,9610012,72563b70259a598fbd8ceccfad33afa666f544e3,0,8,0.7189054489135742,33.069602966308594
place_mouse_pad,demo_clean,base,strict_paired_manifest,13,9610013,c64acaac5bc6bd5bc13e4e5c0eee3cea973f53da,0,8,0.7178554534912109,33.95693588256836
place_mouse_pad,demo_clean,base,strict_paired_manifest,14,9610014,928bf3fe6f257573411cf3bd21ba5d485a5abdb2,0,8,0.7180542945861816,30.748830795288086
place_mouse_pad,demo_clean,base,strict_paired_manifest,15,9610015,2b1f86972ea6255d08321e3f19d3d0d0641001ed,1,3,0.274914026260376,14.887824058532715
place_mouse_pad,demo_clean,base,strict_paired_manifest,16,9610016,ff9d7a4e94fece18fa7febf88d2f990cf859f26d,1,3,0.2711186408996582,11.666030883789062
place_mouse_pad,demo_clean,base,strict_paired_manifest,17,9610017,a4d511c2cbf4a3fada142705c3747dc4886daf99,0,8,0.7192721366882324,33.12333679199219
place_mouse_pad,demo_clean,base,strict_paired_manifest,18,9610018,5037a3c4f511194c3c3b298556c50f11e8c1e857,0,8,0.7155988216400146,31.517770767211914
place_mouse_pad,demo_clean,base,strict_paired_manifest,19,9610019,1e069620b3a334764a68a4c274c4372c18a87997,0,8,0.7195041179656982,31.475421905517578
place_mouse_pad,demo_clean,ahs,strict_paired_manifest,0,9610000,80e638bf65c9405e1cf72309205b42e548a381ee,1,6,5.802164077758789,20.763154983520508
place_mouse_pad,demo_clean,ahs,strict_paired_manifest,1,9610001,1b7028e6cb3ece604bc5a50fc38a957a157ff58f,0,17,1.5406079292297363,34.66911315917969
place_mouse_pad,demo_clean,ahs,strict_paired_manifest,2,9610002,1e97acb057fc8aea2a3aa784461c7ccbda334b73,0,17,1.5400028228759766,32.83522415161133
place_mouse_pad,demo_clean,ahs,strict_paired_manifest,3,9610003,1ba39d4bcc36a8f333bad2249532b62f7336f76c,0,16,1.4468615055084229,34.764339447021484
place_mouse_pad,demo_clean,ahs,strict_paired_manifest,4,9610004,2b52ea0eaf83174f572861e06f61fd1668d007ff,0,17,1.5371546745300293,36.65897750854492
place_mouse_pad,demo_clean,ahs,strict_paired_manifest,5,9610005,72563b70259a598fbd8ceccfad33afa666f544e3,0,18,1.6381750106811523,38.74797439575195
place_mouse_pad,demo_clean,ahs,strict_paired_manifest,6,9610006,d385b39427b210e94af62aaf8e1af1f49b350028,1,6,0.5428028106689453,14.77993106842041
place_mouse_pad,demo_clean,ahs,strict_paired_manifest,7,9610007,06317818b69018fd3e93b76997174a065117de8d,0,17,1.5500872135162354,38.07386016845703
place_mouse_pad,demo_clean,ahs,strict_paired_manifest,8,9610008,15827f55ba8754eb52945bc83c76aab5064962ec,0,18,1.6567420959472656,36.960304260253906
place_mouse_pad,demo_clean,ahs,strict_paired_manifest,9,9610009,6b9c313ef38f2bf46f41d3cb32d2e2ee38162ba9,1,7,0.6390743255615234,12.530956268310547
place_mouse_pad,demo_clean,ahs,strict_paired_manifest,10,9610010,e04b456ebb8404e27f92b0a6698706e32a5fc01e,0,17,1.5625598430633545,36.404945373535156
place_mouse_pad,demo_clean,ahs,strict_paired_manifest,11,9610011,0b786915ae9a493c2175a4a6b35b5053e162a8db,1,5,0.4581644535064697,11.889287948608398
place_mouse_pad,demo_clean,ahs,strict_paired_manifest,12,9610012,72563b70259a598fbd8ceccfad33afa666f544e3,0,18,1.62996506690979,36.21478271484375
place_mouse_pad,demo_clean,ahs,strict_paired_manifest,13,9610013,c64acaac5bc6bd5bc13e4e5c0eee3cea973f53da,1,5,0.45379114151000977,14.375529289245605
place_mouse_pad,demo_clean,ahs,strict_paired_manifest,14,9610014,928bf3fe6f257573411cf3bd21ba5d485a5abdb2,1,7,0.62929368019104,13.418561935424805
place_mouse_pad,demo_clean,ahs,strict_paired_manifest,15,9610015,2b1f86972ea6255d08321e3f19d3d0d0641001ed,1,7,0.6385049819946289,16.286535263061523
place_mouse_pad,demo_clean,ahs,strict_paired_manifest,16,9610016,ff9d7a4e94fece18fa7febf88d2f990cf859f26d,1,6,0.5476698875427246,11.663150787353516
place_mouse_pad,demo_clean,ahs,strict_paired_manifest,17,9610017,a4d511c2cbf4a3fada142705c3747dc4886daf99,0,16,1.462869644165039,34.40846252441406
place_mouse_pad,demo_clean,ahs,strict_paired_manifest,18,9610018,5037a3c4f511194c3c3b298556c50f11e8c1e857,0,18,1.6369693279266357,32.80393981933594
place_mouse_pad,demo_clean,ahs,strict_paired_manifest,19,9610019,1e069620b3a334764a68a4c274c4372c18a87997,1,6,0.5458409786224365,11.624248504638672
place_mouse_pad,demo_randomized,base,unpaired_fallback,0,1326100000,dab51c0b205a5d17a3cfc5477cacd1b5bbfa94bc,0,8,5.9358744621276855,48.50168991088867
place_mouse_pad,demo_randomized,base,unpaired_fallback,1,1326100001,0fba299fd01db2388bfe4c37c5ecc21f7d7dd65f,1,3,0.2730863094329834,15.991432189941406
place_mouse_pad,demo_randomized,base,unpaired_fallback,2,1326100002,b2f8564885d2d8190f90c5b49685d752c62c3c91,0,8,0.7283320426940918,37.97445297241211
place_mouse_pad,demo_randomized,base,unpaired_fallback,3,1326100004,97aac119cf69a8443ba469cf6871532a8c7e2cb2,1,5,0.45965003967285156,26.367155075073242
place_mouse_pad,demo_randomized,base,unpaired_fallback,4,1326100005,80e638bf65c9405e1cf72309205b42e548a381ee,1,3,0.27648353576660156,18.476572036743164
place_mouse_pad,demo_randomized,base,unpaired_fallback,5,1326100006,88578168e1b0dbfd84297c7f72f077fab3185b30,0,8,0.7393691539764404,37.289554595947266
place_mouse_pad,demo_randomized,base,unpaired_fallback,6,1326100007,1d8e0bc60f557e6654d9cc76f5881bcfc0c57ac9,0,8,0.7254135608673096,42.443302154541016
place_mouse_pad,demo_randomized,base,unpaired_fallback,7,1326100008,7c8134d5ab668f75507259a83dbcd8d46afebb61,0,8,0.7221105098724365,40.11164093017578
place_mouse_pad,demo_randomized,base,unpaired_fallback,8,1326100009,91ca0b578f0e2fa240a9d85119ee682bc327242d,1,3,0.27548694610595703,15.975571632385254
place_mouse_pad,demo_randomized,base,unpaired_fallback,9,1326100011,eff813fb59b72d61bec7f1f750c312603e65cd0c,0,8,0.7267332077026367,41.935977935791016
place_mouse_pad,demo_randomized,base,unpaired_fallback,10,1326100012,3ced50d80bb54811d298360ebe0b7c2fdf145ee7,0,8,0.7252120971679688,37.845359802246094
place_mouse_pad,demo_randomized,base,unpaired_fallback,11,1326100013,26a538362d400c30de4afb1a945bd48284578053,0,8,0.7277975082397461,41.44363021850586
place_mouse_pad,demo_randomized,base,unpaired_fallback,12,1326100014,80366cc61627344f76a9ce0fe8490dfb03dbc003,0,8,0.7296652793884277,40.80173110961914
place_mouse_pad,demo_randomized,base,unpaired_fallback,13,1326100015,5da824b92c0f57764224066bc08d60673f0b02bc,0,8,0.7246556282043457,36.245880126953125
place_mouse_pad,demo_randomized,base,unpaired_fallback,14,1326100016,16dcedd0f58bdfaa62de77725ad4837d7abd43da,0,8,0.7322611808776855,43.94393539428711
place_mouse_pad,demo_randomized,base,unpaired_fallback,15,1326100017,e0eede9f085feb0412c0286be42871e763cd9619,0,8,0.7206804752349854,35.093326568603516
place_mouse_pad,demo_randomized,base,unpaired_fallback,16,1326100018,b92dd5c526958431e6811fd7b6dc19e8b5b5efe6,0,8,0.7285432815551758,39.21504211425781
place_mouse_pad,demo_randomized,base,unpaired_fallback,17,1326100019,72563b70259a598fbd8ceccfad33afa666f544e3,1,3,0.2757837772369385,15.661110877990723
place_mouse_pad,demo_randomized,base,unpaired_fallback,18,1326100020,1c92ffe5a4ffc08f3ec18195b13bce6f48f21a8c,0,8,0.7285692691802979,38.34153747558594
place_mouse_pad,demo_randomized,base,unpaired_fallback,19,1326100021,4a703f187abe7d337dfa8221bd7682650859c06f,0,8,0.7348225116729736,44.95415496826172
place_mouse_pad,demo_randomized,ahs,unpaired_fallback,0,1327100000,a006df397f943f44838aeb03152cf30bfe5efbaa,1,10,6.351064205169678,36.266048431396484
place_mouse_pad,demo_randomized,ahs,unpaired_fallback,1,1327100001,41f02e17aed55813816e27e4980505aaede15a44,1,7,0.6412258148193359,18.56462287902832
place_mouse_pad,demo_randomized,ahs,unpaired_fallback,2,1327100002,a7ea9128a606f427fc1640c969ae0e0a1629b18f,0,16,1.4588508605957031,41.985252380371094
place_mouse_pad,demo_randomized,ahs,unpaired_fallback,3,1327100003,d41b25232cfae22e4008ffdf5f48e9ad4b1d5d25,0,16,1.4707353115081787,41.477439880371094
place_mouse_pad,demo_randomized,ahs,unpaired_fallback,4,1327100004,84466ab292cbf63ca497c928c8c8a6e4c74e5fbc,0,16,1.4697024822235107,44.9393196105957
place_mouse_pad,demo_randomized,ahs,unpaired_fallback,5,1327100005,f706574bebffb2bc53747b88b7690e921eeb5bae,0,16,1.4782094955444336,39.794761657714844
place_mouse_pad,demo_randomized,ahs,unpaired_fallback,6,1327100006,6778e908fbf30b10947e5df997d5a9920b74ec87,0,15,1.3712706565856934,41.62244415283203
place_mouse_pad,demo_randomized,ahs,unpaired_fallback,7,1327100007,e54e38de26df5ca17f463c5b2726ff7bd6dea442,0,16,1.4699251651763916,40.26277160644531
place_mouse_pad,demo_randomized,ahs,unpaired_fallback,8,1327100008,84466ab292cbf63ca497c928c8c8a6e4c74e5fbc,0,14,1.279261589050293,39.174800872802734
place_mouse_pad,demo_randomized,ahs,unpaired_fallback,9,1327100009,0684d15c6045867650e302d77de940790345e37b,0,19,1.7433230876922607,50.540496826171875
place_mouse_pad,demo_randomized,ahs,unpaired_fallback,10,1327100010,40d47d74ed8fb6eb7f52242ce3554d4106dde9ae,0,17,1.5492148399353027,37.11638641357422
place_mouse_pad,demo_randomized,ahs,unpaired_fallback,11,1327100011,3429ab81be6514aa7f2356c47d8fd7170746769c,1,6,0.5556936264038086,17.12697982788086
place_mouse_pad,demo_randomized,ahs,unpaired_fallback,12,1327100012,30959aff951e189ee2ad028e7fe4b6570e3246a0,0,17,1.5558927059173584,42.724971771240234
place_mouse_pad,demo_randomized,ahs,unpaired_fallback,13,1327100013,7ebd8e548701bd9813a9d984a834f0649144e1e5,0,13,1.185910940170288,38.17231369018555
place_mouse_pad,demo_randomized,ahs,unpaired_fallback,14,1327100014,f76b56ccf47b0fd2562c3de328116d1016a9887f,0,18,1.654798984527588,46.791709899902344
place_mouse_pad,demo_randomized,ahs,unpaired_fallback,15,1327100015,9b5dd4c000f250c226e43993dd5a2facbaa51009,0,17,1.550879716873169,41.251705169677734
place_mouse_pad,demo_randomized,ahs,unpaired_fallback,16,1327100016,21421d40aedc0c3d14a5f5ec046334e2d10bfe22,1,5,0.45823097229003906,15.81170654296875
place_mouse_pad,demo_randomized,ahs,unpaired_fallback,17,1327100017,bde4a589667feca3382851f6fad6a2a8aa0869f1,1,11,1.00999116897583,27.264562606811523
place_mouse_pad,demo_randomized,ahs,unpaired_fallback,18,1327100018,428e77db65dec40c20283de0d6e07702ba5d8283,0,17,1.5514214038848877,40.160709381103516
place_mouse_pad,demo_randomized,ahs,unpaired_fallback,19,1327100019,c771730102b33cd3ec188570830c9c38bd414ac8,0,16,1.4697904586791992,44.12984848022461
place_object_basket,demo_clean,base,strict_paired_manifest,0,9620000,91062853ae6a898c552954bae99d50f2c9e81809,1,5,5.55533504486084,35.925025939941406
place_object_basket,demo_clean,base,strict_paired_manifest,1,9620001,3eb2222da6dc05bad5e3cfe5c63bad69f188acc2,0,14,1.263359785079956,71.07349395751953
place_object_basket,demo_clean,base,strict_paired_manifest,2,9620002,bfe7c976dc8039acb91e6cf2c89a89699d1f989f,1,6,0.5395424365997314,30.917367935180664
place_object_basket,demo_clean,base,strict_paired_manifest,3,9620003,91435bcb1f8c86c71fcbcd835e7e6c4245bc2f4f,1,5,0.447706937789917,27.44676399230957
place_object_basket,demo_clean,base,strict_paired_manifest,4,9620004,717886180982bf5261e33ac87e897966c50cd7ae,0,14,1.2595012187957764,69.77035522460938
place_object_basket,demo_clean,base,strict_paired_manifest,5,9620005,549384b5454cdf84667aa3611c5a08fca2fa6df2,1,5,0.451479434967041,30.271936416625977
place_object_basket,demo_clean,base,strict_paired_manifest,6,9620006,4bbccc4097bdb52fe0437b0a5b766b43edad2e8a,0,14,1.2545592784881592,68.31871795654297
place_object_basket,demo_clean,base,strict_paired_manifest,7,9620007,562942f40d36b5f344c8920b0d8195d851162f47,1,6,0.5398116111755371,32.983001708984375
place_object_basket,demo_clean,base,strict_paired_manifest,8,9620008,24f0c53c1ee16a755ed510d825623f974eab5885,0,14,1.2635095119476318,69.28221893310547
place_object_basket,demo_clean,base,strict_paired_manifest,9,9620009,345b33d0586318f58002f3d535585f4e93d72a73,0,14,1.2605249881744385,63.21872329711914
place_object_basket,demo_clean,base,strict_paired_manifest,10,9620010,be697d9027a23d75819c327666ceb7b48ba133d4,0,14,1.2608044147491455,72.2432861328125
place_object_basket,demo_clean,base,strict_paired_manifest,11,9620011,f3da6c6adc1dd63384a0b6bf87e2e1a86f50d465,1,6,0.5406291484832764,32.063331604003906
place_object_basket,demo_clean,base,strict_paired_manifest,12,9620012,03b5d9dcc87824534e6d01c1b3a2fce9b7ee3a6e,1,5,0.45218849182128906,25.603132247924805
place_object_basket,demo_clean,base,strict_paired_manifest,13,9620013,3317a1e958dda04ced6b21dbeb601ada77ac5eea,1,6,0.5461456775665283,29.786428451538086
place_object_basket,demo_clean,base,strict_paired_manifest,14,9620014,4e9b3e62d7df1d2946f4956c979601d6b0cf9959,1,5,0.45192742347717285,27.53610610961914
place_object_basket,demo_clean,base,strict_paired_manifest,15,9620015,6c8a80d8223bcf43e74d5f1e3edd96b0aaa8516c,0,14,1.2616186141967773,76.5042495727539
place_object_basket,demo_clean,base,strict_paired_manifest,16,9620016,fb7b5a85e17bb79a0a4255c11a4ad6aa50ff7fdb,0,14,1.2611236572265625,65.01933288574219
place_object_basket,demo_clean,base,strict_paired_manifest,17,9620017,24f0c53c1ee16a755ed510d825623f974eab5885,1,5,0.44877123832702637,29.34575080871582
place_object_basket,demo_clean,base,strict_paired_manifest,18,9620018,19246b6a38dfe2c59eca654d587307c2563c283b,0,14,1.2562336921691895,68.70779418945312
place_object_basket,demo_clean,base,strict_paired_manifest,19,9620019,3ba1784ea3a997839e78e644fe494d0ed5b1cbdf,0,14,1.2601275444030762,69.56123352050781
place_object_basket,demo_clean,ahs,strict_paired_manifest,0,9620000,91062853ae6a898c552954bae99d50f2c9e81809,1,9,6.036472320556641,36.12860107421875
place_object_basket,demo_clean,ahs,strict_paired_manifest,1,9620001,3eb2222da6dc05bad5e3cfe5c63bad69f188acc2,0,26,2.370177984237671,74.16304779052734
place_object_basket,demo_clean,ahs,strict_paired_manifest,2,9620002,bfe7c976dc8039acb91e6cf2c89a89699d1f989f,1,11,0.9949100017547607,28.12778091430664
place_object_basket,demo_clean,ahs,strict_paired_manifest,3,9620003,91435bcb1f8c86c71fcbcd835e7e6c4245bc2f4f,0,26,2.355530023574829,68.81468200683594
place_object_basket,demo_clean,ahs,strict_paired_manifest,4,9620004,717886180982bf5261e33ac87e897966c50cd7ae,1,9,0.8163816928863525,30.7336483001709
place_object_basket,demo_clean,ahs,strict_paired_manifest,5,9620005,549384b5454cdf84667aa3611c5a08fca2fa6df2,0,29,2.6322238445281982,83.06452178955078
place_object_basket,demo_clean,ahs,strict_paired_manifest,6,9620006,4bbccc4097bdb52fe0437b0a5b766b43edad2e8a,1,10,0.9218564033508301,29.878467559814453
place_object_basket,demo_clean,ahs,strict_paired_manifest,7,9620007,562942f40d36b5f344c8920b0d8195d851162f47,1,10,0.9090530872344971,29.370315551757812
place_object_basket,demo_clean,ahs,strict_paired_manifest,8,9620008,24f0c53c1ee16a755ed510d825623f974eab5885,0,25,2.291564464569092,73.0248031616211
place_object_basket,demo_clean,ahs,strict_paired_manifest,9,9620009,345b33d0586318f58002f3d535585f4e93d72a73,0,33,3.0166118144989014,79.3663101196289
place_object_basket,demo_clean,ahs,strict_paired_manifest,10,9620010,be697d9027a23d75819c327666ceb7b48ba133d4,0,30,2.618117094039917,70.2741470336914
place_object_basket,demo_clean,ahs,strict_paired_manifest,11,9620011,f3da6c6adc1dd63384a0b6bf87e2e1a86f50d465,1,10,0.8728423118591309,28.77710723876953
place_object_basket,demo_clean,ahs,strict_paired_manifest,12,9620012,03b5d9dcc87824534e6d01c1b3a2fce9b7ee3a6e,1,10,0.866297721862793,27.689311981201172
place_object_basket,demo_clean,ahs,strict_paired_manifest,13,9620013,3317a1e958dda04ced6b21dbeb601ada77ac5eea,1,11,0.9548969268798828,27.15205955505371
place_object_basket,demo_clean,ahs,strict_paired_manifest,14,9620014,4e9b3e62d7df1d2946f4956c979601d6b0cf9959,1,9,0.7756462097167969,24.795583724975586
place_object_basket,demo_clean,ahs,strict_paired_manifest,15,9620015,6c8a80d8223bcf43e74d5f1e3edd96b0aaa8516c,0,30,2.594189405441284,76.60409545898438
place_object_basket,demo_clean,ahs,strict_paired_manifest,16,9620016,fb7b5a85e17bb79a0a4255c11a4ad6aa50ff7fdb,1,10,0.8766746520996094,25.6726131439209
place_object_basket,demo_clean,ahs,strict_paired_manifest,17,9620017,24f0c53c1ee16a755ed510d825623f974eab5885,1,6,0.5196199417114258,18.25720977783203
place_object_basket,demo_clean,ahs,strict_paired_manifest,18,9620018,19246b6a38dfe2c59eca654d587307c2563c283b,0,26,2.2594869136810303,68.01681518554688
place_object_basket,demo_clean,ahs,strict_paired_manifest,19,9620019,3ba1784ea3a997839e78e644fe494d0ed5b1cbdf,1,10,0.8701090812683105,30.704980850219727
place_object_basket,demo_randomized,base,unpaired_fallback,0,1330100000,5742af2f70e658ee7b2ee15fd375b3efb9065922,0,14,6.57413387298584,98.71381378173828
place_object_basket,demo_randomized,base,unpaired_fallback,1,1330100002,74eeabdc08cd1dfa09533f362cb436fdc781a295,1,12,1.0881850719451904,78.31034851074219
place_object_basket,demo_randomized,base,unpaired_fallback,2,1330100003,c5f7b12569a293cc06907eded4c83c9d9b93f98b,1,9,0.8173661231994629,57.05491638183594
place_object_basket,demo_randomized,base,unpaired_fallback,3,1330100004,ae8cdcc3b71ae97e6f5cec24e90564a81e6e3af4,0,14,1.2649662494659424,85.68245697021484
place_object_basket,demo_randomized,base,unpaired_fallback,4,1330100005,70bcc5107fbcb715abc9c3767475986843fc466d,1,6,0.5450997352600098,46.93732452392578
place_object_basket,demo_randomized,base,unpaired_fallback,5,1330100006,2f340dd38698445d60459a1e617e967633ac699f,0,14,1.2751975059509277,81.66722869873047
place_object_basket,demo_randomized,base,unpaired_fallback,6,1330100007,3033208a4ff7a49b5201a1edf51d608375d1afe2,0,14,1.280132532119751,88.20292663574219
place_object_basket,demo_randomized,base,unpaired_fallback,7,1330100009,05e3eef3f9bf4d765eb423930a5cf1841035d05e,0,14,1.269397497177124,74.62604522705078
place_object_basket,demo_randomized,base,unpaired_fallback,8,1330100010,07f2b4d734c88b9fe07277592ebe559a3b623b32,0,14,1.2675888538360596,71.3971176147461
place_object_basket,demo_randomized,base,unpaired_fallback,9,1330100011,06a83df9d0160a635607daa5232e4a083a3fac56,0,14,1.2794890403747559,91.89012908935547
place_object_basket,demo_randomized,base,unpaired_fallback,10,1330100012,b5f7539d5dfc8b2f71a61b3fa57dff01021640f1,0,14,1.2723548412322998,83.51809692382812
place_object_basket,demo_randomized,base,unpaired_fallback,11,1330100015,e0a7b2780df2e2d4cd8d4f570f3dcfb41b3e02d7,0,14,1.2757163047790527,92.55561828613281
place_object_basket,demo_randomized,base,unpaired_fallback,12,1330100016,37c32e42986f3021ebd329a7a5159bc4118ef251,0,14,1.267963171005249,88.70645904541016
place_object_basket,demo_randomized,base,unpaired_fallback,13,1330100017,20c8f95908ae154cd3c86b496e97249a56e40a63,0,14,1.2808666229248047,81.29765319824219
place_object_basket,demo_randomized,base,unpaired_fallback,14,1330100019,99f20e70524d00b8b8e4e6e4cac1d3a9a8beb027,1,5,0.45886898040771484,29.477184295654297
place_object_basket,demo_randomized,base,unpaired_fallback,15,1330100021,41926213df23eb1c34fabbf7550f9f8c51f1fd56,0,14,1.269207239151001,87.97059631347656
place_object_basket,demo_randomized,base,unpaired_fallback,16,1330100023,36fa2a47d8ef6f4b351e6cab236e419821bb3f3c,0,14,1.2749505043029785,81.89207458496094
place_object_basket,demo_randomized,base,unpaired_fallback,17,1330100026,63a6cc43730ab2cda382b3515577f7b16bb190e2,0,14,1.2807276248931885,79.98616027832031
place_object_basket,demo_randomized,base,unpaired_fallback,18,1330100027,6c81205d245586e9979007c478c86d26b6be6c01,0,14,1.2718091011047363,80.4830322265625
place_object_basket,demo_randomized,base,unpaired_fallback,19,1330100028,06ab853e1f66fd018fa72ad33029df7a6e36f852,0,14,1.2786006927490234,95.22560119628906
place_object_basket,demo_randomized,ahs,unpaired_fallback,0,1331100002,5cd21d4f40881da45c6a3b5ff12e03fd4296f4a9,1,10,6.456763744354248,41.38784408569336
place_object_basket,demo_randomized,ahs,unpaired_fallback,1,1331100004,7cf469d3b3ce7eb6bb84569dd8127ccd2129be47,0,26,2.379304885864258,76.88162231445312
place_object_basket,demo_randomized,ahs,unpaired_fallback,2,1331100007,a2c0e6a998030c7e96d02235dec6146e28dab4b5,1,16,1.468785285949707,52.31291961669922
place_object_basket,demo_randomized,ahs,unpaired_fallback,3,1331100009,c2f3492cefcffed22e719a3bb6392c5eeccfd5d0,1,23,2.0932602882385254,80.30345916748047
place_object_basket,demo_randomized,ahs,unpaired_fallback,4,1331100013,689d35b0e2f5855f71c51279696be73cbf36c68c,1,9,0.8232259750366211,33.25674057006836
place_object_basket,demo_randomized,ahs,unpaired_fallback,5,1331100015,602539d50b9af284421a305e8307b71fe84a71ea,0,29,2.6532790660858154,89.20745086669922
place_object_basket,demo_randomized,ahs,unpaired_fallback,6,1331100017,03e3c1f00f202cc8db6d621538afbe1ddb98281f,0,28,2.579496383666992,94.64594268798828
place_object_basket,demo_randomized,ahs,unpaired_fallback,7,1331100018,6eab5abe53430d0bee9005db719e05b6073b004f,0,29,2.6619882583618164,90.62860870361328
place_object_basket,demo_randomized,ahs,unpaired_fallback,8,1331100019,8ae52af00554a7088c7d63b87e608897e9a36df6,0,27,2.4786508083343506,83.09300994873047
place_object_basket,demo_randomized,ahs,unpaired_fallback,9,1331100020,51a9fd9ddc434ecee1ff585a071b0f4b3a0b7f74,0,28,2.5684094429016113,92.49244689941406
place_object_basket,demo_randomized,ahs,unpaired_fallback,10,1331100022,501dcf80e4c4405a2265015fe3cccf5364f150af,0,28,2.570225715637207,94.6970443725586
place_object_basket,demo_randomized,ahs,unpaired_fallback,11,1331100023,f4b88b2999adba942977a9dd85c897c12bae7de6,1,9,0.8281490802764893,33.065067291259766
place_object_basket,demo_randomized,ahs,unpaired_fallback,12,1331100025,e2d2d5fd9185d18082fc195ba8d2f0b0921a001b,0,27,2.4732158184051514,85.13204956054688
place_object_basket,demo_randomized,ahs,unpaired_fallback,13,1331100026,ac8bf02711521f7fa48fb47eb0cda366ef6c5e3f,0,33,3.014223098754883,103.67552947998047
place_object_basket,demo_randomized,ahs,unpaired_fallback,14,1331100027,4dfd21baa62a7d444bd2fc130eb1f3a3ae8ce9e7,0,30,2.7369277477264404,86.13663482666016
place_object_basket,demo_randomized,ahs,unpaired_fallback,15,1331100029,e57593fd41cba789590b5800dc5a83692ce3c81e,0,25,2.2716236114501953,93.75737762451172
place_object_basket,demo_randomized,ahs,unpaired_fallback,16,1331100034,8d611ba650ea478c1a400fe25c1303480751b2f7,1,16,1.4601268768310547,49.06642532348633
place_object_basket,demo_randomized,ahs,unpaired_fallback,17,1331100035,a4c6bc2b912897f6458f69e0ddbecc6daf98115f,1,11,1.00650954246521,37.21917724609375
place_object_basket,demo_randomized,ahs,unpaired_fallback,18,1331100036,4f2abfd2157bc2e439de53d5a78e1170073ce637,0,25,2.287541151046753,88.64892578125
place_object_basket,demo_randomized,ahs,unpaired_fallback,19,1331100038,f1fe3c1c6e1b1bd81870af85a2de39121b0d2937,0,28,2.566110134124756,88.62093353271484
place_object_scale,demo_clean,base,strict_paired_manifest,0,9630000,f3ab4e40541b943369dde7624651efaef6f50f09,1,3,5.352768898010254,21.948333740234375
place_object_scale,demo_clean,base,strict_paired_manifest,1,9630001,4fd30fff76652baf2cc0dec97e5da9de9cd8112b,1,3,0.26989054679870605,13.307507514953613
place_object_scale,demo_clean,base,strict_paired_manifest,2,9630002,a7be113d9b7205d03c02760c8021caf4589ed637,0,8,0.7179696559906006,30.210681915283203
place_object_scale,demo_clean,base,strict_paired_manifest,3,9630003,493cc3db8abe2665cb63575abf766bc9f14e6a8c,1,3,0.2703514099121094,12.637454986572266
place_object_scale,demo_clean,base,strict_paired_manifest,4,9630004,e54756624313c6b9d27262a5f75f54f8ff171a93,1,3,0.2696495056152344,13.50870418548584
place_object_scale,demo_clean,base,strict_paired_manifest,5,9630005,da781de93de9be5455b182e3afe5a434fc3c3cc1,0,8,0.7217445373535156,37.631614685058594
place_object_scale,demo_clean,base,strict_paired_manifest,6,9630006,615bfeadc6598c01acaa58ff70b9373b7d1fef95,1,4,0.3614180088043213,17.896650314331055
place_object_scale,demo_clean,base,strict_paired_manifest,7,9630007,e98fd4519540c239fbd64044db92307fbd274b3c,0,8,0.7231533527374268,35.59495544433594
place_object_scale,demo_clean,base,strict_paired_manifest,8,9630008,1bfa11fcca612eda94335aa74b24f1426a3ab289,1,3,0.26584506034851074,14.432064056396484
place_object_scale,demo_clean,base,strict_paired_manifest,9,9630009,9301111a088f8e8bfaa9e183e75b0dd5c5b832ce,0,8,0.7199523448944092,31.80302619934082
place_object_scale,demo_clean,base,strict_paired_manifest,10,9630010,128fa0ebf6da0fd8154306a2875971f375143c06,1,3,0.27727770805358887,16.664493560791016
place_object_scale,demo_clean,base,strict_paired_manifest,11,9630011,96e3c217a4caa2167c352b700ebe8eff6753114b,0,8,0.7216746807098389,33.59980392456055
place_object_scale,demo_clean,base,strict_paired_manifest,12,9630012,665c20a7091d55bb65fd21984880778275bab93e,1,6,0.5415081977844238,26.73909568786621
place_object_scale,demo_clean,base,strict_paired_manifest,13,9630013,295d37ce6b9cfdc7a6c4374eb23698e6a0750a26,0,8,0.7198247909545898,33.912899017333984
place_object_scale,demo_clean,base,strict_paired_manifest,14,9630014,cb308dcdc507894fe09f752826e35198f4a3524d,1,3,0.2727479934692383,14.438177108764648
place_object_scale,demo_clean,base,strict_paired_manifest,15,9630015,e04a4945f97d2a0409662dfccbab56903c5d5fd0,1,3,0.27396512031555176,15.663202285766602
place_object_scale,demo_clean,base,strict_paired_manifest,16,9630016,ef11f23073e5c8dc730e13627f3934d0252a1e86,0,8,0.7295444011688232,33.917572021484375
place_object_scale,demo_clean,base,strict_paired_manifest,17,9630017,6bd1e4237f1f85743f9c3d77a6d4dfbbf9753156,1,3,0.2720942497253418,12.434673309326172
place_object_scale,demo_clean,base,strict_paired_manifest,18,9630018,767d85f5babb2217bef0bbb2ccfbc60b7a574bbd,0,8,0.71653151512146,34.89054870605469
place_object_scale,demo_clean,base,strict_paired_manifest,19,9630019,05e363eff77ffef7d42b3d93416e50ba09adbdb8,1,4,0.3545691967010498,17.711666107177734
place_object_scale,demo_clean,ahs,strict_paired_manifest,0,9630000,f3ab4e40541b943369dde7624651efaef6f50f09,1,6,5.906559944152832,22.79779815673828
place_object_scale,demo_clean,ahs,strict_paired_manifest,1,9630001,4fd30fff76652baf2cc0dec97e5da9de9cd8112b,1,6,0.5410878658294678,14.549439430236816
place_object_scale,demo_clean,ahs,strict_paired_manifest,2,9630002,a7be113d9b7205d03c02760c8021caf4589ed637,1,6,0.543342113494873,13.19495964050293
place_object_scale,demo_clean,ahs,strict_paired_manifest,3,9630003,493cc3db8abe2665cb63575abf766bc9f14e6a8c,1,6,0.5473647117614746,13.666473388671875
place_object_scale,demo_clean,ahs,strict_paired_manifest,4,9630004,e54756624313c6b9d27262a5f75f54f8ff171a93,1,6,0.5422825813293457,13.047735214233398
place_object_scale,demo_clean,ahs,strict_paired_manifest,5,9630005,da781de93de9be5455b182e3afe5a434fc3c3cc1,1,6,0.5394518375396729,16.219654083251953
place_object_scale,demo_clean,ahs,strict_paired_manifest,6,9630006,615bfeadc6598c01acaa58ff70b9373b7d1fef95,1,6,0.5431561470031738,14.408326148986816
place_object_scale,demo_clean,ahs,strict_paired_manifest,7,9630007,e98fd4519540c239fbd64044db92307fbd274b3c,0,16,1.4483418464660645,37.164955139160156
place_object_scale,demo_clean,ahs,strict_paired_manifest,8,9630008,1bfa11fcca612eda94335aa74b24f1426a3ab289,1,5,0.4497523307800293,13.730369567871094
place_object_scale,demo_clean,ahs,strict_paired_manifest,9,9630009,9301111a088f8e8bfaa9e183e75b0dd5c5b832ce,1,5,0.45049357414245605,12.157978057861328
place_object_scale,demo_clean,ahs,strict_paired_manifest,10,9630010,128fa0ebf6da0fd8154306a2875971f375143c06,1,6,0.5451381206512451,17.729881286621094
place_object_scale,demo_clean,ahs,strict_paired_manifest,11,9630011,96e3c217a4caa2167c352b700ebe8eff6753114b,0,16,1.4659340381622314,35.9494514465332
place_object_scale,demo_clean,ahs,strict_paired_manifest,12,9630012,665c20a7091d55bb65fd21984880778275bab93e,1,6,0.544257640838623,14.728065490722656
place_object_scale,demo_clean,ahs,strict_paired_manifest,13,9630013,295d37ce6b9cfdc7a6c4374eb23698e6a0750a26,1,6,0.5547215938568115,14.474489212036133
place_object_scale,demo_clean,ahs,strict_paired_manifest,14,9630014,cb308dcdc507894fe09f752826e35198f4a3524d,1,6,0.5436062812805176,14.846346855163574
place_object_scale,demo_clean,ahs,strict_paired_manifest,15,9630015,e04a4945f97d2a0409662dfccbab56903c5d5fd0,1,6,0.552595853805542,16.285736083984375
place_object_scale,demo_clean,ahs,strict_paired_manifest,16,9630016,ef11f23073e5c8dc730e13627f3934d0252a1e86,0,16,1.4218626022338867,35.6180305480957
place_object_scale,demo_clean,ahs,strict_paired_manifest,17,9630017,6bd1e4237f1f85743f9c3d77a6d4dfbbf9753156,1,6,0.5433504581451416,12.263432502746582
place_object_scale,demo_clean,ahs,strict_paired_manifest,18,9630018,767d85f5babb2217bef0bbb2ccfbc60b7a574bbd,1,7,0.6322588920593262,15.310547828674316
place_object_scale,demo_clean,ahs,strict_paired_manifest,19,9630019,05e363eff77ffef7d42b3d93416e50ba09adbdb8,1,6,0.5424396991729736,13.82781982421875
place_object_scale,demo_randomized,base,unpaired_fallback,0,1334100000,33e57072341f2370da91f608c99ada54bb097d86,1,3,5.61470890045166,24.607330322265625
place_object_scale,demo_randomized,base,unpaired_fallback,1,1334100001,4c5dd3ba82cc72ee05156e644fdb308b543f7280,0,8,0.7255668640136719,39.47768020629883
place_object_scale,demo_randomized,base,unpaired_fallback,2,1334100002,5d84c8f08e502c8813730f3b2bf5d87549ed0e02,1,3,0.27451610565185547,16.086811065673828
place_object_scale,demo_randomized,base,unpaired_fallback,3,1334100003,3651fd8c102f031319c3e6ced4c754619197f837,1,6,0.5472066402435303,33.19546890258789
place_object_scale,demo_randomized,base,unpaired_fallback,4,1334100006,48cd979a9fab1d141e805ba2dc6804cabc8c243d,1,3,0.2766273021697998,19.817440032958984
place_object_scale,demo_randomized,base,unpaired_fallback,5,1334100007,66bc2ab8f8cf1e879fc94cd45b4e9441e0aa7799,1,3,0.27591419219970703,16.677156448364258
place_object_scale,demo_randomized,base,unpaired_fallback,6,1334100008,73493f59d45f27883aabc3834955cfa9b57ed73b,0,8,0.7283675670623779,40.06620788574219
place_object_scale,demo_randomized,base,unpaired_fallback,7,1334100009,0c1d877a0159625fa07b81fcde2265b567bfa427,1,3,0.27609920501708984,15.917207717895508
place_object_scale,demo_randomized,base,unpaired_fallback,8,1334100011,67d8e387b1450efb6fc0d4e8f174e47f092f8e62,1,3,0.2705216407775879,16.588584899902344
place_object_scale,demo_randomized,base,unpaired_fallback,9,1334100012,ae076dd42dbfc7894b2de40dc6d5ec8661f8c412,0,8,0.7303659915924072,43.608551025390625
place_object_scale,demo_randomized,base,unpaired_fallback,10,1334100016,0de43cd25e391f26b8b394968e69d4453a01f88e,0,8,0.7356343269348145,42.228668212890625
place_object_scale,demo_randomized,base,unpaired_fallback,11,1334100017,0278b9fcd7bf8adc4532d3977f7133447153e719,0,8,0.7267665863037109,40.59490966796875
place_object_scale,demo_randomized,base,unpaired_fallback,12,1334100018,2f48d663fe856f95cf0eae81fcded64b62a5f536,0,8,0.730482816696167,41.0604248046875
place_object_scale,demo_randomized,base,unpaired_fallback,13,1334100019,685243e8e5d0a22357f69642658e2c664626d89c,1,3,0.2753334045410156,15.91366958618164
place_object_scale,demo_randomized,base,unpaired_fallback,14,1334100020,84563265add85c96b5d0372039db1c4a4729edc5,1,4,0.3665757179260254,23.865476608276367
place_object_scale,demo_randomized,base,unpaired_fallback,15,1334100022,75b0b0692041f6182fdc08d68ada456c69ce72c9,0,8,0.7283234596252441,39.76698684692383
place_object_scale,demo_randomized,base,unpaired_fallback,16,1334100024,c6c24f68578db8477bfaf5e5096d283ba1cc54a9,0,8,0.7296695709228516,41.39476013183594
place_object_scale,demo_randomized,base,unpaired_fallback,17,1334100025,ed1e97fd4e5ca1311a452ad24b6ebc1c10b1b79b,0,8,0.7257871627807617,40.79778289794922
place_object_scale,demo_randomized,base,unpaired_fallback,18,1334100026,6735564d8dde3d8541eb8ada364ae372e94d8690,0,8,0.7293670177459717,37.25777053833008
place_object_scale,demo_randomized,base,unpaired_fallback,19,1334100027,2282598e27b91a23d7f866963623a480b8e5fa07,0,8,0.7254657745361328,43.09741973876953
place_object_scale,demo_randomized,ahs,unpaired_fallback,0,1335100000,d550832397a80f5bc0704f11b3b7667257d41c61,1,6,5.860631942749023,24.669492721557617
place_object_scale,demo_randomized,ahs,unpaired_fallback,1,1335100001,78bc24cc51bf3edd2243bdd16b6dc1fd5a85a34a,0,17,1.5586905479431152,42.43132019042969
place_object_scale,demo_randomized,ahs,unpaired_fallback,2,1335100003,d7fe6200ab71c7e6ab75a30b9227624efd1b82b6,1,7,0.6419434547424316,18.434215545654297
place_object_scale,demo_randomized,ahs,unpaired_fallback,3,1335100004,89e0ce4755670537a0666290dad5dfdef3d000f8,0,16,1.4609472751617432,43.35091018676758
place_object_scale,demo_randomized,ahs,unpaired_fallback,4,1335100005,19098886d90cc6b135f1f868d8ca293bee10238c,1,6,0.5568630695343018,19.21286392211914
place_object_scale,demo_randomized,ahs,unpaired_fallback,5,1335100007,d5dedf6faed7addcb0c4bdac46e05dcba3975edf,0,15,1.3840572834014893,42.52491760253906
place_object_scale,demo_randomized,ahs,unpaired_fallback,6,1335100008,f5815f7a5a6a842b29c1174913df13d2a2305834,1,6,0.5503842830657959,16.273090362548828
place_object_scale,demo_randomized,ahs,unpaired_fallback,7,1335100009,dcc3ee5a346fe3477f8c379ccf974f8ed408f6bb,1,7,0.6466057300567627,17.57482147216797
place_object_scale,demo_randomized,ahs,unpaired_fallback,8,1335100010,6613aed36ab6c52f02a7234d89b7db2c2c3f2fb8,0,17,1.5542898178100586,40.60796356201172
place_object_scale,demo_randomized,ahs,unpaired_fallback,9,1335100011,6ffb30555f2c1da8094372f64ee6664cc68d21f5,1,6,0.5426521301269531,20.180068969726562
place_object_scale,demo_randomized,ahs,unpaired_fallback,10,1335100012,72f0de0d7e1415c2543e1069d18d31ba84cf8f40,1,6,0.5509450435638428,16.26605987548828
place_object_scale,demo_randomized,ahs,unpaired_fallback,11,1335100013,f9498dd354b80a740d2c4cd33dd25f3f0b161e53,0,16,1.4632701873779297,42.67009735107422
place_object_scale,demo_randomized,ahs,unpaired_fallback,12,1335100014,2d257fffc0d4b4c34ed0edc8834715c77c2ce5eb,0,16,1.4535343647003174,42.479034423828125
place_object_scale,demo_randomized,ahs,unpaired_fallback,13,1335100015,5be83c8e034b15f808cafb8a4a9c9fdbc3b5a310,1,6,0.5500733852386475,17.135360717773438
place_object_scale,demo_randomized,ahs,unpaired_fallback,14,1335100016,ec7fdb124a49748b7ca18c736f80ef7467cc62f7,1,6,0.5546529293060303,21.824546813964844
place_object_scale,demo_randomized,ahs,unpaired_fallback,15,1335100018,5f258525f0ff19384a6e550c500b550206329b01,0,18,1.6468191146850586,43.71397018432617
place_object_scale,demo_randomized,ahs,unpaired_fallback,16,1335100019,f15b52591f341901a3136029c33449d612c5a23e,0,16,1.465026617050171,42.187007904052734
place_object_scale,demo_randomized,ahs,unpaired_fallback,17,1335100021,568bccb9806617b3e6092b981b90512672e970dd,0,17,1.5472660064697266,43.618106842041016
place_object_scale,demo_randomized,ahs,unpaired_fallback,18,1335100022,ac5e4e2939d23ba238f49e9901172590b5138248,0,17,1.54966139793396,46.122657775878906
place_object_scale,demo_randomized,ahs,unpaired_fallback,19,1335100023,6538b0cc574bee6c769b854c7efde095158d23bf,1,7,0.6385993957519531,23.04591941833496
place_object_stand,demo_clean,base,strict_paired_manifest,0,9640000,b9a56604ed99d45f3745062454af93841f587db6,0,8,5.701198577880859,41.07819366455078
place_object_stand,demo_clean,base,strict_paired_manifest,1,9640001,90d2f41da2067ee71570f8c173190e98c67309b1,1,3,0.26050257682800293,13.149089813232422
place_object_stand,demo_clean,base,strict_paired_manifest,2,9640002,46f03274fc3415939709cc62c228e076ee597c2a,1,3,0.26134371757507324,13.144437789916992
place_object_stand,demo_clean,base,strict_paired_manifest,3,9640003,7c19695f9af8256606d01b6670696d1f6e76e985,1,3,0.25945425033569336,13.313838005065918
place_object_stand,demo_clean,base,strict_paired_manifest,4,9640004,7e1e9df3fe05d3708c36955e99d9b14d403c1968,1,3,0.25964784622192383,12.937847137451172
place_object_stand,demo_clean,base,strict_paired_manifest,5,9640005,c40ea64c137bf6e9648cf989b66c9abae4939160,1,3,0.265244722366333,15.715591430664062
place_object_stand,demo_clean,base,strict_paired_manifest,6,9640006,6ce3a70a4da3b3f439121f91c3814fe3a25e17cb,1,3,0.26192498207092285,12.700916290283203
place_object_stand,demo_clean,base,strict_paired_manifest,7,9640007,e63a086986fab3d1a26337cd91d7c403f6abdc4c,1,3,0.26021838188171387,13.229381561279297
place_object_stand,demo_clean,base,strict_paired_manifest,8,9640008,d8008b84519f2afc77e38a93e25fd9b2255deb60,1,3,0.2603614330291748,12.456377029418945
place_object_stand,demo_clean,base,strict_paired_manifest,9,9640009,11c5b019c35bbffc0424ea7264d0fd31cbcd0865,1,3,0.2586824893951416,13.545332908630371
place_object_stand,demo_clean,base,strict_paired_manifest,10,9640010,880dc15ab5fce8d67a37c2c7267e0f440f39e317,0,8,0.6888763904571533,33.84586715698242
place_object_stand,demo_clean,base,strict_paired_manifest,11,9640011,c337a6a8c5b409b9774f7bc141a0aa953b38b668,1,3,0.2589747905731201,13.293094635009766
place_object_stand,demo_clean,base,strict_paired_manifest,12,9640012,d1ec09244f52f453f309d09f6c04bfb096303912,1,3,0.2610056400299072,12.8169527053833
place_object_stand,demo_clean,base,strict_paired_manifest,13,9640013,440a2be4ea56284dffb8fb724bad5164e01d5a37,1,3,0.26059484481811523,12.677512168884277
place_object_stand,demo_clean,base,strict_paired_manifest,14,9640014,e67dc890be5e7c73bb7839e8fbd144a5413e5491,1,3,0.2598841190338135,13.257889747619629
place_object_stand,demo_clean,base,strict_paired_manifest,15,9640015,adc19b45ecaca53f3ad6002c2d1a51fbaa08aa23,1,3,0.2672867774963379,16.31060028076172
place_object_stand,demo_clean,base,strict_paired_manifest,16,9640016,d32847b6f688e4dbfe84bb4db87bd9802a81c751,1,3,0.25914692878723145,12.534152030944824
place_object_stand,demo_clean,base,strict_paired_manifest,17,9640017,70b3684c7af651753754f53ca1ee3130bb4fa4e9,1,3,0.2598237991333008,13.5056791305542
place_object_stand,demo_clean,base,strict_paired_manifest,18,9640018,19f77bc1d61060c5e628c6d91574b3824e7c1110,0,8,0.6935985088348389,32.44377517700195
place_object_stand,demo_clean,base,strict_paired_manifest,19,9640019,db4c00dd7723691aa311b4d0d1028cb917ccaefc,1,3,0.25821876525878906,13.22219467163086
place_object_stand,demo_clean,ahs,strict_paired_manifest,0,9640000,b9a56604ed99d45f3745062454af93841f587db6,0,16,6.614919185638428,42.8729248046875
place_object_stand,demo_clean,ahs,strict_paired_manifest,1,9640001,90d2f41da2067ee71570f8c173190e98c67309b1,1,6,0.5221807956695557,12.549662590026855
place_object_stand,demo_clean,ahs,strict_paired_manifest,2,9640002,46f03274fc3415939709cc62c228e076ee597c2a,1,7,0.6118695735931396,13.588441848754883
place_object_stand,demo_clean,ahs,strict_paired_manifest,3,9640003,7c19695f9af8256606d01b6670696d1f6e76e985,1,6,0.5241386890411377,13.236560821533203
place_object_stand,demo_clean,ahs,strict_paired_manifest,4,9640004,7e1e9df3fe05d3708c36955e99d9b14d403c1968,1,6,0.5164189338684082,13.603856086730957
place_object_stand,demo_clean,ahs,strict_paired_manifest,5,9640005,c40ea64c137bf6e9648cf989b66c9abae4939160,1,5,0.43714380264282227,16.144119262695312
place_object_stand,demo_clean,ahs,strict_paired_manifest,6,9640006,6ce3a70a4da3b3f439121f91c3814fe3a25e17cb,1,5,0.43196868896484375,11.56161880493164
place_object_stand,demo_clean,ahs,strict_paired_manifest,7,9640007,e63a086986fab3d1a26337cd91d7c403f6abdc4c,1,7,0.6084995269775391,15.375879287719727
place_object_stand,demo_clean,ahs,strict_paired_manifest,8,9640008,d8008b84519f2afc77e38a93e25fd9b2255deb60,1,6,0.5240237712860107,13.365194320678711
place_object_stand,demo_clean,ahs,strict_paired_manifest,9,9640009,11c5b019c35bbffc0424ea7264d0fd31cbcd0865,1,5,0.44009995460510254,13.30146598815918
place_object_stand,demo_clean,ahs,strict_paired_manifest,10,9640010,880dc15ab5fce8d67a37c2c7267e0f440f39e317,0,17,1.4740827083587646,34.88719177246094
place_object_stand,demo_clean,ahs,strict_paired_manifest,11,9640011,c337a6a8c5b409b9774f7bc141a0aa953b38b668,1,6,0.5254149436950684,14.208035469055176
place_object_stand,demo_clean,ahs,strict_paired_manifest,12,9640012,d1ec09244f52f453f309d09f6c04bfb096303912,0,18,1.58089280128479,33.29323959350586
place_object_stand,demo_clean,ahs,strict_paired_manifest,13,9640013,440a2be4ea56284dffb8fb724bad5164e01d5a37,1,6,0.5262150764465332,14.700643539428711
place_object_stand,demo_clean,ahs,strict_paired_manifest,14,9640014,e67dc890be5e7c73bb7839e8fbd144a5413e5491,1,6,0.5278947353363037,13.883808135986328
place_object_stand,demo_clean,ahs,strict_paired_manifest,15,9640015,adc19b45ecaca53f3ad6002c2d1a51fbaa08aa23,1,6,0.5236525535583496,16.977886199951172
place_object_stand,demo_clean,ahs,strict_paired_manifest,16,9640016,d32847b6f688e4dbfe84bb4db87bd9802a81c751,1,6,0.5254840850830078,13.443925857543945
place_object_stand,demo_clean,ahs,strict_paired_manifest,17,9640017,70b3684c7af651753754f53ca1ee3130bb4fa4e9,1,6,0.523235559463501,15.368629455566406
place_object_stand,demo_clean,ahs,strict_paired_manifest,18,9640018,19f77bc1d61060c5e628c6d91574b3824e7c1110,0,16,1.3843917846679688,32.44481658935547
place_object_stand,demo_clean,ahs,strict_paired_manifest,19,9640019,db4c00dd7723691aa311b4d0d1028cb917ccaefc,1,5,0.43372535705566406,12.73672866821289
place_object_stand,demo_randomized,base,unpaired_fallback,0,1338100000,2c8a5b2b0d1d5d04b8a44f1c14d1c71a65338228,0,8,6.1618242263793945,51.27232360839844
place_object_stand,demo_randomized,base,unpaired_fallback,1,1338100001,4c1d6354139bc8ebd57a2f5855cf1c90f26bcbc9,0,8,0.724682092666626,41.16922378540039
place_object_stand,demo_randomized,base,unpaired_fallback,2,1338100002,f2b3b51cbef5cad26767f9d6c39919d7f368101f,0,8,0.7258572578430176,40.02638626098633
place_object_stand,demo_randomized,base,unpaired_fallback,3,1338100003,361638fab5faaa4694e54af62cd57a91218dc066,1,3,0.2763221263885498,16.222230911254883
place_object_stand,demo_randomized,base,unpaired_fallback,4,1338100004,33aaa0b108c78671a602792586abc5d0afc54368,1,3,0.2766880989074707,19.41120147705078
place_object_stand,demo_randomized,base,unpaired_fallback,5,1338100005,b94940e2a39aff86ed73c481f2d662ad606f6820,1,3,0.2804875373840332,16.282262802124023
place_object_stand,demo_randomized,base,unpaired_fallback,6,1338100008,a8f94ca3d5f848dfa9f4aaf22cb8dbd366332be7,0,8,0.7286243438720703,40.27493667602539
place_object_stand,demo_randomized,base,unpaired_fallback,7,1338100009,bee1dc8f1bb9ca1f7b8ed888d3c523f7c20795f8,0,8,0.7311725616455078,38.54038619995117
place_object_stand,demo_randomized,base,unpaired_fallback,8,1338100010,3fb3295dcbb90b8286f31493a689824b9a419878,1,3,0.26967501640319824,15.908492088317871
place_object_stand,demo_randomized,base,unpaired_fallback,9,1338100012,8add416ed65e6b839e46304d64545bc03d119c50,1,3,0.2740778923034668,19.4394588470459
place_object_stand,demo_randomized,base,unpaired_fallback,10,1338100013,10392347a104ef09d830543a312c220cadf46e24,1,3,0.27300596237182617,16.4373779296875
place_object_stand,demo_randomized,base,unpaired_fallback,11,1338100015,3809ee2027e378832c0b45ad4e742c60d810eb45,1,7,0.6326379776000977,35.13923645019531
place_object_stand,demo_randomized,base,unpaired_fallback,12,1338100017,f1d01bdf3273b2d7f38f2f0e377e78136bb235db,0,8,0.7317306995391846,41.84546661376953
place_object_stand,demo_randomized,base,unpaired_fallback,13,1338100018,f550a4594ffd50152c5672bc5f6c28afab102c94,1,5,0.45484447479248047,27.02529525756836
place_object_stand,demo_randomized,base,unpaired_fallback,14,1338100019,618b1f06d588fe24a15fda1d72ce14765c267220,1,3,0.27799248695373535,19.03211212158203
place_object_stand,demo_randomized,base,unpaired_fallback,15,1338100020,2fc0f449e6079b75b1adb78f7a306bc9547ad186,0,8,0.7299439907073975,41.727970123291016
place_object_stand,demo_randomized,base,unpaired_fallback,16,1338100021,1008d37292e76c9be712376996e904c1ab3cb001,0,8,0.7319536209106445,42.26118087768555
place_object_stand,demo_randomized,base,unpaired_fallback,17,1338100022,14d07ba9f0e1b004dbb6a76d88840faa7a9bad83,0,8,0.7249495983123779,42.532447814941406
place_object_stand,demo_randomized,base,unpaired_fallback,18,1338100023,5aa7dfb7845ec715d7b402b358f069b7062a25dd,1,3,0.27442169189453125,16.1440486907959
place_object_stand,demo_randomized,base,unpaired_fallback,19,1338100026,4f2a5bd701ffc2cc08c7082c0015b49947f1b541,1,5,0.4563305377960205,31.47687530517578
place_object_stand,demo_randomized,ahs,unpaired_fallback,0,1339100000,c8dfec250a5da2e52b137db805c0e05a8cd071a8,0,17,6.795753002166748,51.38679504394531
place_object_stand,demo_randomized,ahs,unpaired_fallback,1,1339100001,3a3cb611a41a69179524b1d487f4d28bd4867f63,1,6,0.5506453514099121,17.082918167114258
place_object_stand,demo_randomized,ahs,unpaired_fallback,2,1339100002,c56d9b7b35845cca5808184c290ca60d5694d582,1,5,0.45515918731689453,16.062591552734375
place_object_stand,demo_randomized,ahs,unpaired_fallback,3,1339100003,e58e3b1a4f22277d0760a72d2dcea7b9dee6b2cd,1,5,0.454056978225708,15.550032615661621
place_object_stand,demo_randomized,ahs,unpaired_fallback,4,1339100004,832ad062469fec5169d3ae66381663acacfc05ff,1,6,0.5519554615020752,19.563920974731445
place_object_stand,demo_randomized,ahs,unpaired_fallback,5,1339100005,68f8a42fb37153b4af9a5323668a4655b30c56fd,1,5,0.4550020694732666,14.106011390686035
place_object_stand,demo_randomized,ahs,unpaired_fallback,6,1339100006,37926ca759f4070c601c01d1b85e41edec634f10,1,6,0.5570363998413086,16.529890060424805
place_object_stand,demo_randomized,ahs,unpaired_fallback,7,1339100007,1c8a889735d29e418dabebef438dfac273443019,1,6,0.5433251857757568,15.759003639221191
place_object_stand,demo_randomized,ahs,unpaired_fallback,8,1339100009,477685c689a2369438f69f1a86a3ee886e19c164,1,9,0.8261387348175049,24.97577667236328
place_object_stand,demo_randomized,ahs,unpaired_fallback,9,1339100010,2cc4ffaad159260bbd26621f6cb29ea7a13fd8c7,1,6,0.5519571304321289,18.35211181640625
place_object_stand,demo_randomized,ahs,unpaired_fallback,10,1339100011,1fe9141426659e28fb7d5e5a94054ead42fdf367,1,5,0.45873355865478516,15.025847434997559
place_object_stand,demo_randomized,ahs,unpaired_fallback,11,1339100012,17fa6d1a09350aca0b4cd94fd7222788fb1ca3c0,1,10,0.915734052658081,26.136398315429688
place_object_stand,demo_randomized,ahs,unpaired_fallback,12,1339100013,77d12c647dab311149212c2c4a588d27b81fdc2b,1,6,0.5475444793701172,15.53188705444336
place_object_stand,demo_randomized,ahs,unpaired_fallback,13,1339100014,8cf0ffa77132745d22fc6cc84f3d027e55ccfa00,1,6,0.5536539554595947,15.302694320678711
place_object_stand,demo_randomized,ahs,unpaired_fallback,14,1339100017,407b8e11f465d28d5edf4817ed34f628023fcfea,1,6,0.551222562789917,19.155397415161133
place_object_stand,demo_randomized,ahs,unpaired_fallback,15,1339100018,8e74326087084dad76e48490b2b7c4af7ff5dd8d,0,15,1.3721375465393066,41.15060043334961
place_object_stand,demo_randomized,ahs,unpaired_fallback,16,1339100020,2fd7e1781ffa005a9ea1f3afa4495fc7fe1e1b69,1,7,0.6410708427429199,17.396448135375977
place_object_stand,demo_randomized,ahs,unpaired_fallback,17,1339100021,3af0c67bd8ca447ecb73e0e4c882877c15a79540,1,6,0.547093391418457,15.601476669311523
place_object_stand,demo_randomized,ahs,unpaired_fallback,18,1339100022,e663e5de05e0d9ca2613c97eb8bbce585e4c6512,1,6,0.5531377792358398,16.439842224121094
place_object_stand,demo_randomized,ahs,unpaired_fallback,19,1339100023,bc6c3b2fe4b470042d3dec8408e2f76465885260,1,5,0.46042776107788086,19.16220474243164
place_phone_stand,demo_clean,base,strict_paired_manifest,0,9650000,0f7caf6542e1d8c012967fa7ad75a0b62aceec7b,1,3,5.531701564788818,19.71758270263672
place_phone_stand,demo_clean,base,strict_paired_manifest,1,9650001,f41a112504c3685d772fa5b1fe18bf81c8929476,1,3,0.2587244510650635,12.388406753540039
place_phone_stand,demo_clean,base,strict_paired_manifest,2,9650002,894b1c9bf1e8f139415efe8da1eadae2a1c7f4c8,1,3,0.2589550018310547,11.976125717163086
place_phone_stand,demo_clean,base,strict_paired_manifest,3,9650003,a3018ffb458020e7d6291fc437b7a1d42b68c50f,1,3,0.2588381767272949,11.439077377319336
place_phone_stand,demo_clean,base,strict_paired_manifest,4,9650004,f635f06885a3aecdeb8180b0a14713a224422f8f,1,3,0.25771021842956543,11.269477844238281
place_phone_stand,demo_clean,base,strict_paired_manifest,5,9650005,f635f06885a3aecdeb8180b0a14713a224422f8f,1,3,0.2617006301879883,15.4052734375
place_phone_stand,demo_clean,base,strict_paired_manifest,6,9650006,935fb71b309ea013460981d80af757c484dd0ea5,1,3,0.25853729248046875,11.467373847961426
place_phone_stand,demo_clean,base,strict_paired_manifest,7,9650007,f4d7db867a49fd32481664e8a88d23b4f917fa51,1,3,0.25775647163391113,11.790714263916016
place_phone_stand,demo_clean,base,strict_paired_manifest,8,9650008,ab631c1b7e2fc518897de6f79e453675e547ab3e,0,8,0.6890263557434082,31.174837112426758
place_phone_stand,demo_clean,base,strict_paired_manifest,9,9650009,d91b223f3298087d4c4f89f49bb79baa77cd28d1,1,3,0.25828123092651367,11.501781463623047
place_phone_stand,demo_clean,base,strict_paired_manifest,10,9650010,4d2d573b9d63fc7bc7cbc948c70585cf419f5aa6,0,8,0.6963498592376709,32.66172409057617
place_phone_stand,demo_clean,base,strict_paired_manifest,11,9650011,ec1fc951e6eff6258b290bd05877dce0d43faf76,0,8,0.6897392272949219,30.610780715942383
place_phone_stand,demo_clean,base,strict_paired_manifest,12,9650012,d10f66f3d325e823661dc37541f98ea5dbca8674,0,8,0.6894922256469727,34.080955505371094
place_phone_stand,demo_clean,base,strict_paired_manifest,13,9650013,0e8e91f88fd9c5b9fdc1d50aa6ad0ff1798781c0,1,3,0.260972261428833,12.068559646606445
place_phone_stand,demo_clean,base,strict_paired_manifest,14,9650014,d08f52430b689e8765fafa9cf0979439fcc3c071,1,3,0.2585930824279785,12.336889266967773
place_phone_stand,demo_clean,base,strict_paired_manifest,15,9650015,30e3af6e49aa9deddfee9568205eba432de3a79c,0,8,0.6903624534606934,33.03420639038086
place_phone_stand,demo_clean,base,strict_paired_manifest,16,9650016,cf89482dd48cbb0351fa59804d6dccb87cd820d9,0,8,0.6912980079650879,32.25288009643555
place_phone_stand,demo_clean,base,strict_paired_manifest,17,9650017,9cda47ff8c1250264fcf3896f83927da34a381e8,0,8,0.6913385391235352,30.843952178955078
place_phone_stand,demo_clean,base,strict_paired_manifest,18,9650018,0f7caf6542e1d8c012967fa7ad75a0b62aceec7b,1,3,0.2608757019042969,11.784502029418945
place_phone_stand,demo_clean,base,strict_paired_manifest,19,9650019,a0b2c37df3599ce6ea32aa75ba357676e1cecf56,1,3,0.2603282928466797,12.225339889526367
place_phone_stand,demo_clean,ahs,strict_paired_manifest,0,9650000,0f7caf6542e1d8c012967fa7ad75a0b62aceec7b,1,6,5.612176895141602,19.10987091064453
place_phone_stand,demo_clean,ahs,strict_paired_manifest,1,9650001,f41a112504c3685d772fa5b1fe18bf81c8929476,1,6,0.5200386047363281,12.306047439575195
place_phone_stand,demo_clean,ahs,strict_paired_manifest,2,9650002,894b1c9bf1e8f139415efe8da1eadae2a1c7f4c8,1,5,0.4392099380493164,10.575666427612305
place_phone_stand,demo_clean,ahs,strict_paired_manifest,3,9650003,a3018ffb458020e7d6291fc437b7a1d42b68c50f,1,4,0.34598731994628906,9.57107925415039
place_phone_stand,demo_clean,ahs,strict_paired_manifest,4,9650004,f635f06885a3aecdeb8180b0a14713a224422f8f,1,6,0.5172395706176758,10.420652389526367
place_phone_stand,demo_clean,ahs,strict_paired_manifest,5,9650005,f635f06885a3aecdeb8180b0a14713a224422f8f,0,14,1.2243623733520508,37.418148040771484
place_phone_stand,demo_clean,ahs,strict_paired_manifest,6,9650006,935fb71b309ea013460981d80af757c484dd0ea5,1,5,0.43263697624206543,9.930477142333984
place_phone_stand,demo_clean,ahs,strict_paired_manifest,7,9650007,f4d7db867a49fd32481664e8a88d23b4f917fa51,1,5,0.4319300651550293,10.563772201538086
place_phone_stand,demo_clean,ahs,strict_paired_manifest,8,9650008,ab631c1b7e2fc518897de6f79e453675e547ab3e,0,16,1.3951709270477295,32.42084503173828
place_phone_stand,demo_clean,ahs,strict_paired_manifest,9,9650009,d91b223f3298087d4c4f89f49bb79baa77cd28d1,1,5,0.43514490127563477,10.098589897155762
place_phone_stand,demo_clean,ahs,strict_paired_manifest,10,9650010,4d2d573b9d63fc7bc7cbc948c70585cf419f5aa6,0,17,1.4848065376281738,35.933841705322266
place_phone_stand,demo_clean,ahs,strict_paired_manifest,11,9650011,ec1fc951e6eff6258b290bd05877dce0d43faf76,0,15,1.299067497253418,31.591354370117188
place_phone_stand,demo_clean,ahs,strict_paired_manifest,12,9650012,d10f66f3d325e823661dc37541f98ea5dbca8674,0,18,1.5633611679077148,33.083717346191406
place_phone_stand,demo_clean,ahs,strict_paired_manifest,13,9650013,0e8e91f88fd9c5b9fdc1d50aa6ad0ff1798781c0,1,5,0.4356715679168701,10.081962585449219
place_phone_stand,demo_clean,ahs,strict_paired_manifest,14,9650014,d08f52430b689e8765fafa9cf0979439fcc3c071,1,5,0.43720316886901855,12.343218803405762
place_phone_stand,demo_clean,ahs,strict_paired_manifest,15,9650015,30e3af6e49aa9deddfee9568205eba432de3a79c,0,16,1.39426589012146,36.2700080871582
place_phone_stand,demo_clean,ahs,strict_paired_manifest,16,9650016,cf89482dd48cbb0351fa59804d6dccb87cd820d9,1,4,0.34941601753234863,10.954456329345703
place_phone_stand,demo_clean,ahs,strict_paired_manifest,17,9650017,9cda47ff8c1250264fcf3896f83927da34a381e8,0,17,1.484865427017212,31.897666931152344
place_phone_stand,demo_clean,ahs,strict_paired_manifest,18,9650018,0f7caf6542e1d8c012967fa7ad75a0b62aceec7b,1,5,0.4334733486175537,10.38553237915039
place_phone_stand,demo_clean,ahs,strict_paired_manifest,19,9650019,a0b2c37df3599ce6ea32aa75ba357676e1cecf56,1,5,0.43459296226501465,11.442656517028809
place_phone_stand,demo_randomized,base,unpaired_fallback,0,1342100001,a3018ffb458020e7d6291fc437b7a1d42b68c50f,1,3,5.541637420654297,21.044343948364258
place_phone_stand,demo_randomized,base,unpaired_fallback,1,1342100006,9cda47ff8c1250264fcf3896f83927da34a381e8,0,8,0.7294058799743652,40.680938720703125
place_phone_stand,demo_randomized,base,unpaired_fallback,2,1342100007,9e5d553dc5da1499263834e6fa83d6baf68623c9,0,8,0.7295448780059814,37.63086700439453
place_phone_stand,demo_randomized,base,unpaired_fallback,3,1342100008,e96767cb05d1ac3faa408873bb1efa334d8a25ad,1,4,0.3615412712097168,21.28424835205078
place_phone_stand,demo_randomized,base,unpaired_fallback,4,1342100009,e96767cb05d1ac3faa408873bb1efa334d8a25ad,1,4,0.36319684982299805,24.370168685913086
place_phone_stand,demo_randomized,base,unpaired_fallback,5,1342100010,c53bf44b9ebb018e5d89bb9dd85a86365a9a2889,1,3,0.27905941009521484,16.69716453552246
place_phone_stand,demo_randomized,base,unpaired_fallback,6,1342100016,0e8e91f88fd9c5b9fdc1d50aa6ad0ff1798781c0,0,8,0.7342832088470459,40.539493560791016
place_phone_stand,demo_randomized,base,unpaired_fallback,7,1342100017,380021c96c8ccf07e8b92d41798c21b9142315df,0,8,0.724233865737915,40.545223236083984
place_phone_stand,demo_randomized,base,unpaired_fallback,8,1342100018,ee6b0346d09fa75637b49c9fea54695fcbd69e9c,0,8,0.7293031215667725,40.04277038574219
place_phone_stand,demo_randomized,base,unpaired_fallback,9,1342100019,fde89141db29b5d670c7e34b3917d7cc581e2693,0,8,0.7357263565063477,41.96107864379883
place_phone_stand,demo_randomized,base,unpaired_fallback,10,1342100020,c53bf44b9ebb018e5d89bb9dd85a86365a9a2889,1,3,0.2708778381347656,14.930967330932617
place_phone_stand,demo_randomized,base,unpaired_fallback,11,1342100022,f41a112504c3685d772fa5b1fe18bf81c8929476,0,8,0.7319364547729492,39.08308410644531
place_phone_stand,demo_randomized,base,unpaired_fallback,12,1342100024,f41a112504c3685d772fa5b1fe18bf81c8929476,0,8,0.7203032970428467,41.6541862487793
place_phone_stand,demo_randomized,base,unpaired_fallback,13,1342100025,05df4aef45bb36724402225b3e908b94ab6510cd,0,8,0.7203574180603027,38.7482795715332
place_phone_stand,demo_randomized,base,unpaired_fallback,14,1342100029,ee6b0346d09fa75637b49c9fea54695fcbd69e9c,0,8,0.7215976715087891,41.56398391723633
place_phone_stand,demo_randomized,base,unpaired_fallback,15,1342100031,6d9731ae8ee2c48dbc950f6551772c9e761c4e48,1,3,0.276092529296875,15.208105087280273
place_phone_stand,demo_randomized,base,unpaired_fallback,16,1342100032,d10f66f3d325e823661dc37541f98ea5dbca8674,0,8,0.7210428714752197,41.23811721801758
place_phone_stand,demo_randomized,base,unpaired_fallback,17,1342100035,0a45357c58c059a78c61af0baf41253e1f285c05,1,3,0.27055931091308594,15.176849365234375
place_phone_stand,demo_randomized,base,unpaired_fallback,18,1342100038,6d0b6db796c5ca428ec705864aa56845b51179cf,1,3,0.2716505527496338,15.502099990844727
place_phone_stand,demo_randomized,base,unpaired_fallback,19,1342100040,c6ca2517b7ba5e78752d7dcdcff3314059e31fd2,1,3,0.27253103256225586,15.662151336669922
place_phone_stand,demo_randomized,ahs,unpaired_fallback,0,1343100002,87b3561345460ad23f16a57a7741a762656aa649,0,18,6.888735294342041,51.388893127441406
place_phone_stand,demo_randomized,ahs,unpaired_fallback,1,1343100003,4d2d573b9d63fc7bc7cbc948c70585cf419f5aa6,0,16,1.4707791805267334,41.880271911621094
place_phone_stand,demo_randomized,ahs,unpaired_fallback,2,1343100004,935fb71b309ea013460981d80af757c484dd0ea5,1,9,0.8231725692749023,26.641698837280273
place_phone_stand,demo_randomized,ahs,unpaired_fallback,3,1343100005,c2e15e3b4973927086a721f13eedcd7fdf53036f,0,17,1.555220127105713,43.3896369934082
place_phone_stand,demo_randomized,ahs,unpaired_fallback,4,1343100007,9cda47ff8c1250264fcf3896f83927da34a381e8,1,5,0.4565403461456299,16.8062801361084
place_phone_stand,demo_randomized,ahs,unpaired_fallback,5,1343100008,b67e9413e30d6ed3a196d53030fad07dee8614ec,0,16,1.4581294059753418,43.33056640625
place_phone_stand,demo_randomized,ahs,unpaired_fallback,6,1343100009,e8f01d1bbaf075aac6720ca5c1673df3030d4f91,0,18,1.6525561809539795,45.379798889160156
place_phone_stand,demo_randomized,ahs,unpaired_fallback,7,1343100010,6e7045ef9e1e9d78f2968ebde4402a53ae75eed5,0,16,1.4709622859954834,44.85639572143555
place_phone_stand,demo_randomized,ahs,unpaired_fallback,8,1343100012,6d0b6db796c5ca428ec705864aa56845b51179cf,0,16,1.4618349075317383,42.67546463012695
place_phone_stand,demo_randomized,ahs,unpaired_fallback,9,1343100015,f635f06885a3aecdeb8180b0a14713a224422f8f,1,6,0.5483479499816895,20.321374893188477
place_phone_stand,demo_randomized,ahs,unpaired_fallback,10,1343100016,e8f01d1bbaf075aac6720ca5c1673df3030d4f91,0,18,1.6511924266815186,42.571189880371094
place_phone_stand,demo_randomized,ahs,unpaired_fallback,11,1343100017,d91b223f3298087d4c4f89f49bb79baa77cd28d1,1,5,0.46411657333374023,14.57085132598877
place_phone_stand,demo_randomized,ahs,unpaired_fallback,12,1343100019,30e3af6e49aa9deddfee9568205eba432de3a79c,0,18,1.6430087089538574,43.21253204345703
place_phone_stand,demo_randomized,ahs,unpaired_fallback,13,1343100020,04d28c63296d332bd81f72cc79da41dd4da9122e,1,4,0.36619114875793457,13.605696678161621
place_phone_stand,demo_randomized,ahs,unpaired_fallback,14,1343100021,894b1c9bf1e8f139415efe8da1eadae2a1c7f4c8,0,16,1.4640793800354004,46.77965545654297
place_phone_stand,demo_randomized,ahs,unpaired_fallback,15,1343100022,12661aa1ec67a9e9683965df2b45e0a4a1192f02,1,5,0.45821642875671387,13.507448196411133
place_phone_stand,demo_randomized,ahs,unpaired_fallback,16,1343100023,0a9788ac8d45dd8b047abf7fcd2002b9ddcca0b1,0,17,1.5424599647521973,42.078582763671875
place_phone_stand,demo_randomized,ahs,unpaired_fallback,17,1343100025,d08f52430b689e8765fafa9cf0979439fcc3c071,0,17,1.5613245964050293,40.91593551635742
place_phone_stand,demo_randomized,ahs,unpaired_fallback,18,1343100026,fde89141db29b5d670c7e34b3917d7cc581e2693,0,16,1.46234130859375,41.095375061035156
place_phone_stand,demo_randomized,ahs,unpaired_fallback,19,1343100027,b67e9413e30d6ed3a196d53030fad07dee8614ec,1,14,1.2852222919464111,40.85515594482422
place_shoe,demo_clean,base,strict_paired_manifest,0,9660000,08ea5cd912c8c1637fa4b4b3d5bdf4dd442492a8,1,4,5.542807579040527,24.580039978027344
place_shoe,demo_clean,base,strict_paired_manifest,1,9660001,2525da54404e25557b95dceb3c6910a81013c37f,1,3,0.2612180709838867,12.845489501953125
place_shoe,demo_clean,base,strict_paired_manifest,2,9660002,96e6a9efbe30b7a5bbdcf33b859ad89639dbb10e,0,10,0.8614113330841064,41.556800842285156
place_shoe,demo_clean,base,strict_paired_manifest,3,9660003,b6362cb07a09d440c87cc48910fae0ef71453a28,1,4,0.34629249572753906,17.761253356933594
place_shoe,demo_clean,base,strict_paired_manifest,4,9660004,ab9e8f9ae3378decdbde9befe25ea7ed7202824a,1,4,0.3452024459838867,18.000049591064453
place_shoe,demo_clean,base,strict_paired_manifest,5,9660005,2d6c484444a033d5378728d88cae17b39531dba3,0,10,0.8684074878692627,41.741268157958984
place_shoe,demo_clean,base,strict_paired_manifest,6,9660006,e078b9ba63b31ce487ea1c09dc60d75c4bb656a0,1,4,0.3441324234008789,16.43917465209961
place_shoe,demo_clean,base,strict_paired_manifest,7,9660007,20ba513ed60e19b4641b92b9f349a6c3630076a6,1,3,0.2584493160247803,13.245797157287598
place_shoe,demo_clean,base,strict_paired_manifest,8,9660008,fe6acce7898493c498e57d5a36d2cd0bd9f0ab5e,1,4,0.3450167179107666,16.809349060058594
place_shoe,demo_clean,base,strict_paired_manifest,9,9660009,bc08d0007ac3684784a149d7147b06a8939a29e7,1,4,0.3478050231933594,15.593055725097656
place_shoe,demo_clean,base,strict_paired_manifest,10,9660010,cc10a44c602ce10d46e71b2b958192c828eb4bca,1,3,0.26491785049438477,16.18379783630371
place_shoe,demo_clean,base,strict_paired_manifest,11,9660011,bc4706a4edf84d74613c070c3a65a6d36a9ca5a7,0,10,0.8665437698364258,41.805084228515625
place_shoe,demo_clean,base,strict_paired_manifest,12,9660012,c238eade4128065a1fcb32da45e4ae367fb58a1e,1,3,0.26007771492004395,13.53120231628418
place_shoe,demo_clean,base,strict_paired_manifest,13,9660013,153ea61325cd024bde64fac909b76af2d2b6032f,1,4,0.34882211685180664,17.413423538208008
place_shoe,demo_clean,base,strict_paired_manifest,14,9660014,2db2922264570714347c9f4110627cb843e37ccd,1,3,0.2576413154602051,13.715102195739746
place_shoe,demo_clean,base,strict_paired_manifest,15,9660015,153ea61325cd024bde64fac909b76af2d2b6032f,1,4,0.3521285057067871,20.16231346130371
place_shoe,demo_clean,base,strict_paired_manifest,16,9660016,5fe706c3bbaa9ba55d89dda2876711a0762c13a9,1,3,0.26007890701293945,13.925483703613281
place_shoe,demo_clean,base,strict_paired_manifest,17,9660017,8d8fa9e5daf0ae3547b8dec20d1d01fae6a33209,1,4,0.3494539260864258,18.740371704101562
place_shoe,demo_clean,base,strict_paired_manifest,18,9660018,933e463a5ea0c034d607c3d66dda93d775d4b6e5,1,4,0.3445875644683838,16.710102081298828
place_shoe,demo_clean,base,strict_paired_manifest,19,9660019,613f29e11ecbcb9ab313e73bf3e598f228b84537,1,3,0.25760984420776367,13.025114059448242
place_shoe,demo_clean,ahs,strict_paired_manifest,0,9660000,08ea5cd912c8c1637fa4b4b3d5bdf4dd442492a8,1,8,5.902113914489746,24.07439422607422
place_shoe,demo_clean,ahs,strict_paired_manifest,1,9660001,2525da54404e25557b95dceb3c6910a81013c37f,1,6,0.5236763954162598,14.369552612304688
place_shoe,demo_clean,ahs,strict_paired_manifest,2,9660002,96e6a9efbe30b7a5bbdcf33b859ad89639dbb10e,1,5,0.43752622604370117,12.322112083435059
place_shoe,demo_clean,ahs,strict_paired_manifest,3,9660003,b6362cb07a09d440c87cc48910fae0ef71453a28,1,7,0.607393741607666,16.267473220825195
place_shoe,demo_clean,ahs,strict_paired_manifest,4,9660004,ab9e8f9ae3378decdbde9befe25ea7ed7202824a,1,7,0.6085677146911621,15.165183067321777
place_shoe,demo_clean,ahs,strict_paired_manifest,5,9660005,2d6c484444a033d5378728d88cae17b39531dba3,1,6,0.5218086242675781,16.875972747802734
place_shoe,demo_clean,ahs,strict_paired_manifest,6,9660006,e078b9ba63b31ce487ea1c09dc60d75c4bb656a0,0,21,1.8087847232818604,39.10081481933594
place_shoe,demo_clean,ahs,strict_paired_manifest,7,9660007,20ba513ed60e19b4641b92b9f349a6c3630076a6,1,5,0.4311103820800781,14.85666275024414
place_shoe,demo_clean,ahs,strict_paired_manifest,8,9660008,fe6acce7898493c498e57d5a36d2cd0bd9f0ab5e,1,8,0.6964066028594971,17.16671371459961
place_shoe,demo_clean,ahs,strict_paired_manifest,9,9660009,bc08d0007ac3684784a149d7147b06a8939a29e7,1,6,0.5199658870697021,12.76156997680664
place_shoe,demo_clean,ahs,strict_paired_manifest,10,9660010,cc10a44c602ce10d46e71b2b958192c828eb4bca,1,4,0.3542180061340332,14.953710556030273
place_shoe,demo_clean,ahs,strict_paired_manifest,11,9660011,bc4706a4edf84d74613c070c3a65a6d36a9ca5a7,0,21,1.8383805751800537,43.82913589477539
place_shoe,demo_clean,ahs,strict_paired_manifest,12,9660012,c238eade4128065a1fcb32da45e4ae367fb58a1e,1,6,0.5228817462921143,15.071370124816895
place_shoe,demo_clean,ahs,strict_paired_manifest,13,9660013,153ea61325cd024bde64fac909b76af2d2b6032f,1,6,0.5210862159729004,14.539894104003906
place_shoe,demo_clean,ahs,strict_paired_manifest,14,9660014,2db2922264570714347c9f4110627cb843e37ccd,1,7,0.6168787479400635,15.56430721282959
place_shoe,demo_clean,ahs,strict_paired_manifest,15,9660015,153ea61325cd024bde64fac909b76af2d2b6032f,1,7,0.6142306327819824,19.580753326416016
place_shoe,demo_clean,ahs,strict_paired_manifest,16,9660016,5fe706c3bbaa9ba55d89dda2876711a0762c13a9,1,6,0.5215702056884766,15.597055435180664
place_shoe,demo_clean,ahs,strict_paired_manifest,17,9660017,8d8fa9e5daf0ae3547b8dec20d1d01fae6a33209,1,7,0.6097197532653809,16.6397647857666
place_shoe,demo_clean,ahs,strict_paired_manifest,18,9660018,933e463a5ea0c034d607c3d66dda93d775d4b6e5,1,7,0.610541582107544,15.14783763885498
place_shoe,demo_clean,ahs,strict_paired_manifest,19,9660019,613f29e11ecbcb9ab313e73bf3e598f228b84537,1,6,0.5212714672088623,13.372970581054688
place_shoe,demo_randomized,base,unpaired_fallback,0,1346100000,cc10a44c602ce10d46e71b2b958192c828eb4bca,1,4,5.547826766967773,31.20351791381836
place_shoe,demo_randomized,base,unpaired_fallback,1,1346100001,cc29bdcc56e61f32084022a1d8c6ea4ea16cae9e,0,10,0.9037377834320068,52.33536911010742
place_shoe,demo_randomized,base,unpaired_fallback,2,1346100002,ffe227d51d4437ecf7ae34d1e2923db22d8252d5,1,7,0.6368701457977295,37.043582916259766
place_shoe,demo_randomized,base,unpaired_fallback,3,1346100003,4be3930af743ce30dd5e34064fefa9c6e7f52b23,0,10,0.9107744693756104,51.457916259765625
place_shoe,demo_randomized,base,unpaired_fallback,4,1346100004,188b6845358033adcabee51975071b70a4a559dd,1,4,0.365170955657959,23.232376098632812
place_shoe,demo_randomized,base,unpaired_fallback,5,1346100006,42e261bc9e8297b3a623cf470202b7e560c5dcee,1,3,0.27626943588256836,16.88433837890625
place_shoe,demo_randomized,base,unpaired_fallback,6,1346100007,231e2214e1ada098197421ce6509100833d16eed,1,3,0.2790029048919678,16.485260009765625
place_shoe,demo_randomized,base,unpaired_fallback,7,1346100008,21401e6a58933a9ed49ca2b0e11fd34b0c7ce603,1,3,0.2760002613067627,15.552728652954102
place_shoe,demo_randomized,base,unpaired_fallback,8,1346100009,f5ccc674f7d0b271681a200afa38877bb320fa0d,1,3,0.2771000862121582,16.359800338745117
place_shoe,demo_randomized,base,unpaired_fallback,9,1346100010,01d52844768f9ce30a606cbcd73f57dc82e9f171,1,3,0.27614736557006836,20.12225914001465
place_shoe,demo_randomized,base,unpaired_fallback,10,1346100011,d38c4578978fdc7211cc268dc57d46710e95947a,1,3,0.27349209785461426,17.189922332763672
place_shoe,demo_randomized,base,unpaired_fallback,11,1346100012,54b7257d6fc37957b7ad9170aabea057d7833714,1,3,0.2705521583557129,16.363327026367188
place_shoe,demo_randomized,base,unpaired_fallback,12,1346100013,b366c111b3c91e9046cf867d37da473f16f3306e,0,10,0.9116513729095459,53.04828643798828
place_shoe,demo_randomized,base,unpaired_fallback,13,1346100014,ee2909e8b7628fc457b57300b7fe57d7a6c17deb,1,7,0.6366918087005615,37.132293701171875
place_shoe,demo_randomized,base,unpaired_fallback,14,1346100016,66b662f4c95079556763331527210df50cfad4a5,1,3,0.2703697681427002,19.606416702270508
place_shoe,demo_randomized,base,unpaired_fallback,15,1346100017,b366c111b3c91e9046cf867d37da473f16f3306e,0,10,0.9051599502563477,51.74897766113281
place_shoe,demo_randomized,base,unpaired_fallback,16,1346100018,c318fbf6cf4d547bd71368236658de818695d2f9,1,5,0.449552059173584,27.453800201416016
place_shoe,demo_randomized,base,unpaired_fallback,17,1346100019,32ea2dca7fea036b31f4aa4d61b0c2c7f202529e,1,5,0.454622745513916,28.080934524536133
place_shoe,demo_randomized,base,unpaired_fallback,18,1346100021,565509421998c5ace3f59fb97f017c78b90b5c51,1,3,0.2753627300262451,17.04693603515625
place_shoe,demo_randomized,base,unpaired_fallback,19,1346100022,8fc9d1e6f53e2d9f34c3b5a41e44ad8766a018a8,0,10,0.9137976169586182,57.755184173583984
place_shoe,demo_randomized,ahs,unpaired_fallback,0,1347100000,c40c9cee70c2f24398cc8ee09c51960bbcb97a2d,0,20,7.214469909667969,61.202213287353516
place_shoe,demo_randomized,ahs,unpaired_fallback,1,1347100001,c05b0f5e458252ebc884bee79c5be2d891ede88f,1,9,0.8197212219238281,24.391822814941406
place_shoe,demo_randomized,ahs,unpaired_fallback,2,1347100002,4b12d9ff3d1ebc5d8923e31c926431b8c5ab70ae,1,6,0.5494730472564697,16.959959030151367
place_shoe,demo_randomized,ahs,unpaired_fallback,3,1347100003,b59ca96de914cad4aa6a4629c9b3df911822305c,1,7,0.6295709609985352,20.149526596069336
place_shoe,demo_randomized,ahs,unpaired_fallback,4,1347100004,0c6dce799c398ab871097088881509be5576590e,0,20,1.8196494579315186,57.641944885253906
place_shoe,demo_randomized,ahs,unpaired_fallback,5,1347100005,ee2909e8b7628fc457b57300b7fe57d7a6c17deb,0,21,1.9211726188659668,53.89516067504883
place_shoe,demo_randomized,ahs,unpaired_fallback,6,1347100006,76322357b7a4b82d1c9d1e23260c47ac3d904978,1,6,0.5574772357940674,16.08106803894043
place_shoe,demo_randomized,ahs,unpaired_fallback,7,1347100007,565509421998c5ace3f59fb97f017c78b90b5c51,1,7,0.641385555267334,21.308801651000977
place_shoe,demo_randomized,ahs,unpaired_fallback,8,1347100008,e3624984ac6df2c24de8b763774e5679fc7ccf3c,1,6,0.5547211170196533,18.257617950439453
place_shoe,demo_randomized,ahs,unpaired_fallback,9,1347100009,13afac333e491b6b0d0c85195f1621b34dbce3ba,1,5,0.465834379196167,17.829343795776367
place_shoe,demo_randomized,ahs,unpaired_fallback,10,1347100010,933e463a5ea0c034d607c3d66dda93d775d4b6e5,0,22,2.0126023292541504,53.486854553222656
place_shoe,demo_randomized,ahs,unpaired_fallback,11,1347100011,25fa26f09f568cf417f80fc8e687de9c03cf96bb,1,6,0.5518028736114502,17.44167137145996
place_shoe,demo_randomized,ahs,unpaired_fallback,12,1347100014,96e6a9efbe30b7a5bbdcf33b859ad89639dbb10e,1,7,0.639671802520752,21.128623962402344
place_shoe,demo_randomized,ahs,unpaired_fallback,13,1347100015,286989c4918195cc4034aebd3db23ceb50a7d962,0,18,1.638432502746582,52.07228088378906
place_shoe,demo_randomized,ahs,unpaired_fallback,14,1347100016,4a6fb9a33d0d3d5569397eed2983b6c0c720c818,0,20,1.826916217803955,62.448455810546875
place_shoe,demo_randomized,ahs,unpaired_fallback,15,1347100017,6bdc977fd479ca34dc532a70392aed8f8f088a83,0,19,1.7505912780761719,53.15983200073242
place_shoe,demo_randomized,ahs,unpaired_fallback,16,1347100019,e7f30580b259c91ce7488c73f9a6b058fe8eb65a,0,20,1.8238792419433594,53.817718505859375
place_shoe,demo_randomized,ahs,unpaired_fallback,17,1347100020,ddb3a963cc353f35591bd53b54780f53393bb2da,0,22,2.011960983276367,54.7839469909668
place_shoe,demo_randomized,ahs,unpaired_fallback,18,1347100021,f2d561395f051cc535992beccbafa116758b20fb,1,7,0.6425418853759766,19.97032928466797
place_shoe,demo_randomized,ahs,unpaired_fallback,19,1347100022,4f7c50c40d9091b80b4d2cf3c458908f3156896b,1,6,0.549199104309082,18.872356414794922
press_stapler,demo_clean,base,strict_paired_manifest,0,9670000,7a76e068a4ec1c4f582042af520fff905b488dae,1,2,5.388350486755371,16.337617874145508
press_stapler,demo_clean,base,strict_paired_manifest,1,9670001,8ebb0a977a148750f92fe56209fb8c3a56bcbc79,1,2,0.1724262237548828,8.090356826782227
press_stapler,demo_clean,base,strict_paired_manifest,2,9670002,07927da5d9cd424a5eaa1e1dfecd8b6e68025181,1,3,0.2599618434906006,11.871210098266602
press_stapler,demo_clean,base,strict_paired_manifest,3,9670003,bce56bd989968511b7fdcf8d4b08b2ea7c1abebb,1,2,0.17253637313842773,7.940647602081299
press_stapler,demo_clean,base,strict_paired_manifest,4,9670004,11021e7abbd33509a47db1e646ebffc1003a06a0,1,2,0.1721956729888916,8.336690902709961
press_stapler,demo_clean,base,strict_paired_manifest,5,9670005,57e7c2e1ee44f379e9b0683b318f6cc6ee6e4c3e,1,2,0.17362761497497559,11.012256622314453
press_stapler,demo_clean,base,strict_paired_manifest,6,9670006,b4613a9c061f2c546f594b071a33201a278a81fa,1,2,0.17089343070983887,7.904535293579102
press_stapler,demo_clean,base,strict_paired_manifest,7,9670007,913ab6ffa856971607b8ed1e52b767ed0adcfcb8,1,8,0.6891100406646729,30.736780166625977
press_stapler,demo_clean,base,strict_paired_manifest,8,9670008,26d1b0d599d93e68ab54541c5443466ea20a30c5,1,2,0.17174243927001953,7.825303077697754
press_stapler,demo_clean,base,strict_paired_manifest,9,9670009,11cfef3043839f8214598d98a81a96666ad22fcd,1,2,0.16934418678283691,8.449182510375977
press_stapler,demo_clean,base,strict_paired_manifest,10,9670010,47ddaf2cb45ac2ed65cc11a524a2ef885ee7a0a6,1,2,0.1765437126159668,10.812108993530273
press_stapler,demo_clean,base,strict_paired_manifest,11,9670011,e1f96f6097c878701a5165a8ad14e6aff08d6ac5,1,2,0.17127656936645508,8.39705753326416
press_stapler,demo_clean,base,strict_paired_manifest,12,9670012,87a64f3cfc84c86c85cba677012f143157e85af3,1,2,0.1696155071258545,8.072059631347656
press_stapler,demo_clean,base,strict_paired_manifest,13,9670013,379819f9b90dd354eeb76485db5a664bd997b09d,1,2,0.17221522331237793,8.246583938598633
press_stapler,demo_clean,base,strict_paired_manifest,14,9670014,9925dafc40c5be63efa2f729483d933a59fe1adb,1,3,0.25737714767456055,11.287419319152832
press_stapler,demo_clean,base,strict_paired_manifest,15,9670015,a4c04b84444639332a3aa644dc7b6944ec6e9436,1,2,0.17670464515686035,10.87739086151123
press_stapler,demo_clean,base,strict_paired_manifest,16,9670016,d252e1175c644d294deb063b2e5c94d5b1abc121,1,2,0.17290997505187988,8.4246826171875
press_stapler,demo_clean,base,strict_paired_manifest,17,9670017,c1bd2d64a30f7c8d6379577fafdf34faf7db38d3,1,2,0.17493629455566406,8.089615821838379
press_stapler,demo_clean,base,strict_paired_manifest,18,9670018,a9c4226a2f159e14671d1ea1c74ba61bad976d2e,1,3,0.25990867614746094,11.662328720092773
press_stapler,demo_clean,base,strict_paired_manifest,19,9670019,8c012a4566b09321036cd6d28dd6aca391b31209,1,2,0.17241311073303223,7.979043960571289
press_stapler,demo_clean,ahs,strict_paired_manifest,0,9670000,7a76e068a4ec1c4f582042af520fff905b488dae,0,18,6.527078628540039,40.98811721801758
press_stapler,demo_clean,ahs,strict_paired_manifest,1,9670001,8ebb0a977a148750f92fe56209fb8c3a56bcbc79,1,4,0.34743428230285645,7.884270668029785
press_stapler,demo_clean,ahs,strict_paired_manifest,2,9670002,07927da5d9cd424a5eaa1e1dfecd8b6e68025181,1,4,0.34746551513671875,7.654138088226318
press_stapler,demo_clean,ahs,strict_paired_manifest,3,9670003,bce56bd989968511b7fdcf8d4b08b2ea7c1abebb,1,4,0.34588003158569336,7.4719438552856445
press_stapler,demo_clean,ahs,strict_paired_manifest,4,9670004,11021e7abbd33509a47db1e646ebffc1003a06a0,1,4,0.34700727462768555,8.651982307434082
press_stapler,demo_clean,ahs,strict_paired_manifest,5,9670005,57e7c2e1ee44f379e9b0683b318f6cc6ee6e4c3e,1,5,0.43740153312683105,11.03708267211914
press_stapler,demo_clean,ahs,strict_paired_manifest,6,9670006,b4613a9c061f2c546f594b071a33201a278a81fa,1,4,0.3496222496032715,9.09903335571289
press_stapler,demo_clean,ahs,strict_paired_manifest,7,9670007,913ab6ffa856971607b8ed1e52b767ed0adcfcb8,1,5,0.4353163242340088,8.304879188537598
press_stapler,demo_clean,ahs,strict_paired_manifest,8,9670008,26d1b0d599d93e68ab54541c5443466ea20a30c5,1,4,0.3516056537628174,8.716413497924805
press_stapler,demo_clean,ahs,strict_paired_manifest,9,9670009,11cfef3043839f8214598d98a81a96666ad22fcd,1,5,0.43459010124206543,9.719663619995117
press_stapler,demo_clean,ahs,strict_paired_manifest,10,9670010,47ddaf2cb45ac2ed65cc11a524a2ef885ee7a0a6,0,21,1.8390486240386963,39.295616149902344
press_stapler,demo_clean,ahs,strict_paired_manifest,11,9670011,e1f96f6097c878701a5165a8ad14e6aff08d6ac5,1,6,0.5210788249969482,12.77927303314209
press_stapler,demo_clean,ahs,strict_paired_manifest,12,9670012,87a64f3cfc84c86c85cba677012f143157e85af3,1,4,0.34886741638183594,8.090633392333984
press_stapler,demo_clean,ahs,strict_paired_manifest,13,9670013,379819f9b90dd354eeb76485db5a664bd997b09d,1,4,0.3459615707397461,6.828950881958008
press_stapler,demo_clean,ahs,strict_paired_manifest,14,9670014,9925dafc40c5be63efa2f729483d933a59fe1adb,1,5,0.439821720123291,9.498160362243652
press_stapler,demo_clean,ahs,strict_paired_manifest,15,9670015,a4c04b84444639332a3aa644dc7b6944ec6e9436,1,4,0.35328173637390137,11.272966384887695
press_stapler,demo_clean,ahs,strict_paired_manifest,16,9670016,d252e1175c644d294deb063b2e5c94d5b1abc121,1,4,0.35230565071105957,7.187112808227539
press_stapler,demo_clean,ahs,strict_paired_manifest,17,9670017,c1bd2d64a30f7c8d6379577fafdf34faf7db38d3,1,4,0.34990906715393066,7.692162036895752
press_stapler,demo_clean,ahs,strict_paired_manifest,18,9670018,a9c4226a2f159e14671d1ea1c74ba61bad976d2e,1,5,0.43688344955444336,10.505313873291016
press_stapler,demo_clean,ahs,strict_paired_manifest,19,9670019,8c012a4566b09321036cd6d28dd6aca391b31209,1,4,0.3465690612792969,7.173855781555176
press_stapler,demo_randomized,base,unpaired_fallback,0,1350100000,57e7c2e1ee44f379e9b0683b318f6cc6ee6e4c3e,1,2,5.486649036407471,19.884035110473633
press_stapler,demo_randomized,base,unpaired_fallback,1,1350100001,460c471c899fe05cd1850af20211bc9e4b090af2,0,8,0.7249143123626709,38.0130729675293
press_stapler,demo_randomized,base,unpaired_fallback,2,1350100002,3bb21af4c83b474ef57296e28698957596e562d0,1,2,0.18361425399780273,11.388042449951172
press_stapler,demo_randomized,base,unpaired_fallback,3,1350100003,b94d9356ada168f25017f3f3ee2f0cf0242043fa,1,2,0.1848006248474121,11.683111190795898
press_stapler,demo_randomized,base,unpaired_fallback,4,1350100004,388e0c869a2dd4de59cb22be363c16e1fe5c120d,1,3,0.26998353004455566,18.409215927124023
press_stapler,demo_randomized,base,unpaired_fallback,5,1350100005,ad7e8e2d6e5e03c7f64e5abfa839c40f183c8e8b,0,8,0.7304346561431885,37.921875
press_stapler,demo_randomized,base,unpaired_fallback,6,1350100006,2bad794b6c51f222b421e99a3388d9633c8aa730,1,3,0.2759895324707031,16.473121643066406
press_stapler,demo_randomized,base,unpaired_fallback,7,1350100007,812fd2104c0871d7014a66610acbfe2dfa53ebac,0,8,0.7242553234100342,46.934696197509766
press_stapler,demo_randomized,base,unpaired_fallback,8,1350100008,ad7e8e2d6e5e03c7f64e5abfa839c40f183c8e8b,1,2,0.18523526191711426,11.247142791748047
press_stapler,demo_randomized,base,unpaired_fallback,9,1350100009,e2624bbbafa1daeb127f85b07a5d6aee5a444742,0,8,0.7329092025756836,42.20106887817383
press_stapler,demo_randomized,base,unpaired_fallback,10,1350100010,2cf510f4da33c256ae357c4aa8c7b4146953d112,0,8,0.7247016429901123,38.1107063293457
press_stapler,demo_randomized,base,unpaired_fallback,11,1350100011,f9739227fd790ffa46e444418c8fe473cd17b2b2,1,2,0.18155646324157715,11.181032180786133
press_stapler,demo_randomized,base,unpaired_fallback,12,1350100012,4b6b87a355c60f23acd8d815691c924cda185308,1,2,0.17902278900146484,12.384123802185059
press_stapler,demo_randomized,base,unpaired_fallback,13,1350100013,5b13c354e8e51fdf9811fcd55cda21247423e72b,0,8,0.7245519161224365,34.01860809326172
press_stapler,demo_randomized,base,unpaired_fallback,14,1350100014,45d3497b9b96cfb6d132b38ceecaf3158147b58e,1,2,0.18175196647644043,14.789701461791992
press_stapler,demo_randomized,base,unpaired_fallback,15,1350100015,65e1b2a1ca8ab8c539188524b44a23cdafb219fc,0,8,0.730506181716919,39.750457763671875
press_stapler,demo_randomized,base,unpaired_fallback,16,1350100016,ba84cc92b313578cbde9e2b08438e135c6699a28,1,3,0.27187514305114746,16.042613983154297
press_stapler,demo_randomized,base,unpaired_fallback,17,1350100017,81091bbf32cad4cdb705fce9204e7956fc7c2cfe,0,8,0.7274973392486572,39.30921173095703
press_stapler,demo_randomized,base,unpaired_fallback,18,1350100019,68b37a0d3dfa73c98d49710ea4a4a13e11b10a61,1,2,0.1864326000213623,10.981856346130371
press_stapler,demo_randomized,base,unpaired_fallback,19,1350100020,8e7db219633291bd62cd26c85447124812273076,1,2,0.18424081802368164,13.710916519165039
press_stapler,demo_randomized,ahs,unpaired_fallback,0,1351100000,c226851336956bb069e3d3f97bf942b796213809,1,4,5.702706336975098,18.832828521728516
press_stapler,demo_randomized,ahs,unpaired_fallback,1,1351100001,fd5780b7756e5617d0684bdc570cfe016ef82c95,0,14,1.2996292114257812,40.995670318603516
press_stapler,demo_randomized,ahs,unpaired_fallback,2,1351100002,5bf4ddf6e93a7ba286f524653c96bba351201aa7,0,15,1.3754799365997314,42.810264587402344
press_stapler,demo_randomized,ahs,unpaired_fallback,3,1351100004,d7dbc782de74c4f0c2a84a02b30ebb0cc6f50e94,1,4,0.36869287490844727,13.569107055664062
press_stapler,demo_randomized,ahs,unpaired_fallback,4,1351100005,0c35d0fb3e050870fd9ab27d7242db56cab06441,1,4,0.36873626708984375,14.71188735961914
press_stapler,demo_randomized,ahs,unpaired_fallback,5,1351100006,e1d5ffa2389d2b6e7214e1d2a08973e55b81cd57,1,4,0.36504411697387695,12.870030403137207
press_stapler,demo_randomized,ahs,unpaired_fallback,6,1351100007,5e873273552a25b46103a4b9b48776fe15a33ca9,1,5,0.4581758975982666,11.890007972717285
press_stapler,demo_randomized,ahs,unpaired_fallback,7,1351100008,7cc3eb768dea0b00fb73b86d880d7384cb410b08,0,19,1.7273576259613037,43.12123107910156
press_stapler,demo_randomized,ahs,unpaired_fallback,8,1351100009,44e4bacee6f9e909dadba0876fecebb7a8690637,1,4,0.36866283416748047,12.38883113861084
press_stapler,demo_randomized,ahs,unpaired_fallback,9,1351100010,60b8a7bdde9d05fb7c301a1017e8998d14069b16,1,5,0.46100282669067383,16.850379943847656
press_stapler,demo_randomized,ahs,unpaired_fallback,10,1351100011,03e6694b2d865005678e097555260bf980d3066c,1,4,0.3698103427886963,11.951034545898438
press_stapler,demo_randomized,ahs,unpaired_fallback,11,1351100012,a9c4226a2f159e14671d1ea1c74ba61bad976d2e,1,5,0.46062207221984863,13.431367874145508
press_stapler,demo_randomized,ahs,unpaired_fallback,12,1351100013,d1d223292d2e1d4bfc016f4ba0f13ede31803788,1,5,0.4571499824523926,12.499608993530273
press_stapler,demo_randomized,ahs,unpaired_fallback,13,1351100014,d3ea798808200cdea6c66b4ffb1ffef9ce344df7,1,3,0.2778925895690918,11.832308769226074
press_stapler,demo_randomized,ahs,unpaired_fallback,14,1351100015,bce56bd989968511b7fdcf8d4b08b2ea7c1abebb,1,4,0.36923766136169434,14.091607093811035
press_stapler,demo_randomized,ahs,unpaired_fallback,15,1351100016,c3b920a9062bddd5fe51edc46c7a3b58cec00675,1,3,0.27314162254333496,9.87474250793457
press_stapler,demo_randomized,ahs,unpaired_fallback,16,1351100022,9f75ce4579c5e0a0e66c7960a00b0a83ef996272,0,18,1.6474688053131104,40.06532669067383
press_stapler,demo_randomized,ahs,unpaired_fallback,17,1351100023,faf8bb4ae83bba5507ecff1fe55d359953f159d6,0,17,1.5628430843353271,42.68951416015625
press_stapler,demo_randomized,ahs,unpaired_fallback,18,1351100024,153d309dd1ef59e17853d7388105b1ec511add8e,0,15,1.3851733207702637,43.50935363769531
press_stapler,demo_randomized,ahs,unpaired_fallback,19,1351100025,eab108be254bf1fe3a353c3d464b46d1591791d3,1,4,0.3661987781524658,15.384183883666992
put_bottles_dustbin,demo_clean,base,strict_paired_manifest,0,9680000,e30a9ba9dce9668eb99f48189ba12d449bd29db3,0,34,8.15565013885498,160.28408813476562
put_bottles_dustbin,demo_clean,base,strict_paired_manifest,1,9680001,4155bfb4dfa11fea034449e1177302781cf377b8,1,13,1.1259355545043945,58.56880569458008
put_bottles_dustbin,demo_clean,base,strict_paired_manifest,2,9680002,93dafeeb0c945e669c99b696116bd9db27530b61,0,34,2.936777114868164,143.89598083496094
put_bottles_dustbin,demo_clean,base,strict_paired_manifest,3,9680003,52bdb729ae79929e5c80cb1a39178d449ed85ee2,1,13,1.1224424839019775,58.358184814453125
put_bottles_dustbin,demo_clean,base,strict_paired_manifest,4,9680004,488016519e28a7ca5c0af7dfc0f25b9a4dd0e8a0,1,13,1.1206209659576416,59.14264678955078
put_bottles_dustbin,demo_clean,base,strict_paired_manifest,5,9680005,cb00ebff184cf793c3ce0d6cc33d785a6fb9c140,0,34,2.9446465969085693,157.8131561279297
put_bottles_dustbin,demo_clean,base,strict_paired_manifest,6,9680006,9cf1c53711e7ad25b75627df5f231796777b87bb,1,13,1.1244151592254639,58.948036193847656
put_bottles_dustbin,demo_clean,base,strict_paired_manifest,7,9680007,7f25e5bd415ad29d134b4f42ee426ee3099a58fa,0,34,2.9323642253875732,144.71803283691406
put_bottles_dustbin,demo_clean,base,strict_paired_manifest,8,9680008,0c07117f2bb1e0f981c2c3541d88a204f7b6ce19,1,13,1.1173698902130127,58.2132453918457
put_bottles_dustbin,demo_clean,base,strict_paired_manifest,9,9680009,9b13ba85f02c7f15c2878bab953c7f83d5b36b59,1,12,1.0308001041412354,51.57491683959961
put_bottles_dustbin,demo_clean,base,strict_paired_manifest,10,9680010,bb649c05bc2688e2d917d058e67773167469503a,0,34,2.932072401046753,140.2940216064453
put_bottles_dustbin,demo_clean,base,strict_paired_manifest,11,9680011,2d8bb96d17c9b7c918703b0f6af2d51235c6daca,1,14,1.2023229598999023,61.84884262084961
put_bottles_dustbin,demo_clean,base,strict_paired_manifest,12,9680012,1502bc0240d55fe57c569ce388c131b299d65aa3,0,34,2.926210403442383,144.45765686035156
put_bottles_dustbin,demo_clean,base,strict_paired_manifest,13,9680013,88b58df763f1cd347264c235cc7b5289b1806932,0,34,2.916879177093506,153.14402770996094
put_bottles_dustbin,demo_clean,base,strict_paired_manifest,14,9680014,7c8ad6b91919c0e4080b6620094fbb488f9e3989,0,34,2.9285967350006104,150.78536987304688
put_bottles_dustbin,demo_clean,base,strict_paired_manifest,15,9680015,7aaabadf1cde940319c7e493658c189d95921b5e,1,13,1.1221628189086914,61.679161071777344
put_bottles_dustbin,demo_clean,base,strict_paired_manifest,16,9680016,a907a58e7753de75780cfa252590507cfbc9b01d,1,14,1.1982653141021729,61.82451248168945
put_bottles_dustbin,demo_clean,base,strict_paired_manifest,17,9680017,80f747fa92d8f81b2310df3dd91a2ebf6cd3133c,0,34,2.907076597213745,148.4816131591797
put_bottles_dustbin,demo_clean,base,strict_paired_manifest,18,9680018,47d206bdd47931b5a62cb876839ba6723548418d,0,34,2.9107401371002197,150.34698486328125
put_bottles_dustbin,demo_clean,base,strict_paired_manifest,19,9680019,488016519e28a7ca5c0af7dfc0f25b9a4dd0e8a0,0,34,2.908485174179077,138.75531005859375
put_bottles_dustbin,demo_clean,ahs,strict_paired_manifest,0,9680000,e30a9ba9dce9668eb99f48189ba12d449bd29db3,0,65,10.674944877624512,162.72933959960938
put_bottles_dustbin,demo_clean,ahs,strict_paired_manifest,1,9680001,4155bfb4dfa11fea034449e1177302781cf377b8,0,64,5.513003349304199,155.83462524414062
put_bottles_dustbin,demo_clean,ahs,strict_paired_manifest,2,9680002,93dafeeb0c945e669c99b696116bd9db27530b61,0,64,5.4802327156066895,147.08656311035156
put_bottles_dustbin,demo_clean,ahs,strict_paired_manifest,3,9680003,52bdb729ae79929e5c80cb1a39178d449ed85ee2,1,26,2.2178051471710205,57.28769302368164
put_bottles_dustbin,demo_clean,ahs,strict_paired_manifest,4,9680004,488016519e28a7ca5c0af7dfc0f25b9a4dd0e8a0,1,24,2.051501750946045,61.32347106933594
put_bottles_dustbin,demo_clean,ahs,strict_paired_manifest,5,9680005,cb00ebff184cf793c3ce0d6cc33d785a6fb9c140,0,60,5.134684085845947,150.10765075683594
put_bottles_dustbin,demo_clean,ahs,strict_paired_manifest,6,9680006,9cf1c53711e7ad25b75627df5f231796777b87bb,1,26,2.2274951934814453,61.980690002441406
put_bottles_dustbin,demo_clean,ahs,strict_paired_manifest,7,9680007,7f25e5bd415ad29d134b4f42ee426ee3099a58fa,0,65,5.579665184020996,149.90199279785156
put_bottles_dustbin,demo_clean,ahs,strict_paired_manifest,8,9680008,0c07117f2bb1e0f981c2c3541d88a204f7b6ce19,1,23,1.9641520977020264,58.485416412353516
put_bottles_dustbin,demo_clean,ahs,strict_paired_manifest,9,9680009,9b13ba85f02c7f15c2878bab953c7f83d5b36b59,1,20,1.715369701385498,43.61276626586914
put_bottles_dustbin,demo_clean,ahs,strict_paired_manifest,10,9680010,bb649c05bc2688e2d917d058e67773167469503a,1,16,1.371872901916504,36.256072998046875
put_bottles_dustbin,demo_clean,ahs,strict_paired_manifest,11,9680011,2d8bb96d17c9b7c918703b0f6af2d51235c6daca,1,26,2.2417819499969482,59.726776123046875
put_bottles_dustbin,demo_clean,ahs,strict_paired_manifest,12,9680012,1502bc0240d55fe57c569ce388c131b299d65aa3,1,23,1.9718499183654785,56.93187713623047
put_bottles_dustbin,demo_clean,ahs,strict_paired_manifest,13,9680013,88b58df763f1cd347264c235cc7b5289b1806932,1,26,2.226346015930176,60.84345245361328
put_bottles_dustbin,demo_clean,ahs,strict_paired_manifest,14,9680014,7c8ad6b91919c0e4080b6620094fbb488f9e3989,1,26,2.227360963821411,61.36347961425781
put_bottles_dustbin,demo_clean,ahs,strict_paired_manifest,15,9680015,7aaabadf1cde940319c7e493658c189d95921b5e,1,24,2.0538673400878906,65.03378295898438
put_bottles_dustbin,demo_clean,ahs,strict_paired_manifest,16,9680016,a907a58e7753de75780cfa252590507cfbc9b01d,1,25,2.1373393535614014,60.648765563964844
put_bottles_dustbin,demo_clean,ahs,strict_paired_manifest,17,9680017,80f747fa92d8f81b2310df3dd91a2ebf6cd3133c,0,67,5.732642650604248,156.26913452148438
put_bottles_dustbin,demo_clean,ahs,strict_paired_manifest,18,9680018,47d206bdd47931b5a62cb876839ba6723548418d,0,66,5.665266036987305,145.1334991455078
put_bottles_dustbin,demo_clean,ahs,strict_paired_manifest,19,9680019,488016519e28a7ca5c0af7dfc0f25b9a4dd0e8a0,1,20,1.706458568572998,46.49471664428711
put_bottles_dustbin,demo_randomized,base,strict_paired_manifest,0,9681000,f6a78364c845aba43f6e820360bbc063ded96a64,1,13,6.0599775314331055,68.77204132080078
put_bottles_dustbin,demo_randomized,base,strict_paired_manifest,1,9681001,f2915c7a7f030d7fdaf24e5c92b034fa92634c9a,0,34,2.7882158756256104,158.58306884765625
put_bottles_dustbin,demo_randomized,base,strict_paired_manifest,2,9681002,6de6e22237a1cf6b725c26293822f98c3c0d3f27,0,34,2.791421890258789,146.51820373535156
put_bottles_dustbin,demo_randomized,base,strict_paired_manifest,3,9681003,a907a58e7753de75780cfa252590507cfbc9b01d,1,11,0.8991918563842773,46.146575927734375
put_bottles_dustbin,demo_randomized,base,strict_paired_manifest,4,9681004,2a000f97f2f63691ce68a0b67291a2b9c59099d2,0,34,2.7867181301116943,131.4510498046875
put_bottles_dustbin,demo_randomized,base,strict_paired_manifest,5,9681005,87128ca0021a95d0d73ab46feeb0a6f5e8e5ce72,1,13,1.0645005702972412,58.039241790771484
put_bottles_dustbin,demo_randomized,base,strict_paired_manifest,6,9681006,06ad0b5df0f9ebe587921394c4248982c922ebad,1,10,0.8189249038696289,41.35676574707031
put_bottles_dustbin,demo_randomized,base,strict_paired_manifest,7,9681007,cf80bacfa2895aa41cc5658b9f1427aa8d81a560,0,34,2.7734484672546387,134.12319946289062
put_bottles_dustbin,demo_randomized,base,strict_paired_manifest,8,9681008,cf80bacfa2895aa41cc5658b9f1427aa8d81a560,1,11,0.8988759517669678,45.587406158447266
put_bottles_dustbin,demo_randomized,base,strict_paired_manifest,9,9681009,9ae2bec9b07bbafbda44904a7dc03ec6fadd1d63,0,34,2.778830051422119,146.2776336669922
put_bottles_dustbin,demo_randomized,base,strict_paired_manifest,10,9681010,619caa22309647036d5b7027f404da9e5c846551,1,13,1.0667810440063477,57.76246643066406
put_bottles_dustbin,demo_randomized,base,strict_paired_manifest,11,9681011,ec9c552b282c1da0aac0ca322ba3d97bf856f9f6,0,34,2.7860467433929443,140.2188720703125
put_bottles_dustbin,demo_randomized,base,strict_paired_manifest,12,9681012,0ccd49830d4d75b00f6a4d49808edc60271c039b,1,13,1.0650134086608887,55.049293518066406
put_bottles_dustbin,demo_randomized,base,strict_paired_manifest,13,9681013,a99be0117ba27f110981acfcfd0259fe02ab0fc9,1,11,0.8999760150909424,44.77957534790039
put_bottles_dustbin,demo_randomized,base,strict_paired_manifest,14,9681014,288d5a03eebf86e0168ed47dd344370bb2835904,0,34,2.783780097961426,131.97996520996094
put_bottles_dustbin,demo_randomized,base,strict_paired_manifest,15,9681015,29647dac77d1539e88ad36d1a17e1dd537021be6,0,34,2.791170358657837,137.23757934570312
put_bottles_dustbin,demo_randomized,base,strict_paired_manifest,16,9681016,bfa619bc20710c25d1b0778137a97d7602d48764,1,10,0.8217523097991943,41.90744400024414
put_bottles_dustbin,demo_randomized,base,strict_paired_manifest,17,9681017,4c8f2355e13cdf0a67269897c2a5f4297bbbc269,0,34,2.7832372188568115,142.82444763183594
put_bottles_dustbin,demo_randomized,base,strict_paired_manifest,18,9681018,94cc50da0ca0e34416bae678291c40baa4f33db4,1,10,0.8168628215789795,41.621028900146484
put_bottles_dustbin,demo_randomized,base,strict_paired_manifest,19,9681019,9977fdc502b3819b8b534829e1202385458ec63b,0,34,2.785100221633911,130.06515502929688
put_bottles_dustbin,demo_randomized,ahs,strict_paired_manifest,0,9681000,f6a78364c845aba43f6e820360bbc063ded96a64,0,71,10.895684242248535,169.76708984375
put_bottles_dustbin,demo_randomized,ahs,strict_paired_manifest,1,9681001,f2915c7a7f030d7fdaf24e5c92b034fa92634c9a,0,70,5.770269870758057,159.14996337890625
put_bottles_dustbin,demo_randomized,ahs,strict_paired_manifest,2,9681002,6de6e22237a1cf6b725c26293822f98c3c0d3f27,1,27,2.2255594730377197,59.34165573120117
put_bottles_dustbin,demo_randomized,ahs,strict_paired_manifest,3,9681003,a907a58e7753de75780cfa252590507cfbc9b01d,1,22,1.846412181854248,46.20393753051758
put_bottles_dustbin,demo_randomized,ahs,strict_paired_manifest,4,9681004,2a000f97f2f63691ce68a0b67291a2b9c59099d2,0,62,5.196235656738281,135.9376220703125
put_bottles_dustbin,demo_randomized,ahs,strict_paired_manifest,5,9681005,87128ca0021a95d0d73ab46feeb0a6f5e8e5ce72,1,24,2.00773024559021,57.48207092285156
put_bottles_dustbin,demo_randomized,ahs,strict_paired_manifest,6,9681006,06ad0b5df0f9ebe587921394c4248982c922ebad,1,18,1.5116777420043945,42.518009185791016
put_bottles_dustbin,demo_randomized,ahs,strict_paired_manifest,7,9681007,cf80bacfa2895aa41cc5658b9f1427aa8d81a560,0,67,5.600397109985352,147.64505004882812
put_bottles_dustbin,demo_randomized,ahs,strict_paired_manifest,8,9681008,cf80bacfa2895aa41cc5658b9f1427aa8d81a560,1,20,1.6704447269439697,45.52859115600586
put_bottles_dustbin,demo_randomized,ahs,strict_paired_manifest,9,9681009,9ae2bec9b07bbafbda44904a7dc03ec6fadd1d63,0,64,5.341172218322754,151.13560485839844
put_bottles_dustbin,demo_randomized,ahs,strict_paired_manifest,10,9681010,619caa22309647036d5b7027f404da9e5c846551,1,26,2.162123441696167,59.53166198730469
put_bottles_dustbin,demo_randomized,ahs,strict_paired_manifest,11,9681011,ec9c552b282c1da0aac0ca322ba3d97bf856f9f6,1,20,1.6225335597991943,40.42437744140625
put_bottles_dustbin,demo_randomized,ahs,strict_paired_manifest,12,9681012,0ccd49830d4d75b00f6a4d49808edc60271c039b,0,66,5.4158830642700195,135.88424682617188
put_bottles_dustbin,demo_randomized,ahs,strict_paired_manifest,13,9681013,a99be0117ba27f110981acfcfd0259fe02ab0fc9,1,21,1.7496356964111328,40.13581085205078
put_bottles_dustbin,demo_randomized,ahs,strict_paired_manifest,14,9681014,288d5a03eebf86e0168ed47dd344370bb2835904,0,66,5.395820140838623,136.49464416503906
put_bottles_dustbin,demo_randomized,ahs,strict_paired_manifest,15,9681015,29647dac77d1539e88ad36d1a17e1dd537021be6,1,24,2.0761516094207764,61.63488006591797
put_bottles_dustbin,demo_randomized,ahs,strict_paired_manifest,16,9681016,bfa619bc20710c25d1b0778137a97d7602d48764,0,68,5.786679267883301,148.78369140625
put_bottles_dustbin,demo_randomized,ahs,strict_paired_manifest,17,9681017,4c8f2355e13cdf0a67269897c2a5f4297bbbc269,1,26,2.203204393386841,60.093841552734375
put_bottles_dustbin,demo_randomized,ahs,strict_paired_manifest,18,9681018,94cc50da0ca0e34416bae678291c40baa4f33db4,1,21,1.8256239891052246,49.42790985107422
put_bottles_dustbin,demo_randomized,ahs,strict_paired_manifest,19,9681019,9977fdc502b3819b8b534829e1202385458ec63b,0,64,5.475747108459473,153.50352478027344
put_object_cabinet,demo_clean,base,strict_paired_manifest,0,9690000,f6c5433e4bac513a763e20a9b11fd6d0319aa690,1,5,5.7571516036987305,34.268245697021484
put_object_cabinet,demo_clean,base,strict_paired_manifest,1,9690001,f1b7c034c6bd51e175e0a5ce9cb7ce7df7ace7e1,1,5,0.44482994079589844,28.249237060546875
put_object_cabinet,demo_clean,base,strict_paired_manifest,2,9690002,dfe2fae1133067a2b61654a1ccc543fe98f0f705,0,14,1.2316772937774658,72.16211700439453
put_object_cabinet,demo_clean,base,strict_paired_manifest,3,9690003,f17225ed430ee0cd2f31fb0f827972284d4b2b01,0,14,1.286043643951416,66.29235076904297
put_object_cabinet,demo_clean,base,strict_paired_manifest,4,9690004,64e4dd18e5e48c4295dcf8445337521c41da9369,0,14,1.2646527290344238,68.6624755859375
put_object_cabinet,demo_clean,base,strict_paired_manifest,5,9690005,a871d40fd07d3a54558fce50abc173ecb73c649b,0,14,1.2629871368408203,72.9648666381836
put_object_cabinet,demo_clean,base,strict_paired_manifest,6,9690006,d137dd088a27e3a8ae140404577dc57042d30dc7,0,14,1.242954969406128,74.50431060791016
put_object_cabinet,demo_clean,base,strict_paired_manifest,7,9690007,bf0790dcf75b97a88b0a2802bedd5a0c8f58e545,0,14,1.2493922710418701,64.57449340820312
put_object_cabinet,demo_clean,base,strict_paired_manifest,8,9690008,aec4e9ed50235cb3c1739293f096e78498a0e114,0,14,1.2337806224822998,74.20651245117188
put_object_cabinet,demo_clean,base,strict_paired_manifest,9,9690009,76b19986aa908dc4280066da54ed01af514451f8,0,14,1.2599704265594482,68.61275482177734
put_object_cabinet,demo_clean,base,strict_paired_manifest,10,9690010,18a9c58b809a820a54bb6f61ae21732b37a149ae,0,14,1.2492785453796387,76.14009094238281
put_object_cabinet,demo_clean,base,strict_paired_manifest,11,9690011,5d9236a26db3d9bc44fc2bd9243623f37d193022,0,14,1.2628207206726074,65.8187484741211
put_object_cabinet,demo_clean,base,strict_paired_manifest,12,9690012,3079e5c6b4476f72a4c8e020a07fe70ba17a1be8,1,6,0.5289433002471924,32.200416564941406
put_object_cabinet,demo_clean,base,strict_paired_manifest,13,9690013,778fd0c83c7c06ec3b79195f790fa42f49f9bafb,1,6,0.52945876121521,34.1627197265625
put_object_cabinet,demo_clean,base,strict_paired_manifest,14,9690014,f2126074ff696c882b05e605d7b423e8f3eaaffe,1,6,0.5380876064300537,32.914833068847656
put_object_cabinet,demo_clean,base,strict_paired_manifest,15,9690015,7e4bbcf966c0494746b4dc6ae47d5acb5edb82c8,0,14,1.250894546508789,76.74309539794922
put_object_cabinet,demo_clean,base,strict_paired_manifest,16,9690016,be26336100adb04d9c9ee860a71c0b564c4026db,0,14,1.2355763912200928,74.00111389160156
put_object_cabinet,demo_clean,base,strict_paired_manifest,17,9690017,8c58aca0c3f45a4ec1e16919f4ebce74b0c67f21,0,14,1.2456581592559814,63.85884094238281
put_object_cabinet,demo_clean,base,strict_paired_manifest,18,9690018,4069291866542a80e36c948eef1485a6b7378e21,0,14,1.2405331134796143,64.26861572265625
put_object_cabinet,demo_clean,base,strict_paired_manifest,19,9690019,c8aeffd1deb29c55f2cb14ec31bbbb5a4c84fd18,0,14,1.2548143863677979,72.79496002197266
put_object_cabinet,demo_clean,ahs,strict_paired_manifest,0,9690000,f6c5433e4bac513a763e20a9b11fd6d0319aa690,1,12,6.452035903930664,36.897850036621094
put_object_cabinet,demo_clean,ahs,strict_paired_manifest,1,9690001,f1b7c034c6bd51e175e0a5ce9cb7ce7df7ace7e1,1,11,1.0065569877624512,29.500673294067383
put_object_cabinet,demo_clean,ahs,strict_paired_manifest,2,9690002,dfe2fae1133067a2b61654a1ccc543fe98f0f705,0,31,2.8038361072540283,79.31851196289062
put_object_cabinet,demo_clean,ahs,strict_paired_manifest,3,9690003,f17225ed430ee0cd2f31fb0f827972284d4b2b01,0,29,2.6235084533691406,77.14476776123047
put_object_cabinet,demo_clean,ahs,strict_paired_manifest,4,9690004,64e4dd18e5e48c4295dcf8445337521c41da9369,0,31,2.8655779361724854,72.95352935791016
put_object_cabinet,demo_clean,ahs,strict_paired_manifest,5,9690005,a871d40fd07d3a54558fce50abc173ecb73c649b,0,31,2.8671934604644775,77.71280670166016
put_object_cabinet,demo_clean,ahs,strict_paired_manifest,6,9690006,d137dd088a27e3a8ae140404577dc57042d30dc7,1,10,0.9197061061859131,30.329078674316406
put_object_cabinet,demo_clean,ahs,strict_paired_manifest,7,9690007,bf0790dcf75b97a88b0a2802bedd5a0c8f58e545,0,28,2.5096917152404785,66.20530700683594
put_object_cabinet,demo_clean,ahs,strict_paired_manifest,8,9690008,aec4e9ed50235cb3c1739293f096e78498a0e114,1,10,0.9055891036987305,31.640724182128906
put_object_cabinet,demo_clean,ahs,strict_paired_manifest,9,9690009,76b19986aa908dc4280066da54ed01af514451f8,0,34,3.0683040618896484,80.0597152709961
put_object_cabinet,demo_clean,ahs,strict_paired_manifest,10,9690010,18a9c58b809a820a54bb6f61ae21732b37a149ae,0,31,2.7886784076690674,81.29341125488281
put_object_cabinet,demo_clean,ahs,strict_paired_manifest,11,9690011,5d9236a26db3d9bc44fc2bd9243623f37d193022,0,28,2.5183193683624268,69.94383239746094
put_object_cabinet,demo_clean,ahs,strict_paired_manifest,12,9690012,3079e5c6b4476f72a4c8e020a07fe70ba17a1be8,1,10,0.9045555591583252,28.97732162475586
put_object_cabinet,demo_clean,ahs,strict_paired_manifest,13,9690013,778fd0c83c7c06ec3b79195f790fa42f49f9bafb,1,10,0.8982176780700684,29.063018798828125
put_object_cabinet,demo_clean,ahs,strict_paired_manifest,14,9690014,f2126074ff696c882b05e605d7b423e8f3eaaffe,1,10,0.9057650566101074,32.99150466918945
put_object_cabinet,demo_clean,ahs,strict_paired_manifest,15,9690015,7e4bbcf966c0494746b4dc6ae47d5acb5edb82c8,0,29,2.6382534503936768,87.31517028808594
put_object_cabinet,demo_clean,ahs,strict_paired_manifest,16,9690016,be26336100adb04d9c9ee860a71c0b564c4026db,0,26,2.3421783447265625,78.19454956054688
put_object_cabinet,demo_clean,ahs,strict_paired_manifest,17,9690017,8c58aca0c3f45a4ec1e16919f4ebce74b0c67f21,0,28,2.53674578666687,68.89924621582031
put_object_cabinet,demo_clean,ahs,strict_paired_manifest,18,9690018,4069291866542a80e36c948eef1485a6b7378e21,0,32,2.9124701023101807,74.33326721191406
put_object_cabinet,demo_clean,ahs,strict_paired_manifest,19,9690019,c8aeffd1deb29c55f2cb14ec31bbbb5a4c84fd18,0,31,2.8195016384124756,72.07234954833984
put_object_cabinet,demo_randomized,base,unpaired_fallback,0,1358100005,1658542ac567dc3757fa26aa84c37d33d62c4cde,0,14,6.433172225952148,93.58341979980469
put_object_cabinet,demo_randomized,base,unpaired_fallback,1,1358100008,cfc0b37e0e8ea764570543e73975fd825b4227e1,0,14,1.2766871452331543,74.20606994628906
put_object_cabinet,demo_randomized,base,unpaired_fallback,2,1358100031,9c064007c5a798e41f1d7c0a4cdefce944cf98dc,0,14,1.253718614578247,73.3487548828125
put_object_cabinet,demo_randomized,base,unpaired_fallback,3,1358100033,9522d2cff9980513a39d83feb1ccbf669efdc187,0,14,1.2604103088378906,74.5648193359375
put_object_cabinet,demo_randomized,base,unpaired_fallback,4,1358100037,71c61e42976142fef88fbe601f29ec2059b4f36a,0,14,1.2681920528411865,78.57319641113281
put_object_cabinet,demo_randomized,base,unpaired_fallback,5,1358100062,5cd9119e524f87dc5ff461d1dc1fa76ee5393e05,0,14,1.2751288414001465,74.35721588134766
put_object_cabinet,demo_randomized,base,unpaired_fallback,6,1358100069,0c15fcea88a50dd9c089eff1bdb1ba434da2aaf4,0,14,1.2785074710845947,81.46674346923828
put_object_cabinet,demo_randomized,base,unpaired_fallback,7,1358100070,661945c2b6c9091e26171a25120d6e925fc3696f,0,14,1.2815208435058594,72.89447784423828
put_object_cabinet,demo_randomized,base,unpaired_fallback,8,1358100090,f8b294ff4c11827e988793187dfd517a615b8e50,0,14,1.276292324066162,76.46849060058594
put_object_cabinet,demo_randomized,base,unpaired_fallback,9,1358100091,ccf24c2c604c57fb4c3a8645fad8e51a46e6f321,1,6,0.549100399017334,40.53417205810547
put_object_cabinet,demo_randomized,base,unpaired_fallback,10,1358100102,336d763b23c169651f35680ab48ac537ceb8bb82,1,6,0.5458929538726807,34.56562423706055
put_object_cabinet,demo_randomized,base,unpaired_fallback,11,1358100126,ea231148c96d3f00af0e5e3f8254c1685929520d,0,14,1.278365135192871,82.7713851928711
put_object_cabinet,demo_randomized,base,unpaired_fallback,12,1358100139,d80e4fce9ee316d1097727db09aa9a6dbee99aa0,1,6,0.5427374839782715,35.57256317138672
put_object_cabinet,demo_randomized,base,unpaired_fallback,13,1358100158,338fdcc1e0407b2a40df5520c4eb91269e6f71a9,0,14,1.2663240432739258,72.6512222290039
put_object_cabinet,demo_randomized,base,unpaired_fallback,14,1358100165,6db256e52518ae360d7394ff1a02faa4d66c6bb7,1,6,0.5543475151062012,40.96857452392578
put_object_cabinet,demo_randomized,base,unpaired_fallback,15,1358100170,d3b14bef258a6b83e9a67a6096d43833494118de,0,14,1.2755911350250244,79.16017150878906
put_object_cabinet,demo_randomized,base,unpaired_fallback,16,1358100191,80216d20389928cb413ed182af0c1a33abaad13e,0,14,1.2721896171569824,74.43022918701172
put_object_cabinet,demo_randomized,base,unpaired_fallback,17,1358100219,7dd881de2460493344c08163b917f30fa247b33f,0,14,1.2867133617401123,81.29540252685547
put_object_cabinet,demo_randomized,base,unpaired_fallback,18,1358100224,7930a125750bf6cd80138dbc90ac2743178b726d,0,14,1.2717459201812744,82.0173568725586
put_object_cabinet,demo_randomized,base,unpaired_fallback,19,1358100254,015a03bdcbdb227eb2bb47ac9124a3a39a97adee,0,14,1.2643773555755615,76.3871078491211
put_object_cabinet,demo_randomized,ahs,unpaired_fallback,0,1359100002,fd4ad6e4672b892913296509379cfae9c14d67fa,0,27,7.563227653503418,84.6861343383789
put_object_cabinet,demo_randomized,ahs,unpaired_fallback,1,1359100034,c834a5bbdef14c8e013ef1aa03a7e97848901741,0,30,2.7443220615386963,75.10674285888672
put_object_cabinet,demo_randomized,ahs,unpaired_fallback,2,1359100062,b56ba6d11636fa3b319dace1910a4415eb620dd3,1,11,1.0066351890563965,33.283084869384766
put_object_cabinet,demo_randomized,ahs,unpaired_fallback,3,1359100083,d82d7b6e764c6ecdeb664e8cd150efa29c26ff5a,0,27,2.466413974761963,81.55351257324219
put_object_cabinet,demo_randomized,ahs,unpaired_fallback,4,1359100088,82adcd8d4f440bec90ec0b2b3912fe686065b6de,0,31,2.8059191703796387,86.93833923339844
put_object_cabinet,demo_randomized,ahs,unpaired_fallback,5,1359100094,82adcd8d4f440bec90ec0b2b3912fe686065b6de,0,29,2.570063591003418,75.45016479492188
put_object_cabinet,demo_randomized,ahs,unpaired_fallback,6,1359100147,4be88788cd725173c8eb95ed17c507933c7bafd8,0,32,2.8843119144439697,80.10661315917969
put_object_cabinet,demo_randomized,ahs,unpaired_fallback,7,1359100149,a1adb0cb920f8adf813c34fdaa7fbfa0f4774342,0,31,2.791900396347046,71.4603271484375
put_object_cabinet,demo_randomized,ahs,unpaired_fallback,8,1359100195,d4edce9843c1bd3f2719596c9912662411f6ac4c,0,28,2.5033843517303467,74.22604370117188
put_object_cabinet,demo_randomized,ahs,unpaired_fallback,9,1359100200,abd690344a8ed29a49b29bcdced77427bc7b2482,0,33,2.9497950077056885,81.7719955444336
put_object_cabinet,demo_randomized,ahs,unpaired_fallback,10,1359100220,da34876cd8ee62b820abd304381e4b03a15e5530,0,26,2.3612918853759766,80.29490661621094
put_object_cabinet,demo_randomized,ahs,unpaired_fallback,11,1359100221,eddaaa821ba27c619b58e70ee20427474def86b5,0,29,2.6152238845825195,75.6788330078125
put_object_cabinet,demo_randomized,ahs,unpaired_fallback,12,1359100265,38d459f19e329f8884829b74bc4bc6bfbe1c3d4d,0,27,2.4430112838745117,77.67345428466797
put_object_cabinet,demo_randomized,ahs,unpaired_fallback,13,1359100278,ce71251902a1035a63c92f37f4686425b011e2cd,0,30,2.6787846088409424,76.29978942871094
put_object_cabinet,demo_randomized,ahs,unpaired_fallback,14,1359100288,0b5ae5945409641fd489c32771045a78b7d36308,0,32,2.8626186847686768,79.43148040771484
put_object_cabinet,demo_randomized,ahs,unpaired_fallback,15,1359100289,64e4dd18e5e48c4295dcf8445337521c41da9369,0,33,2.974447727203369,79.1315689086914
put_object_cabinet,demo_randomized,ahs,unpaired_fallback,16,1359100299,ddc6da824b7cd1620b53648859d98ad3f1c81a77,1,10,0.9015734195709229,34.91489791870117
put_object_cabinet,demo_randomized,ahs,unpaired_fallback,17,1359100311,1bd174eab9cb2372aa3fe6b4ec13f01bf67eacec,0,31,2.7446107864379883,77.93193054199219
put_object_cabinet,demo_randomized,ahs,unpaired_fallback,18,1359100313,773c6ba41f50d8fa90ac0704d9014632720873f1,0,28,2.5200397968292236,80.9994125366211
put_object_cabinet,demo_randomized,ahs,unpaired_fallback,19,1359100314,1503ef70afe3756319bfc0668d58531c19936685,1,10,0.899522066116333,35.0708122253418
rotate_qrcode,demo_clean,base,strict_paired_manifest,0,9700000,53218e012462c86c60720835c3c3cff9f3bcf91f,1,3,5.298747539520264,20.52052879333496
rotate_qrcode,demo_clean,base,strict_paired_manifest,1,9700001,92b2a3c139d9be3f0a72df3beec0fcaa219f78d1,1,3,0.2553703784942627,12.194934844970703
rotate_qrcode,demo_clean,base,strict_paired_manifest,2,9700002,dd8785f496baacc87bdececf7437e84cde4f7580,0,8,0.6814000606536865,30.274126052856445
rotate_qrcode,demo_clean,base,strict_paired_manifest,3,9700003,05a69462ea22679e956a066b891f3e999ba192fe,1,3,0.2570619583129883,12.378875732421875
rotate_qrcode,demo_clean,base,strict_paired_manifest,4,9700004,d34f7fe9ae45f292c250da7d22db15f953e2e987,1,3,0.2545337677001953,11.241308212280273
rotate_qrcode,demo_clean,base,strict_paired_manifest,5,9700005,242693d19bdf0de037df56040eea5c152bf814c7,1,3,0.2619161605834961,16.02696990966797
rotate_qrcode,demo_clean,base,strict_paired_manifest,6,9700006,851e3694f4531d5f796b635069dcba0e3ff7158c,1,3,0.25839996337890625,12.137628555297852
rotate_qrcode,demo_clean,base,strict_paired_manifest,7,9700007,7313e718d55b65de47ecbd7f5a7c15facd609a8b,1,4,0.33623600006103516,15.135990142822266
rotate_qrcode,demo_clean,base,strict_paired_manifest,8,9700008,54559a1fa115a204e7139f1e3f88be5b94206e37,1,3,0.2546064853668213,12.002986907958984
rotate_qrcode,demo_clean,base,strict_paired_manifest,9,9700009,e08a0f5f10298b16482eb82e732b6231bc716b00,0,8,0.678687572479248,28.840145111083984
rotate_qrcode,demo_clean,base,strict_paired_manifest,10,9700010,dc0281f92b17e4c9a7734eaaac934f8315848e38,1,3,0.2566952705383301,14.531177520751953
rotate_qrcode,demo_clean,base,strict_paired_manifest,11,9700011,ab54579dbea04226b9e750144259468f2d26e22a,0,8,0.6821448802947998,29.197954177856445
rotate_qrcode,demo_clean,base,strict_paired_manifest,12,9700012,e988935ed6a7a79b0314663cfbb3fe2a3f201644,1,6,0.508981466293335,21.391794204711914
rotate_qrcode,demo_clean,base,strict_paired_manifest,13,9700013,3370f33abc0c886211cd8f8cf84688b6452180c5,1,3,0.2556419372558594,12.255985260009766
rotate_qrcode,demo_clean,base,strict_paired_manifest,14,9700014,dd8785f496baacc87bdececf7437e84cde4f7580,1,3,0.25369954109191895,11.929018020629883
rotate_qrcode,demo_clean,base,strict_paired_manifest,15,9700015,7ce1ec5106389bbd60e9cfb2a2640ad3be178d92,1,6,0.5148665904998779,25.89182472229004
rotate_qrcode,demo_clean,base,strict_paired_manifest,16,9700016,af3ab600f38d29c3666f49a297da73c3191714c8,1,3,0.2528696060180664,11.89164924621582
rotate_qrcode,demo_clean,base,strict_paired_manifest,17,9700017,e988935ed6a7a79b0314663cfbb3fe2a3f201644,0,8,0.677074670791626,29.60520362854004
rotate_qrcode,demo_clean,base,strict_paired_manifest,18,9700018,3ee2ed2ba34241a64a9fea94e371e66ebdac797c,1,3,0.2509896755218506,11.757024765014648
rotate_qrcode,demo_clean,base,strict_paired_manifest,19,9700019,fe2772b642e1dff47b33f1e61c66363009d62bc7,1,3,0.2544229030609131,12.265961647033691
rotate_qrcode,demo_clean,ahs,strict_paired_manifest,0,9700000,53218e012462c86c60720835c3c3cff9f3bcf91f,1,7,5.918280124664307,21.48880386352539
rotate_qrcode,demo_clean,ahs,strict_paired_manifest,1,9700001,92b2a3c139d9be3f0a72df3beec0fcaa219f78d1,1,7,0.5987286567687988,13.63852310180664
rotate_qrcode,demo_clean,ahs,strict_paired_manifest,2,9700002,dd8785f496baacc87bdececf7437e84cde4f7580,0,16,1.376316785812378,32.6135368347168
rotate_qrcode,demo_clean,ahs,strict_paired_manifest,3,9700003,05a69462ea22679e956a066b891f3e999ba192fe,1,6,0.5098168849945068,12.153114318847656
rotate_qrcode,demo_clean,ahs,strict_paired_manifest,4,9700004,d34f7fe9ae45f292c250da7d22db15f953e2e987,1,7,0.6014928817749023,12.65967845916748
rotate_qrcode,demo_clean,ahs,strict_paired_manifest,5,9700005,242693d19bdf0de037df56040eea5c152bf814c7,1,6,0.5203151702880859,16.102773666381836
rotate_qrcode,demo_clean,ahs,strict_paired_manifest,6,9700006,851e3694f4531d5f796b635069dcba0e3ff7158c,1,7,0.5982787609100342,14.007243156433105
rotate_qrcode,demo_clean,ahs,strict_paired_manifest,7,9700007,7313e718d55b65de47ecbd7f5a7c15facd609a8b,1,5,0.4277162551879883,12.077372550964355
rotate_qrcode,demo_clean,ahs,strict_paired_manifest,8,9700008,54559a1fa115a204e7139f1e3f88be5b94206e37,1,5,0.428133487701416,12.05845832824707
rotate_qrcode,demo_clean,ahs,strict_paired_manifest,9,9700009,e08a0f5f10298b16482eb82e732b6231bc716b00,1,5,0.42545080184936523,11.993391036987305
rotate_qrcode,demo_clean,ahs,strict_paired_manifest,10,9700010,dc0281f92b17e4c9a7734eaaac934f8315848e38,1,6,0.5168309211730957,14.794841766357422
rotate_qrcode,demo_clean,ahs,strict_paired_manifest,11,9700011,ab54579dbea04226b9e750144259468f2d26e22a,0,17,1.4514622688293457,33.3597526550293
rotate_qrcode,demo_clean,ahs,strict_paired_manifest,12,9700012,e988935ed6a7a79b0314663cfbb3fe2a3f201644,1,7,0.5970423221588135,13.80737018585205
rotate_qrcode,demo_clean,ahs,strict_paired_manifest,13,9700013,3370f33abc0c886211cd8f8cf84688b6452180c5,1,5,0.4268219470977783,11.062518119812012
rotate_qrcode,demo_clean,ahs,strict_paired_manifest,14,9700014,dd8785f496baacc87bdececf7437e84cde4f7580,1,6,0.5134072303771973,12.57174301147461
rotate_qrcode,demo_clean,ahs,strict_paired_manifest,15,9700015,7ce1ec5106389bbd60e9cfb2a2640ad3be178d92,1,7,0.6050667762756348,16.1215763092041
rotate_qrcode,demo_clean,ahs,strict_paired_manifest,16,9700016,af3ab600f38d29c3666f49a297da73c3191714c8,1,5,0.42736172676086426,11.542613983154297
rotate_qrcode,demo_clean,ahs,strict_paired_manifest,17,9700017,e988935ed6a7a79b0314663cfbb3fe2a3f201644,0,17,1.453876256942749,29.606550216674805
rotate_qrcode,demo_clean,ahs,strict_paired_manifest,18,9700018,3ee2ed2ba34241a64a9fea94e371e66ebdac797c,1,6,0.5111536979675293,12.005587577819824
rotate_qrcode,demo_clean,ahs,strict_paired_manifest,19,9700019,fe2772b642e1dff47b33f1e61c66363009d62bc7,1,6,0.5106673240661621,12.926750183105469
rotate_qrcode,demo_randomized,base,unpaired_fallback,0,1362100001,f372f4a9b94b5e8bfdfd5c4a0bdeca75abf98639,0,8,6.164515495300293,49.28725051879883
rotate_qrcode,demo_randomized,base,unpaired_fallback,1,1362100002,b00e7ae2c8a0d559672fcdc808dad65d8b7fe086,1,3,0.27763891220092773,17.32213020324707
rotate_qrcode,demo_randomized,base,unpaired_fallback,2,1362100004,b00e7ae2c8a0d559672fcdc808dad65d8b7fe086,1,3,0.2716352939605713,17.10835075378418
rotate_qrcode,demo_randomized,base,unpaired_fallback,3,1362100005,9a5aacdd6040a1fedd3874eacb887d2101221643,0,8,0.7208802700042725,37.909244537353516
rotate_qrcode,demo_randomized,base,unpaired_fallback,4,1362100006,9ad6aa8fd80d708c703b8ad7c555037dba03b3c0,0,8,0.7212741374969482,43.79518508911133
rotate_qrcode,demo_randomized,base,unpaired_fallback,5,1362100007,19de256040058f58575654261790215dca2fb0ae,0,8,0.7171688079833984,39.76895523071289
rotate_qrcode,demo_randomized,base,unpaired_fallback,6,1362100009,691b13bf069be43c739147afda253cead03759a6,1,3,0.26695966720581055,13.68327808380127
rotate_qrcode,demo_randomized,base,unpaired_fallback,7,1362100010,cab91985bf0301fa116ddf30241987a64dec54a3,0,8,0.7147655487060547,41.46598434448242
rotate_qrcode,demo_randomized,base,unpaired_fallback,8,1362100011,2f69979820e7498c7b8b78a9b6d76b9df2d6730b,0,8,0.7195053100585938,36.36318588256836
rotate_qrcode,demo_randomized,base,unpaired_fallback,9,1362100012,4bca0a579aca5f71cc4522e394af21cc0484f6dc,1,3,0.27010035514831543,18.586578369140625
rotate_qrcode,demo_randomized,base,unpaired_fallback,10,1362100013,6bd541223d2d95498ea322440a9c39990050cd73,0,8,0.7115962505340576,43.308223724365234
rotate_qrcode,demo_randomized,base,unpaired_fallback,11,1362100014,a74baac71689e2b5629001aca9def5ac4ba11e10,0,8,0.7183599472045898,40.93635559082031
rotate_qrcode,demo_randomized,base,unpaired_fallback,12,1362100015,f8eb11ff49996ef0a93b67f4c501edf6dc5a3238,1,3,0.2644643783569336,11.976455688476562
rotate_qrcode,demo_randomized,base,unpaired_fallback,13,1362100016,bf6f1f8936a806c3a4ddfdd220184befb5e501d7,0,8,0.7263369560241699,43.647010803222656
rotate_qrcode,demo_randomized,base,unpaired_fallback,14,1362100017,c3dbf7011f6f9991ea23681748213756f4919f3a,1,3,0.26393938064575195,18.720182418823242
rotate_qrcode,demo_randomized,base,unpaired_fallback,15,1362100018,d2e2a8279170b5c1a9a315f51ff11986f4870e45,0,8,0.7206676006317139,38.725685119628906
rotate_qrcode,demo_randomized,base,unpaired_fallback,16,1362100019,70c4fdbbe097e21dd416e6ee1e27ebbecc553490,0,8,0.7231156826019287,38.59159851074219
rotate_qrcode,demo_randomized,base,unpaired_fallback,17,1362100020,94a83a47ae184336c8cde227a47046e22e6dd6e8,0,8,0.7088112831115723,38.29060745239258
rotate_qrcode,demo_randomized,base,unpaired_fallback,18,1362100021,b9a3c5de94bc03c470d5cf574ac0195f9f841429,0,8,0.7086548805236816,38.946170806884766
rotate_qrcode,demo_randomized,base,unpaired_fallback,19,1362100022,6a0b060b3f4f6d666443c5d9d05efd2605fe26d9,0,8,0.7179138660430908,45.72642135620117
rotate_qrcode,demo_randomized,ahs,unpaired_fallback,0,1363100000,9f213aa44fcd5dbde97cdfcb47c73bc2fe2a6189,0,15,6.595298767089844,50.85514450073242
rotate_qrcode,demo_randomized,ahs,unpaired_fallback,1,1363100001,6c7d0a2dc0696c88b88352a443ada5b0aed7605c,0,17,1.5493013858795166,45.3282585144043
rotate_qrcode,demo_randomized,ahs,unpaired_fallback,2,1363100002,92b2a3c139d9be3f0a72df3beec0fcaa219f78d1,0,18,1.6539671421051025,47.11500549316406
rotate_qrcode,demo_randomized,ahs,unpaired_fallback,3,1363100003,c32d51878785d1a34c5b7f3e26b2303e2411b82c,0,13,1.1861937046051025,42.21799087524414
rotate_qrcode,demo_randomized,ahs,unpaired_fallback,4,1363100004,fe2772b642e1dff47b33f1e61c66363009d62bc7,1,7,0.635260820388794,22.87765884399414
rotate_qrcode,demo_randomized,ahs,unpaired_fallback,5,1363100005,4940fabce4237796a9c02d89d716d196223e593a,0,18,1.6121385097503662,41.47935104370117
rotate_qrcode,demo_randomized,ahs,unpaired_fallback,6,1363100007,27209e4ad604d30d1d34a1fc3398abf7b155aa49,0,18,1.647799015045166,41.8840217590332
rotate_qrcode,demo_randomized,ahs,unpaired_fallback,7,1363100008,bcb3a78ff894d3867ff8cc1d5651034d983c8611,1,12,1.0984306335449219,31.892236709594727
rotate_qrcode,demo_randomized,ahs,unpaired_fallback,8,1363100011,a9b406ed49eb7a7afa6072f3cf3e34b27d868c26,0,17,1.5328657627105713,40.23435974121094
rotate_qrcode,demo_randomized,ahs,unpaired_fallback,9,1363100012,242693d19bdf0de037df56040eea5c152bf814c7,1,7,0.628849983215332,21.227521896362305
rotate_qrcode,demo_randomized,ahs,unpaired_fallback,10,1363100013,83f1daef955d209d4c04e8f7a8e912d1453f84c1,0,20,1.795419454574585,48.83250427246094
rotate_qrcode,demo_randomized,ahs,unpaired_fallback,11,1363100014,bf6f1f8936a806c3a4ddfdd220184befb5e501d7,0,18,1.6102707386016846,44.968101501464844
rotate_qrcode,demo_randomized,ahs,unpaired_fallback,12,1363100015,f8eb11ff49996ef0a93b67f4c501edf6dc5a3238,0,18,1.6252961158752441,43.5623664855957
rotate_qrcode,demo_randomized,ahs,unpaired_fallback,13,1363100016,4940fabce4237796a9c02d89d716d196223e593a,0,17,1.5128521919250488,44.0648193359375
rotate_qrcode,demo_randomized,ahs,unpaired_fallback,14,1363100017,d34f7fe9ae45f292c250da7d22db15f953e2e987,1,6,0.5420479774475098,19.057119369506836
rotate_qrcode,demo_randomized,ahs,unpaired_fallback,15,1363100018,bf6f1f8936a806c3a4ddfdd220184befb5e501d7,1,6,0.5364110469818115,17.45557975769043
rotate_qrcode,demo_randomized,ahs,unpaired_fallback,16,1363100019,f6014c0d6f66eec481a41417ae10eca54605a136,0,17,1.514446496963501,42.97557830810547
rotate_qrcode,demo_randomized,ahs,unpaired_fallback,17,1363100020,c8bc365d94fc6816db7f14bd7b65c3804c9f25d9,1,6,0.551532506942749,15.733064651489258
rotate_qrcode,demo_randomized,ahs,unpaired_fallback,18,1363100021,2f69979820e7498c7b8b78a9b6d76b9df2d6730b,0,15,1.3641998767852783,41.69123458862305
rotate_qrcode,demo_randomized,ahs,unpaired_fallback,19,1363100022,6d9785fd369df95f9c9016fa0f7bea4ebb296c7b,0,18,1.623084306716919,44.47534942626953
scan_object,demo_clean,base,strict_paired_manifest,0,9710000,f50f8f5d956a10125ef6948eb5a35b2fdcdcd0ec,0,10,6.035013198852539,47.69112014770508
scan_object,demo_clean,base,strict_paired_manifest,1,9710001,ab60d81098c26862afa3df2e08f09b15ad82717a,1,4,0.3392348289489746,17.84340476989746
scan_object,demo_clean,base,strict_paired_manifest,2,9710002,89983c44244e71bfaac536732f9aa833113b2960,0,10,0.8447158336639404,41.7904167175293
scan_object,demo_clean,base,strict_paired_manifest,3,9710003,fca88b50f8736c3811c72a69bd65581755a963ae,0,10,0.8542313575744629,39.5334587097168
scan_object,demo_clean,base,strict_paired_manifest,4,9710004,3dc4266fe01fdf421149a300c8db5aa7f5b8d140,0,10,0.8542447090148926,42.15544509887695
scan_object,demo_clean,base,strict_paired_manifest,5,9710005,b258f7c25a22b90c6987bd2f50dbecdd9a42c372,0,10,0.8531599044799805,43.809505462646484
scan_object,demo_clean,base,strict_paired_manifest,6,9710006,7cb35d8dad4d3e2c30dbe9bc42b9d745ce263965,1,4,0.34053826332092285,17.59510612487793
scan_object,demo_clean,base,strict_paired_manifest,7,9710007,4fa22f847f46ce921d3fe9433c647a7e2d45743f,0,10,0.8524606227874756,40.38449478149414
scan_object,demo_clean,base,strict_paired_manifest,8,9710008,63299da40131da30688f867fce013a214137f069,0,10,0.8460626602172852,41.800575256347656
scan_object,demo_clean,base,strict_paired_manifest,9,9710009,acc57e5c50f23755d7b1bd43eb9e5e7866904740,0,10,0.8506629467010498,42.34388732910156
scan_object,demo_clean,base,strict_paired_manifest,10,9710010,088403160a15e9e3f1bd8d482ce83e13bc253d6d,1,4,0.3435218334197998,20.04783821105957
scan_object,demo_clean,base,strict_paired_manifest,11,9710011,b5dc5265138888cfa9468fbf26ce712395959773,0,10,0.8482322692871094,40.14404296875
scan_object,demo_clean,base,strict_paired_manifest,12,9710012,04d3e9d29d55fa0ace33bb55cc234eed5c27f276,0,10,0.8482706546783447,41.01954650878906
scan_object,demo_clean,base,strict_paired_manifest,13,9710013,1172f5d91da1a42a1bab79cee5ecedb788e86ee2,0,10,0.844355583190918,39.73735809326172
scan_object,demo_clean,base,strict_paired_manifest,14,9710014,536d805e4769e52764c1cc3fcb1319d44d8bfbbe,1,4,0.3392202854156494,18.36351776123047
scan_object,demo_clean,base,strict_paired_manifest,15,9710015,3f76f61d9609558af825cd40e68811474d5a768e,0,10,0.8553078174591064,46.84592056274414
scan_object,demo_clean,base,strict_paired_manifest,16,9710016,9a04f1671c18651006a2010c3c5165dabde2d6d5,0,10,0.8490495681762695,40.4073600769043
scan_object,demo_clean,base,strict_paired_manifest,17,9710017,2d4e59e4525739b231254b48fbc8530e994fbdec,0,10,0.8477532863616943,43.01528549194336
scan_object,demo_clean,base,strict_paired_manifest,18,9710018,77d76692ea2fe3d763df5d31f2554ed9f717f935,0,10,0.8491477966308594,39.25806427001953
scan_object,demo_clean,base,strict_paired_manifest,19,9710019,bbb7d0f427358a8e05e9f60110ae4a8c780d92df,0,10,0.8491146564483643,43.4626350402832
scan_object,demo_clean,ahs,strict_paired_manifest,0,9710000,f50f8f5d956a10125ef6948eb5a35b2fdcdcd0ec,0,24,7.223520755767822,51.61754608154297
scan_object,demo_clean,ahs,strict_paired_manifest,1,9710001,ab60d81098c26862afa3df2e08f09b15ad82717a,1,8,0.6829304695129395,16.58086395263672
scan_object,demo_clean,ahs,strict_paired_manifest,2,9710002,89983c44244e71bfaac536732f9aa833113b2960,0,18,1.5281364917755127,43.013877868652344
scan_object,demo_clean,ahs,strict_paired_manifest,3,9710003,fca88b50f8736c3811c72a69bd65581755a963ae,1,8,0.6834337711334229,17.41688346862793
scan_object,demo_clean,ahs,strict_paired_manifest,4,9710004,3dc4266fe01fdf421149a300c8db5aa7f5b8d140,0,21,1.7944610118865967,44.557735443115234
scan_object,demo_clean,ahs,strict_paired_manifest,5,9710005,b258f7c25a22b90c6987bd2f50dbecdd9a42c372,0,19,1.6317925453186035,44.89250183105469
scan_object,demo_clean,ahs,strict_paired_manifest,6,9710006,7cb35d8dad4d3e2c30dbe9bc42b9d745ce263965,1,8,0.6880838871002197,16.940263748168945
scan_object,demo_clean,ahs,strict_paired_manifest,7,9710007,4fa22f847f46ce921d3fe9433c647a7e2d45743f,0,21,1.803635597229004,41.75267791748047
scan_object,demo_clean,ahs,strict_paired_manifest,8,9710008,63299da40131da30688f867fce013a214137f069,0,18,1.5417671203613281,43.20240783691406
scan_object,demo_clean,ahs,strict_paired_manifest,9,9710009,acc57e5c50f23755d7b1bd43eb9e5e7866904740,0,22,1.878523588180542,44.03297424316406
scan_object,demo_clean,ahs,strict_paired_manifest,10,9710010,088403160a15e9e3f1bd8d482ce83e13bc253d6d,1,8,0.6835501194000244,20.642009735107422
scan_object,demo_clean,ahs,strict_paired_manifest,11,9710011,b5dc5265138888cfa9468fbf26ce712395959773,0,20,1.7153956890106201,43.21882247924805
scan_object,demo_clean,ahs,strict_paired_manifest,12,9710012,04d3e9d29d55fa0ace33bb55cc234eed5c27f276,1,6,0.5131022930145264,15.231188774108887
scan_object,demo_clean,ahs,strict_paired_manifest,13,9710013,1172f5d91da1a42a1bab79cee5ecedb788e86ee2,1,9,0.7693126201629639,20.755441665649414
scan_object,demo_clean,ahs,strict_paired_manifest,14,9710014,536d805e4769e52764c1cc3fcb1319d44d8bfbbe,1,7,0.6003580093383789,16.68570899963379
scan_object,demo_clean,ahs,strict_paired_manifest,15,9710015,3f76f61d9609558af825cd40e68811474d5a768e,0,22,1.8772995471954346,48.84049606323242
scan_object,demo_clean,ahs,strict_paired_manifest,16,9710016,9a04f1671c18651006a2010c3c5165dabde2d6d5,0,22,1.8851075172424316,42.36888122558594
scan_object,demo_clean,ahs,strict_paired_manifest,17,9710017,2d4e59e4525739b231254b48fbc8530e994fbdec,0,17,1.4603102207183838,43.49238967895508
scan_object,demo_clean,ahs,strict_paired_manifest,18,9710018,77d76692ea2fe3d763df5d31f2554ed9f717f935,1,6,0.515803337097168,14.0175142288208
scan_object,demo_clean,ahs,strict_paired_manifest,19,9710019,bbb7d0f427358a8e05e9f60110ae4a8c780d92df,0,22,1.8798582553863525,46.766944885253906
scan_object,demo_randomized,base,unpaired_fallback,0,1366100004,356758a31ea5d405e41d95df87301ff7725d1383,0,10,6.156991481781006,56.796993255615234
scan_object,demo_randomized,base,unpaired_fallback,1,1366100006,16663144a452ecfd2c97ab44e101fd4830e03560,0,10,0.910259485244751,48.921295166015625
scan_object,demo_randomized,base,unpaired_fallback,2,1366100007,2881751b5dba68a2663fb8adf546ff8b8285f84e,0,10,0.9045999050140381,45.99736404418945
scan_object,demo_randomized,base,unpaired_fallback,3,1366100010,24136206a0d78455032ef339a455e622a49b99f4,0,10,0.8915045261383057,47.68927001953125
scan_object,demo_randomized,base,unpaired_fallback,4,1366100014,27693769a89fc63fce091d7df761012a5a158302,1,4,0.3670496940612793,24.605449676513672
scan_object,demo_randomized,base,unpaired_fallback,5,1366100015,ef7a0650e8201568e1ab5f1b578baca1d1d715ab,0,10,0.9052481651306152,49.189064025878906
scan_object,demo_randomized,base,unpaired_fallback,6,1366100021,ee19642a7adb1ac4a71df94ece699906bceaceeb,0,10,0.8935136795043945,50.78577423095703
scan_object,demo_randomized,base,unpaired_fallback,7,1366100024,47317f445c994ccd0bbc8600f02df1d188e11de7,0,10,0.9055335521697998,50.02000427246094
scan_object,demo_randomized,base,unpaired_fallback,8,1366100028,5372569edaea3758100e75c29d0923990f5f0189,0,10,0.8899424076080322,45.971065521240234
scan_object,demo_randomized,base,unpaired_fallback,9,1366100029,925fd9e5ac2c7c4e6fc03a2349927ea228c3ce16,0,10,0.8971829414367676,49.22795104980469
scan_object,demo_randomized,base,unpaired_fallback,10,1366100030,f64af178c4e861ab54af77fedd859a37ebc22e30,1,4,0.35608935356140137,22.526702880859375
scan_object,demo_randomized,base,unpaired_fallback,11,1366100041,91a1fa22c79451878fc24aef7add169b14edc2b4,0,10,0.9031586647033691,47.2135124206543
scan_object,demo_randomized,base,unpaired_fallback,12,1366100045,32cbebe06b1e0d43c668ab46a2509883b0a34f14,0,10,0.895550012588501,49.43813705444336
scan_object,demo_randomized,base,unpaired_fallback,13,1366100052,1774f51c53c88f8b0135db704c2741a30fbf236f,1,4,0.35407376289367676,20.94776153564453
scan_object,demo_randomized,base,unpaired_fallback,14,1366100053,f358b5fc0aa40560723f43e377c1041850a53157,0,10,0.8723757266998291,48.45531463623047
scan_object,demo_randomized,base,unpaired_fallback,15,1366100056,780ac27d24e152dcb0a4110c85fde406c9aa793c,1,10,0.8919517993927002,45.1136589050293
scan_object,demo_randomized,base,unpaired_fallback,16,1366100057,4960225f9726b87f6dd4c6c7a1407107e8703875,0,10,0.8868865966796875,47.27899932861328
scan_object,demo_randomized,base,unpaired_fallback,17,1366100059,a19f314059e495e0730e8e9aeeedf2c1f2739d88,0,10,0.9028596878051758,47.73176574707031
scan_object,demo_randomized,base,unpaired_fallback,18,1366100061,02373cae8831c42c2eb4638cf4cfc18348b11595,0,10,0.8973274230957031,46.64739990234375
scan_object,demo_randomized,base,unpaired_fallback,19,1366100062,703ecfa613a31a9e3f54269f3112d87f604bca0a,0,10,0.9044287204742432,51.39521026611328
scan_object,demo_randomized,ahs,unpaired_fallback,0,1367100001,1ce1a9a770a6dde58a01f2b3f816bbb956b0db4f,1,7,5.885281562805176,29.37987518310547
scan_object,demo_randomized,ahs,unpaired_fallback,1,1367100004,2a22188873ed20162ff6e3671f7c5bd79a86d1eb,0,19,1.708284616470337,52.377071380615234
scan_object,demo_randomized,ahs,unpaired_fallback,2,1367100010,0ea26bf36b7fa113f1064cc09e3b3256091e6cc7,1,8,0.7136573791503906,21.488304138183594
scan_object,demo_randomized,ahs,unpaired_fallback,3,1367100011,72d4cd36c266c1c73b0c9fa006509aab07ceb5f0,1,7,0.6372694969177246,21.265859603881836
scan_object,demo_randomized,ahs,unpaired_fallback,4,1367100012,f96a525f673ae38bc8e8813e71a73ffe45a92583,1,8,0.7306571006774902,24.292949676513672
scan_object,demo_randomized,ahs,unpaired_fallback,5,1367100016,193f52396f271dc6fbcf387eb797a12ef55d5bdf,0,18,1.6275279521942139,49.76988983154297
scan_object,demo_randomized,ahs,unpaired_fallback,6,1367100017,8e6f74bdaa33a0ce39ca8a41f3b0345cc890cce9,0,20,1.8102824687957764,51.82392883300781
scan_object,demo_randomized,ahs,unpaired_fallback,7,1367100018,aa098aaa1989e56f1154997f48d0988ecab741be,0,18,1.6423168182373047,55.693729400634766
scan_object,demo_randomized,ahs,unpaired_fallback,8,1367100020,0e30c49fb76a2151d2ea88b5aea6eeef54f513f2,1,6,0.5484397411346436,16.991411209106445
scan_object,demo_randomized,ahs,unpaired_fallback,9,1367100021,0c92d859d29d00ee4218261d965b4f11649f8447,1,7,0.6350736618041992,21.759183883666992
scan_object,demo_randomized,ahs,unpaired_fallback,10,1367100025,39bfb0d96568726bad5fb3eca8c9140ae5939a87,1,7,0.641944408416748,20.193180084228516
scan_object,demo_randomized,ahs,unpaired_fallback,11,1367100030,d0170427e79e11d9e22bd59952ad95d8d54dd5ef,1,7,0.6401596069335938,20.061729431152344
scan_object,demo_randomized,ahs,unpaired_fallback,12,1367100038,fde9ae6c5bd34fa452b5e26d1e679e25d7e84efe,0,19,1.718064546585083,51.065330505371094
scan_object,demo_randomized,ahs,unpaired_fallback,13,1367100047,677f957d7a0ad7e24eeaa1bceb89e07f6403ff5c,0,18,1.8304812908172607,50.34293746948242
scan_object,demo_randomized,ahs,unpaired_fallback,14,1367100050,2108ff8a3dccbbd35da7d8772c9781abf2c7b868,1,7,0.6381700038909912,21.09585952758789
scan_object,demo_randomized,ahs,unpaired_fallback,15,1367100051,33728849ff2d6a1eacb385caab930a7102386c39,1,7,0.638892650604248,18.19232940673828
scan_object,demo_randomized,ahs,unpaired_fallback,16,1367100052,74fe7f6f08820da62c086692dfe1534e4b7460bd,0,17,1.5480446815490723,53.119171142578125
scan_object,demo_randomized,ahs,unpaired_fallback,17,1367100054,ab44ff81df4d6359eaa1dc3c3c11bbdfa19debfd,0,18,1.634922981262207,51.857147216796875
scan_object,demo_randomized,ahs,unpaired_fallback,18,1367100058,f7bfaf8a2ec49545e9e5fe62c93e9b1812e0df80,0,21,1.92048978805542,54.22859191894531
scan_object,demo_randomized,ahs,unpaired_fallback,19,1367100060,4b3db146a16b4cb3dbdd15e2482c6efd7105f280,0,18,1.6384851932525635,52.93387222290039
shake_bottle,demo_clean,base,strict_paired_manifest,0,9720000,87149725d00badb812408fbccd6c64e05ab8220e,1,3,5.2928667068481445,19.225265502929688
shake_bottle,demo_clean,base,strict_paired_manifest,1,9720001,ac7fe7a6907cf48ce1d2bb0b2dc83df3cc61cb72,1,3,0.2527766227722168,11.0027494430542
shake_bottle,demo_clean,base,strict_paired_manifest,2,9720002,aa4577be6ccc4e373ae4192aa5c8d9e5473dde96,1,2,0.16915416717529297,7.8111724853515625
shake_bottle,demo_clean,base,strict_paired_manifest,3,9720003,610c03f0a9087fcf0b3dc709e7c5a378b0abdb84,1,2,0.1693737506866455,8.011775970458984
shake_bottle,demo_clean,base,strict_paired_manifest,4,9720005,c8e380c15f338c5a36a416477846c83f0104bb3d,1,3,0.2536766529083252,10.996082305908203
shake_bottle,demo_clean,base,strict_paired_manifest,5,9720007,bb8502e1a24a7cfa4d81098c8214813206c19010,1,2,0.17087936401367188,11.058611869812012
shake_bottle,demo_clean,base,strict_paired_manifest,6,9720008,901563a88afdbea0b1e1f697e1dfc3533d1cea7a,1,2,0.16766881942749023,7.9397735595703125
shake_bottle,demo_clean,base,strict_paired_manifest,7,9720009,844f6621b71224598c8119761c234896894879f2,1,2,0.17086458206176758,8.237821578979492
shake_bottle,demo_clean,base,strict_paired_manifest,8,9720012,6aba84e5921bfb08959d17e6d2668b600c01a4aa,1,2,0.16898250579833984,7.700971603393555
shake_bottle,demo_clean,base,strict_paired_manifest,9,9720013,7d1e9e127d0c89969005e20ed389df5e6d17ab51,1,2,0.16786766052246094,7.681263446807861
shake_bottle,demo_clean,base,strict_paired_manifest,10,9720014,2504b02571a64ba46ea20e58c111641afe85b144,1,3,0.2574806213378906,14.075875282287598
shake_bottle,demo_clean,base,strict_paired_manifest,11,9720017,3924bed1d0d9018aa6504cac2d20fd41785a8d00,1,2,0.17009663581848145,8.166696548461914
shake_bottle,demo_clean,base,strict_paired_manifest,12,9720019,6898cfb66fd3b5bd422c39b57622a16dc8a6e54b,1,2,0.16800689697265625,7.422171592712402
shake_bottle,demo_clean,base,strict_paired_manifest,13,9720020,da5951d29ec4b3eb9141673ba7d7e0e8d1303b57,1,3,0.25348591804504395,11.381813049316406
shake_bottle,demo_clean,base,strict_paired_manifest,14,9720021,72dce053fbcabe8bd24fcc630cffda122bedc707,1,2,0.16977643966674805,7.098847389221191
shake_bottle,demo_clean,base,strict_paired_manifest,15,9720024,5612ab464720c3c37c6c9b706785ec892e37b781,1,1,0.08799195289611816,6.977066516876221
shake_bottle,demo_clean,base,strict_paired_manifest,16,9720026,81b5c665a3983eea23a853e3a0f9ce1be085fc74,1,2,0.1677684783935547,7.949069023132324
shake_bottle,demo_clean,base,strict_paired_manifest,17,9720027,d953f09cbf6cd9bf8131a4ade5d71f443b9b8e29,1,2,0.17012786865234375,8.158831596374512
shake_bottle,demo_clean,base,strict_paired_manifest,18,9720030,765060431c8db4b7c836d9926e35adc1f9f7f4e2,1,3,0.25394415855407715,11.088107109069824
shake_bottle,demo_clean,base,strict_paired_manifest,19,9720031,a5f8a8dc1619152917d4b6021e5988feabf18231,1,2,0.1704707145690918,7.826024055480957
shake_bottle,demo_clean,ahs,strict_paired_manifest,0,9720000,87149725d00badb812408fbccd6c64e05ab8220e,1,5,5.438261032104492,17.402515411376953
shake_bottle,demo_clean,ahs,strict_paired_manifest,1,9720001,ac7fe7a6907cf48ce1d2bb0b2dc83df3cc61cb72,1,5,0.42584872245788574,9.813724517822266
shake_bottle,demo_clean,ahs,strict_paired_manifest,2,9720002,aa4577be6ccc4e373ae4192aa5c8d9e5473dde96,1,4,0.3425126075744629,8.015268325805664
shake_bottle,demo_clean,ahs,strict_paired_manifest,3,9720003,610c03f0a9087fcf0b3dc709e7c5a378b0abdb84,1,5,0.4248809814453125,9.345680236816406
shake_bottle,demo_clean,ahs,strict_paired_manifest,4,9720005,c8e380c15f338c5a36a416477846c83f0104bb3d,1,4,0.3430032730102539,8.673709869384766
shake_bottle,demo_clean,ahs,strict_paired_manifest,5,9720007,bb8502e1a24a7cfa4d81098c8214813206c19010,1,4,0.3449850082397461,11.055286407470703
shake_bottle,demo_clean,ahs,strict_paired_manifest,6,9720008,901563a88afdbea0b1e1f697e1dfc3533d1cea7a,1,4,0.34054040908813477,8.071046829223633
shake_bottle,demo_clean,ahs,strict_paired_manifest,7,9720009,844f6621b71224598c8119761c234896894879f2,1,4,0.3390352725982666,8.670402526855469
shake_bottle,demo_clean,ahs,strict_paired_manifest,8,9720012,6aba84e5921bfb08959d17e6d2668b600c01a4aa,1,3,0.2544536590576172,7.000149726867676
shake_bottle,demo_clean,ahs,strict_paired_manifest,9,9720013,7d1e9e127d0c89969005e20ed389df5e6d17ab51,1,3,0.2579495906829834,6.490710258483887
shake_bottle,demo_clean,ahs,strict_paired_manifest,10,9720014,2504b02571a64ba46ea20e58c111641afe85b144,1,4,0.3445284366607666,11.898686408996582
shake_bottle,demo_clean,ahs,strict_paired_manifest,11,9720017,3924bed1d0d9018aa6504cac2d20fd41785a8d00,1,4,0.34049439430236816,8.704608917236328
shake_bottle,demo_clean,ahs,strict_paired_manifest,12,9720019,6898cfb66fd3b5bd422c39b57622a16dc8a6e54b,1,4,0.340731143951416,7.238716125488281
shake_bottle,demo_clean,ahs,strict_paired_manifest,13,9720020,da5951d29ec4b3eb9141673ba7d7e0e8d1303b57,1,4,0.34263086318969727,9.406866073608398
shake_bottle,demo_clean,ahs,strict_paired_manifest,14,9720021,72dce053fbcabe8bd24fcc630cffda122bedc707,1,2,0.16875052452087402,5.273869514465332
shake_bottle,demo_clean,ahs,strict_paired_manifest,15,9720024,5612ab464720c3c37c6c9b706785ec892e37b781,1,4,0.34578585624694824,11.105790138244629
shake_bottle,demo_clean,ahs,strict_paired_manifest,16,9720026,81b5c665a3983eea23a853e3a0f9ce1be085fc74,1,3,0.2546555995941162,7.52341365814209
shake_bottle,demo_clean,ahs,strict_paired_manifest,17,9720027,d953f09cbf6cd9bf8131a4ade5d71f443b9b8e29,1,4,0.3449223041534424,9.709264755249023
shake_bottle,demo_clean,ahs,strict_paired_manifest,18,9720030,765060431c8db4b7c836d9926e35adc1f9f7f4e2,1,4,0.34200358390808105,9.122968673706055
shake_bottle,demo_clean,ahs,strict_paired_manifest,19,9720031,a5f8a8dc1619152917d4b6021e5988feabf18231,1,4,0.34012937545776367,7.920100212097168
shake_bottle,demo_randomized,base,unpaired_fallback,0,1370100000,599e4b751fc2a7a618e1de31275d4605b537f7c7,1,2,5.309713363647461,19.758203506469727
shake_bottle,demo_randomized,base,unpaired_fallback,1,1370100001,56f37d052ffbba7b04cb5308ceede15aada9ca2a,1,2,0.18627166748046875,11.466894149780273
shake_bottle,demo_randomized,base,unpaired_fallback,2,1370100002,2d7b4528ce0beb46c056d495e6c391f654e35c3e,1,2,0.17931294441223145,11.196029663085938
shake_bottle,demo_randomized,base,unpaired_fallback,3,1370100003,2a34187e8e6fccde39bbe96189887eec170cc7fc,1,2,0.18473458290100098,11.03924560546875
shake_bottle,demo_randomized,base,unpaired_fallback,4,1370100005,de3c86c0c7f8938620470522858572b4cfd2f83f,1,3,0.27486610412597656,18.33955955505371
shake_bottle,demo_randomized,base,unpaired_fallback,5,1370100008,5612ab464720c3c37c6c9b706785ec892e37b781,1,2,0.18446850776672363,11.224996566772461
shake_bottle,demo_randomized,base,unpaired_fallback,6,1370100010,5f974d297e75ee890a5e4c5038f4bee1d229cffb,1,2,0.1814563274383545,11.334305763244629
shake_bottle,demo_randomized,base,unpaired_fallback,7,1370100011,2d7b4528ce0beb46c056d495e6c391f654e35c3e,1,2,0.18101763725280762,10.509531021118164
shake_bottle,demo_randomized,base,unpaired_fallback,8,1370100012,d3ce8a31ca8a7040ceea8771b6f0da5d7e3e2084,1,2,0.18128395080566406,10.61376953125
shake_bottle,demo_randomized,base,unpaired_fallback,9,1370100013,e5357f10a4eb28d999dc849fe2680914e457cf9c,1,2,0.18654417991638184,13.739960670471191
shake_bottle,demo_randomized,base,unpaired_fallback,10,1370100017,af932a73f80e0d09b5c6e39f192ddbc68565ff4c,1,2,0.18523788452148438,11.77725601196289
shake_bottle,demo_randomized,base,unpaired_fallback,11,1370100018,9b5dc777dd0fd6460ddcc70de7bd3ad76e44a153,1,2,0.18066191673278809,11.721503257751465
shake_bottle,demo_randomized,base,unpaired_fallback,12,1370100019,0eb62b9cd20ae1ca00e015bffccd26f9dbe52dfa,1,2,0.18220019340515137,11.270654678344727
shake_bottle,demo_randomized,base,unpaired_fallback,13,1370100020,c54131d7cd92400a9e209752236c69e403e19803,1,2,0.1815662384033203,10.312644958496094
shake_bottle,demo_randomized,base,unpaired_fallback,14,1370100021,6e2198e667129c5e95e93aa046089257092cb84b,1,2,0.18471288681030273,15.600190162658691
shake_bottle,demo_randomized,base,unpaired_fallback,15,1370100023,8c5d581bc571db912893e0ee5825a77f7accdbad,1,2,0.17902445793151855,11.28049373626709
shake_bottle,demo_randomized,base,unpaired_fallback,16,1370100025,2538fdd7e0da21ebd0d214930b637200f54c8528,1,2,0.18169546127319336,11.358804702758789
shake_bottle,demo_randomized,base,unpaired_fallback,17,1370100026,41ea0e622bbf2ab38568982ba02279a9e829877c,1,2,0.1823585033416748,10.833041191101074
shake_bottle,demo_randomized,base,unpaired_fallback,18,1370100028,ebd57171bcf287ac462900939330d2594cd6cfab,1,1,0.08873271942138672,6.2929182052612305
shake_bottle,demo_randomized,base,unpaired_fallback,19,1370100029,729e1ec327305ccc48107789e426956caf047c4f,1,2,0.1860201358795166,13.504006385803223
shake_bottle,demo_randomized,ahs,unpaired_fallback,0,1371100001,e23da7d705549a20265878ba75ab03d893341a45,1,4,5.453213214874268,20.092369079589844
shake_bottle,demo_randomized,ahs,unpaired_fallback,1,1371100007,e37939157c628ecbdebc778563b74faba25c3b48,1,3,0.2752244472503662,11.085060119628906
shake_bottle,demo_randomized,ahs,unpaired_fallback,2,1371100008,844f6621b71224598c8119761c234896894879f2,1,5,0.45624256134033203,10.414233207702637
shake_bottle,demo_randomized,ahs,unpaired_fallback,3,1371100010,bea35d10f59ee60390f100bafe0b8570846d7c93,1,5,0.4544820785522461,12.991191864013672
shake_bottle,demo_randomized,ahs,unpaired_fallback,4,1371100011,a4a5fe53e33052c0458c37f38ff74ffcb4f370a6,1,5,0.4603757858276367,16.36231803894043
shake_bottle,demo_randomized,ahs,unpaired_fallback,5,1371100012,e37939157c628ecbdebc778563b74faba25c3b48,1,5,0.45885515213012695,13.264427185058594
shake_bottle,demo_randomized,ahs,unpaired_fallback,6,1371100013,0db0bc461e0e9a6af32466143706264cee83ce91,1,5,0.45342421531677246,13.482522964477539
shake_bottle,demo_randomized,ahs,unpaired_fallback,7,1371100015,d3ce8a31ca8a7040ceea8771b6f0da5d7e3e2084,1,4,0.3614919185638428,11.961738586425781
shake_bottle,demo_randomized,ahs,unpaired_fallback,8,1371100016,894dc0ae7d612bfc1024826d10a2f612055154aa,1,5,0.45849609375,11.835611343383789
shake_bottle,demo_randomized,ahs,unpaired_fallback,9,1371100017,87149725d00badb812408fbccd6c64e05ab8220e,1,3,0.268096923828125,13.205740928649902
shake_bottle,demo_randomized,ahs,unpaired_fallback,10,1371100018,22ef620a07017a46d3ae0072132f32b60f92dce3,1,4,0.35451340675354004,11.605173110961914
shake_bottle,demo_randomized,ahs,unpaired_fallback,11,1371100020,a1fd8c0a54994b38814e81a7287e17c5a95c48d3,1,3,0.2670273780822754,8.799139976501465
shake_bottle,demo_randomized,ahs,unpaired_fallback,12,1371100021,ebd57171bcf287ac462900939330d2594cd6cfab,1,4,0.3623826503753662,10.605623245239258
shake_bottle,demo_randomized,ahs,unpaired_fallback,13,1371100022,5395dafb6703c4d9c638169346c74140180b4e16,1,5,0.4455137252807617,13.51220703125
shake_bottle,demo_randomized,ahs,unpaired_fallback,14,1371100023,00688ba8112a8d16c756de362feff3711c84d22f,1,5,0.4435746669769287,16.0125732421875
shake_bottle,demo_randomized,ahs,unpaired_fallback,15,1371100024,7a17880de057008285f1c2340f3441afdf2ef82f,1,5,0.4471266269683838,12.863253593444824
shake_bottle,demo_randomized,ahs,unpaired_fallback,16,1371100025,2538fdd7e0da21ebd0d214930b637200f54c8528,1,4,0.35834503173828125,10.717620849609375
shake_bottle,demo_randomized,ahs,unpaired_fallback,17,1371100028,ad68b1898d417c47cc34867f90a9beccecce6736,1,5,0.44684886932373047,13.466190338134766
shake_bottle,demo_randomized,ahs,unpaired_fallback,18,1371100030,146d8b18e14cba5080b6777787cbc61d72bce6cb,1,4,0.36171865463256836,10.767427444458008
shake_bottle,demo_randomized,ahs,unpaired_fallback,19,1371100036,bdb94850661541808f0689f064bfe25f1dde8092,1,4,0.35713768005371094,14.611757278442383
shake_bottle_horizontally,demo_clean,base,strict_paired_manifest,0,9730000,c128eb755c225c782397c19371ee7ab507b084a6,1,2,5.189304351806641,16.241943359375
shake_bottle_horizontally,demo_clean,base,strict_paired_manifest,1,9730001,32342bd23d0b5145870c99bc0b5ab35f931dab77,1,3,0.25268054008483887,11.168769836425781
shake_bottle_horizontally,demo_clean,base,strict_paired_manifest,2,9730003,3a7d993e0c0f0adb06b5626a2afb0ea9880a8abf,1,3,0.2545325756072998,10.955208778381348
shake_bottle_horizontally,demo_clean,base,strict_paired_manifest,3,9730004,d48e264da04961e6036fab99ab554165bdd30696,1,2,0.1694042682647705,7.723747253417969
shake_bottle_horizontally,demo_clean,base,strict_paired_manifest,4,9730007,41270f521304742d2c3963644243e5f0d0acc835,1,2,0.1696796417236328,7.710272312164307
shake_bottle_horizontally,demo_clean,base,strict_paired_manifest,5,9730008,80cf3401ae3038237d27f9db59c249a994913d80,1,3,0.25570058822631836,13.798502922058105
shake_bottle_horizontally,demo_clean,base,strict_paired_manifest,6,9730009,26e23a1d93eee5f3d4f9ce01a9b360cbb6b59e5b,1,3,0.251941442489624,11.331811904907227
shake_bottle_horizontally,demo_clean,base,strict_paired_manifest,7,9730011,75ec08de12111074518c5397cd3b7dc159f23688,1,3,0.2558560371398926,11.09502124786377
shake_bottle_horizontally,demo_clean,base,strict_paired_manifest,8,9730015,9e511edcd8503c5ee9706ef2b8a0b02116e46b66,1,2,0.17022109031677246,8.202406883239746
shake_bottle_horizontally,demo_clean,base,strict_paired_manifest,9,9730017,4e54d68606649a42010fc528680946dc831cc3af,1,2,0.16854596138000488,7.7580976486206055
shake_bottle_horizontally,demo_clean,base,strict_paired_manifest,10,9730018,da0f2f050353343a33b0f15deb140c0663d1cb48,1,2,0.17243170738220215,10.592445373535156
shake_bottle_horizontally,demo_clean,base,strict_paired_manifest,11,9730020,ce21b9ebfe0f767bdb48dd184a4abd53ef60429c,1,2,0.16812753677368164,7.5918731689453125
shake_bottle_horizontally,demo_clean,base,strict_paired_manifest,12,9730023,af7f4854dadc978af97a216365d5ed1c32a52e8e,1,2,0.16992783546447754,8.2896089553833
shake_bottle_horizontally,demo_clean,base,strict_paired_manifest,13,9730024,86eb4eafde01e89a27d6fbb9109dfb91d3cf958c,1,3,0.2549140453338623,11.10883617401123
shake_bottle_horizontally,demo_clean,base,strict_paired_manifest,14,9730025,fb1ce726ecf37171d0c966f2c6d871062097d262,1,3,0.25502967834472656,11.272134780883789
shake_bottle_horizontally,demo_clean,base,strict_paired_manifest,15,9730026,5ee6bb7e39ffb86bb31971244a23eb664a94eecd,1,2,0.17275643348693848,10.739347457885742
shake_bottle_horizontally,demo_clean,base,strict_paired_manifest,16,9730027,270742eb35d3e7571168980f1ad8261cbae7b4a1,1,3,0.2545053958892822,11.247011184692383
shake_bottle_horizontally,demo_clean,base,strict_paired_manifest,17,9730028,1a532e3bd0d306df014b025806764f447f5e97c5,1,2,0.16946983337402344,8.253458023071289
shake_bottle_horizontally,demo_clean,base,strict_paired_manifest,18,9730029,cee0a6e17933310b89b8cd91789167a5c1407d39,1,3,0.25351643562316895,10.588423728942871
shake_bottle_horizontally,demo_clean,base,strict_paired_manifest,19,9730030,5a9676cca359e0ffecece8f0b52149fbdda3ef4d,1,2,0.16913890838623047,8.222597122192383
shake_bottle_horizontally,demo_clean,ahs,strict_paired_manifest,0,9730000,c128eb755c225c782397c19371ee7ab507b084a6,1,5,5.566973686218262,17.1956729888916
shake_bottle_horizontally,demo_clean,ahs,strict_paired_manifest,1,9730001,32342bd23d0b5145870c99bc0b5ab35f931dab77,1,5,0.42632007598876953,10.095059394836426
shake_bottle_horizontally,demo_clean,ahs,strict_paired_manifest,2,9730003,3a7d993e0c0f0adb06b5626a2afb0ea9880a8abf,1,5,0.42521238327026367,9.051836967468262
shake_bottle_horizontally,demo_clean,ahs,strict_paired_manifest,3,9730004,d48e264da04961e6036fab99ab554165bdd30696,1,4,0.3419375419616699,8.13070297241211
shake_bottle_horizontally,demo_clean,ahs,strict_paired_manifest,4,9730007,41270f521304742d2c3963644243e5f0d0acc835,1,5,0.42455363273620605,8.923731803894043
shake_bottle_horizontally,demo_clean,ahs,strict_paired_manifest,5,9730008,80cf3401ae3038237d27f9db59c249a994913d80,1,4,0.3399162292480469,11.605220794677734
shake_bottle_horizontally,demo_clean,ahs,strict_paired_manifest,6,9730009,26e23a1d93eee5f3d4f9ce01a9b360cbb6b59e5b,1,5,0.42811083793640137,9.446806907653809
shake_bottle_horizontally,demo_clean,ahs,strict_paired_manifest,7,9730011,75ec08de12111074518c5397cd3b7dc159f23688,1,4,0.33951830863952637,8.848928451538086
shake_bottle_horizontally,demo_clean,ahs,strict_paired_manifest,8,9730015,9e511edcd8503c5ee9706ef2b8a0b02116e46b66,1,5,0.42636752128601074,10.472431182861328
shake_bottle_horizontally,demo_clean,ahs,strict_paired_manifest,9,9730017,4e54d68606649a42010fc528680946dc831cc3af,1,3,0.2579329013824463,7.2633161544799805
shake_bottle_horizontally,demo_clean,ahs,strict_paired_manifest,10,9730018,da0f2f050353343a33b0f15deb140c0663d1cb48,1,4,0.34815025329589844,10.980351448059082
shake_bottle_horizontally,demo_clean,ahs,strict_paired_manifest,11,9730020,ce21b9ebfe0f767bdb48dd184a4abd53ef60429c,1,3,0.25617480278015137,7.32807731628418
shake_bottle_horizontally,demo_clean,ahs,strict_paired_manifest,12,9730023,af7f4854dadc978af97a216365d5ed1c32a52e8e,1,5,0.4284021854400635,9.678281784057617
shake_bottle_horizontally,demo_clean,ahs,strict_paired_manifest,13,9730024,86eb4eafde01e89a27d6fbb9109dfb91d3cf958c,1,5,0.4278075695037842,9.988458633422852
shake_bottle_horizontally,demo_clean,ahs,strict_paired_manifest,14,9730025,fb1ce726ecf37171d0c966f2c6d871062097d262,1,5,0.42795658111572266,10.455727577209473
shake_bottle_horizontally,demo_clean,ahs,strict_paired_manifest,15,9730026,5ee6bb7e39ffb86bb31971244a23eb664a94eecd,1,3,0.2586190700531006,11.497304916381836
shake_bottle_horizontally,demo_clean,ahs,strict_paired_manifest,16,9730027,270742eb35d3e7571168980f1ad8261cbae7b4a1,1,5,0.4265127182006836,10.092262268066406
shake_bottle_horizontally,demo_clean,ahs,strict_paired_manifest,17,9730028,1a532e3bd0d306df014b025806764f447f5e97c5,1,4,0.34165334701538086,8.985488891601562
shake_bottle_horizontally,demo_clean,ahs,strict_paired_manifest,18,9730029,cee0a6e17933310b89b8cd91789167a5c1407d39,1,4,0.34320831298828125,8.000600814819336
shake_bottle_horizontally,demo_clean,ahs,strict_paired_manifest,19,9730030,5a9676cca359e0ffecece8f0b52149fbdda3ef4d,1,5,0.428638219833374,9.734567642211914
shake_bottle_horizontally,demo_randomized,base,unpaired_fallback,0,1374100000,75a3800152f909dcaa44443ad712a4511ba4a191,1,2,5.715692520141602,19.404029846191406
shake_bottle_horizontally,demo_randomized,base,unpaired_fallback,1,1374100001,f6bb29a413317adba816b809a01a222eda1d4498,1,2,0.18565893173217773,11.786462783813477
shake_bottle_horizontally,demo_randomized,base,unpaired_fallback,2,1374100003,6425c28e2c0196844eb62cb8aff872ff18fb4f7d,1,1,0.09207296371459961,6.311132431030273
shake_bottle_horizontally,demo_randomized,base,unpaired_fallback,3,1374100005,90b8332b05a61514c832c9445633dca44574b90d,1,2,0.1815168857574463,10.995418548583984
shake_bottle_horizontally,demo_randomized,base,unpaired_fallback,4,1374100008,6a09927cc259d015dfae6ded7a36dc05ecf2b650,1,2,0.18757104873657227,13.941082000732422
shake_bottle_horizontally,demo_randomized,base,unpaired_fallback,5,1374100009,439ad54099b778397a598d48a565e0c8b31dfcd0,1,2,0.18431544303894043,11.383512496948242
shake_bottle_horizontally,demo_randomized,base,unpaired_fallback,6,1374100010,da96dd774f4ad54a92344d2c4dc75c6c2d00bb15,1,3,0.27164793014526367,15.527667045593262
shake_bottle_horizontally,demo_randomized,base,unpaired_fallback,7,1374100014,7614f24a9421b308157dd206024cfcae5530b0c5,1,2,0.18070054054260254,10.855096817016602
shake_bottle_horizontally,demo_randomized,base,unpaired_fallback,8,1374100018,4ae280cc94b2b331ec872725299958acd5690d2a,1,2,0.1756610870361328,10.685562133789062
shake_bottle_horizontally,demo_randomized,base,unpaired_fallback,9,1374100019,a9d4c48140bc7e8c8796d65a412b227fe7e6a25e,1,2,0.18569564819335938,14.15953540802002
shake_bottle_horizontally,demo_randomized,base,unpaired_fallback,10,1374100020,2d8506952aa2a1f3a02a6d2448ba0fbdae252aae,1,2,0.17977523803710938,11.412464141845703
shake_bottle_horizontally,demo_randomized,base,unpaired_fallback,11,1374100024,50e20e8a605dc2acf02358c3c3cbe615dc737f0e,1,2,0.17768216133117676,10.657620429992676
shake_bottle_horizontally,demo_randomized,base,unpaired_fallback,12,1374100025,6e381f2f1fd0ff1dd5aa959cd154e2ec9d9915ff,1,2,0.18017101287841797,10.83509635925293
shake_bottle_horizontally,demo_randomized,base,unpaired_fallback,13,1374100026,813de1c9b64944017eaadbe6cf1755e6f5d00310,1,3,0.2752385139465332,17.009342193603516
shake_bottle_horizontally,demo_randomized,base,unpaired_fallback,14,1374100027,3495eab21cf86619883273186c71648f378190ac,1,2,0.1899116039276123,14.308597564697266
shake_bottle_horizontally,demo_randomized,base,unpaired_fallback,15,1374100028,fa59397c437078573615f364b737875075e4b82e,1,3,0.27547693252563477,15.081413269042969
shake_bottle_horizontally,demo_randomized,base,unpaired_fallback,16,1374100030,953be4925697f163953830525824cd2c118de8c9,1,2,0.17982888221740723,11.38260555267334
shake_bottle_horizontally,demo_randomized,base,unpaired_fallback,17,1374100033,82c282901d60d5654339ed2c715a8dae6e2321ba,1,2,0.18459081649780273,11.334661483764648
shake_bottle_horizontally,demo_randomized,base,unpaired_fallback,18,1374100036,cda6313ed52541cacabc07c5b11a50d31f5909c9,1,2,0.18068528175354004,10.825654983520508
shake_bottle_horizontally,demo_randomized,base,unpaired_fallback,19,1374100039,748c6814d230d48c839b793c4d49e4ba199443b0,1,3,0.2738478183746338,17.063007354736328
shake_bottle_horizontally,demo_randomized,ahs,unpaired_fallback,0,1375100005,55a9c1550094a6c95a7188dc8fe84d7eaf81a1a3,1,4,5.728045463562012,20.586566925048828
shake_bottle_horizontally,demo_randomized,ahs,unpaired_fallback,1,1375100006,c804bce06b89f13ba8191e1e6816ed2f0c80d73d,1,4,0.35956859588623047,12.436956405639648
shake_bottle_horizontally,demo_randomized,ahs,unpaired_fallback,2,1375100007,d4c1a4188779db7bb93479160d1b16e7a0c0281c,1,4,0.3628528118133545,12.033734321594238
shake_bottle_horizontally,demo_randomized,ahs,unpaired_fallback,3,1375100008,50f77eac1464e03a93c9058974c14820df528cb1,1,4,0.36495447158813477,11.691762924194336
shake_bottle_horizontally,demo_randomized,ahs,unpaired_fallback,4,1375100010,45704152256061675d5e412b54c8557f86594922,1,5,0.46085309982299805,16.33721160888672
shake_bottle_horizontally,demo_randomized,ahs,unpaired_fallback,5,1375100012,ea9d02064fb2fb248c05d6a6b16bc12e1fb9a003,1,4,0.36878013610839844,12.230982780456543
shake_bottle_horizontally,demo_randomized,ahs,unpaired_fallback,6,1375100013,6d0924ed52b86a0fb1e2116addecedd1e3006c14,1,4,0.361008882522583,11.670220375061035
shake_bottle_horizontally,demo_randomized,ahs,unpaired_fallback,7,1375100014,82b55f1d2f4a2aed11a5814fd2e1b32e00d0089b,1,4,0.36379456520080566,11.216226577758789
shake_bottle_horizontally,demo_randomized,ahs,unpaired_fallback,8,1375100017,995f1ee34b7f922564963ae2d7f25e13310b9559,1,5,0.4447906017303467,14.756627082824707
shake_bottle_horizontally,demo_randomized,ahs,unpaired_fallback,9,1375100018,91b49074ff090a669ae6d67921ac357f7fd33bda,1,4,0.3712944984436035,15.833978652954102
shake_bottle_horizontally,demo_randomized,ahs,unpaired_fallback,10,1375100021,3495eab21cf86619883273186c71648f378190ac,1,4,0.3609437942504883,11.037370681762695
shake_bottle_horizontally,demo_randomized,ahs,unpaired_fallback,11,1375100023,da96dd774f4ad54a92344d2c4dc75c6c2d00bb15,1,5,0.45278120040893555,11.570204734802246
shake_bottle_horizontally,demo_randomized,ahs,unpaired_fallback,12,1375100024,8d536d46b1fa6cd0cf46143fb8daed9465c6a402,1,4,0.363649845123291,11.847199440002441
shake_bottle_horizontally,demo_randomized,ahs,unpaired_fallback,13,1375100025,f6bb29a413317adba816b809a01a222eda1d4498,1,4,0.3610570430755615,10.441067695617676
shake_bottle_horizontally,demo_randomized,ahs,unpaired_fallback,14,1375100027,2d7f39a486356c400e7a8c937a2c807a88ae6b2f,1,4,0.37815332412719727,14.339670181274414
shake_bottle_horizontally,demo_randomized,ahs,unpaired_fallback,15,1375100033,2a2dc1d382153770a2cbdab23eb2a2c453dbe3c8,1,4,0.3669896125793457,11.759330749511719
shake_bottle_horizontally,demo_randomized,ahs,unpaired_fallback,16,1375100035,e6f8a5e34ed9e413a31438ea0cdc94c3eef31ad5,1,4,0.356764554977417,10.811717987060547
shake_bottle_horizontally,demo_randomized,ahs,unpaired_fallback,17,1375100036,ee012ff8cc335d5f0464c89d3536fe5b5cd3748d,1,5,0.459475040435791,12.242246627807617
shake_bottle_horizontally,demo_randomized,ahs,unpaired_fallback,18,1375100038,8a0b037276402e80b48bf86ef2576ff2f35fffef,1,4,0.35771989822387695,9.330521583557129
shake_bottle_horizontally,demo_randomized,ahs,unpaired_fallback,19,1375100041,efce12c37108efe41b0526feaea51bb0ad147ffa,1,4,0.3595705032348633,15.201828956604004
stack_blocks_three,demo_clean,base,strict_paired_manifest,0,9740000,81d1fe541cc1a8eb5a2d740b9d7891e650c8585a,1,10,5.965924263000488,45.13907241821289
stack_blocks_three,demo_clean,base,strict_paired_manifest,1,9740001,e009632cd2f44ddec504c035521c43171e1bc4c6,1,10,0.8450002670288086,36.598594665527344
stack_blocks_three,demo_clean,base,strict_paired_manifest,2,9740002,84c106d84c32e8efb35ee8ad590b971c0d23d86f,0,24,2.0307083129882812,88.29398345947266
stack_blocks_three,demo_clean,base,strict_paired_manifest,3,9740003,3350ab9c19d707ba4e1ed4eb0c933488f6058a3d,0,24,2.0268616676330566,90.52522277832031
stack_blocks_three,demo_clean,base,strict_paired_manifest,4,9740004,26470e47f1e3ff658047caba82f3eb304caf76e4,1,10,0.8427455425262451,36.75335693359375
stack_blocks_three,demo_clean,base,strict_paired_manifest,5,9740005,e6e7ea5793c57c07334bce06345f5f7bac45c067,0,24,2.033557415008545,92.43543243408203
stack_blocks_three,demo_clean,base,strict_paired_manifest,6,9740006,84c106d84c32e8efb35ee8ad590b971c0d23d86f,1,10,0.8439316749572754,36.269718170166016
stack_blocks_three,demo_clean,base,strict_paired_manifest,7,9740007,3350ab9c19d707ba4e1ed4eb0c933488f6058a3d,1,10,0.8458526134490967,36.84040451049805
stack_blocks_three,demo_clean,base,strict_paired_manifest,8,9740008,84c106d84c32e8efb35ee8ad590b971c0d23d86f,1,9,0.762392520904541,33.33968734741211
stack_blocks_three,demo_clean,base,strict_paired_manifest,9,9740009,84c106d84c32e8efb35ee8ad590b971c0d23d86f,1,10,0.843266487121582,36.654335021972656
stack_blocks_three,demo_clean,base,strict_paired_manifest,10,9740010,d1f10aaafbd8bdd29d0d1ba3045f1062ca75c51d,1,10,0.8480384349822998,39.308929443359375
stack_blocks_three,demo_clean,base,strict_paired_manifest,11,9740011,4cbbe3395d96d03398bd42d0bc31615435af89c8,1,10,0.8499746322631836,36.7377815246582
stack_blocks_three,demo_clean,base,strict_paired_manifest,12,9740012,3350ab9c19d707ba4e1ed4eb0c933488f6058a3d,1,10,0.8469173908233643,36.794334411621094
stack_blocks_three,demo_clean,base,strict_paired_manifest,13,9740013,d1f10aaafbd8bdd29d0d1ba3045f1062ca75c51d,0,24,2.028843402862549,88.05517578125
stack_blocks_three,demo_clean,base,strict_paired_manifest,14,9740014,81d1fe541cc1a8eb5a2d740b9d7891e650c8585a,1,9,0.7669198513031006,33.64986801147461
stack_blocks_three,demo_clean,base,strict_paired_manifest,15,9740015,4cbbe3395d96d03398bd42d0bc31615435af89c8,1,10,0.8462843894958496,40.23514938354492
stack_blocks_three,demo_clean,base,strict_paired_manifest,16,9740016,81d1fe541cc1a8eb5a2d740b9d7891e650c8585a,1,10,0.8439438343048096,36.672157287597656
stack_blocks_three,demo_clean,base,strict_paired_manifest,17,9740017,26470e47f1e3ff658047caba82f3eb304caf76e4,1,9,0.7587804794311523,32.534767150878906
stack_blocks_three,demo_clean,base,strict_paired_manifest,18,9740018,0569831fff6e012f9859862dbcf33dbdd9eef8fd,1,16,1.351029872894287,58.88212203979492
stack_blocks_three,demo_clean,base,strict_paired_manifest,19,9740019,e009632cd2f44ddec504c035521c43171e1bc4c6,0,24,2.0243072509765625,87.42943572998047
stack_blocks_three,demo_clean,ahs,strict_paired_manifest,0,9740000,81d1fe541cc1a8eb5a2d740b9d7891e650c8585a,1,17,6.57623291015625,44.0211181640625
stack_blocks_three,demo_clean,ahs,strict_paired_manifest,1,9740001,e009632cd2f44ddec504c035521c43171e1bc4c6,1,18,1.5276248455047607,35.85148239135742
stack_blocks_three,demo_clean,ahs,strict_paired_manifest,2,9740002,84c106d84c32e8efb35ee8ad590b971c0d23d86f,1,16,1.3671197891235352,35.20198059082031
stack_blocks_three,demo_clean,ahs,strict_paired_manifest,3,9740003,3350ab9c19d707ba4e1ed4eb0c933488f6058a3d,0,42,3.5860886573791504,93.77754211425781
stack_blocks_three,demo_clean,ahs,strict_paired_manifest,4,9740004,26470e47f1e3ff658047caba82f3eb304caf76e4,1,18,1.5453205108642578,37.238494873046875
stack_blocks_three,demo_clean,ahs,strict_paired_manifest,5,9740005,e6e7ea5793c57c07334bce06345f5f7bac45c067,0,47,4.015842914581299,93.39811706542969
stack_blocks_three,demo_clean,ahs,strict_paired_manifest,6,9740006,84c106d84c32e8efb35ee8ad590b971c0d23d86f,1,16,1.3647847175598145,34.69584655761719
stack_blocks_three,demo_clean,ahs,strict_paired_manifest,7,9740007,3350ab9c19d707ba4e1ed4eb0c933488f6058a3d,1,16,1.3736999034881592,34.547760009765625
stack_blocks_three,demo_clean,ahs,strict_paired_manifest,8,9740008,84c106d84c32e8efb35ee8ad590b971c0d23d86f,1,17,1.453911542892456,35.30521011352539
stack_blocks_three,demo_clean,ahs,strict_paired_manifest,9,9740009,84c106d84c32e8efb35ee8ad590b971c0d23d86f,0,50,4.268867492675781,96.58718872070312
stack_blocks_three,demo_clean,ahs,strict_paired_manifest,10,9740010,d1f10aaafbd8bdd29d0d1ba3045f1062ca75c51d,0,42,3.587170124053955,88.97579193115234
stack_blocks_three,demo_clean,ahs,strict_paired_manifest,11,9740011,4cbbe3395d96d03398bd42d0bc31615435af89c8,0,46,3.915358304977417,93.33213806152344
stack_blocks_three,demo_clean,ahs,strict_paired_manifest,12,9740012,3350ab9c19d707ba4e1ed4eb0c933488f6058a3d,1,17,1.443115472793579,34.845054626464844
stack_blocks_three,demo_clean,ahs,strict_paired_manifest,13,9740013,d1f10aaafbd8bdd29d0d1ba3045f1062ca75c51d,1,17,1.4526541233062744,34.241943359375
stack_blocks_three,demo_clean,ahs,strict_paired_manifest,14,9740014,81d1fe541cc1a8eb5a2d740b9d7891e650c8585a,0,51,4.338255882263184,93.76924133300781
stack_blocks_three,demo_clean,ahs,strict_paired_manifest,15,9740015,4cbbe3395d96d03398bd42d0bc31615435af89c8,0,46,3.936549186706543,94.2013931274414
stack_blocks_three,demo_clean,ahs,strict_paired_manifest,16,9740016,81d1fe541cc1a8eb5a2d740b9d7891e650c8585a,1,17,1.4526586532592773,35.677894592285156
stack_blocks_three,demo_clean,ahs,strict_paired_manifest,17,9740017,26470e47f1e3ff658047caba82f3eb304caf76e4,1,17,1.4428715705871582,34.05702209472656
stack_blocks_three,demo_clean,ahs,strict_paired_manifest,18,9740018,0569831fff6e012f9859862dbcf33dbdd9eef8fd,0,39,3.324960947036743,85.77423858642578
stack_blocks_three,demo_clean,ahs,strict_paired_manifest,19,9740019,e009632cd2f44ddec504c035521c43171e1bc4c6,0,44,3.7588376998901367,94.00109100341797
stack_blocks_three,demo_randomized,base,unpaired_fallback,0,1378100000,d1f10aaafbd8bdd29d0d1ba3045f1062ca75c51d,1,10,6.394192695617676,55.87446594238281
stack_blocks_three,demo_randomized,base,unpaired_fallback,1,1378100001,e009632cd2f44ddec504c035521c43171e1bc4c6,0,24,2.1365652084350586,109.2200927734375
stack_blocks_three,demo_randomized,base,unpaired_fallback,2,1378100002,81d1fe541cc1a8eb5a2d740b9d7891e650c8585a,1,9,0.820343017578125,42.94468688964844
stack_blocks_three,demo_randomized,base,unpaired_fallback,3,1378100004,e009632cd2f44ddec504c035521c43171e1bc4c6,1,9,0.8077669143676758,41.57518005371094
stack_blocks_three,demo_randomized,base,unpaired_fallback,4,1378100005,d1f10aaafbd8bdd29d0d1ba3045f1062ca75c51d,0,24,2.149498462677002,112.08741760253906
stack_blocks_three,demo_randomized,base,unpaired_fallback,5,1378100006,4cbbe3395d96d03398bd42d0bc31615435af89c8,0,24,2.143239974975586,106.77214813232422
stack_blocks_three,demo_randomized,base,unpaired_fallback,6,1378100007,d1f10aaafbd8bdd29d0d1ba3045f1062ca75c51d,1,12,1.0827360153198242,57.010013580322266
stack_blocks_three,demo_randomized,base,unpaired_fallback,7,1378100008,0569831fff6e012f9859862dbcf33dbdd9eef8fd,0,24,2.136539936065674,108.95723724365234
stack_blocks_three,demo_randomized,base,unpaired_fallback,8,1378100009,e6e7ea5793c57c07334bce06345f5f7bac45c067,1,10,0.9028472900390625,47.73298263549805
stack_blocks_three,demo_randomized,base,unpaired_fallback,9,1378100010,26470e47f1e3ff658047caba82f3eb304caf76e4,1,10,0.8975884914398193,49.395599365234375
stack_blocks_three,demo_randomized,base,unpaired_fallback,10,1378100011,84c106d84c32e8efb35ee8ad590b971c0d23d86f,0,24,2.1269311904907227,108.91461944580078
stack_blocks_three,demo_randomized,base,unpaired_fallback,11,1378100013,e009632cd2f44ddec504c035521c43171e1bc4c6,0,24,2.148812770843506,110.46949768066406
stack_blocks_three,demo_randomized,base,unpaired_fallback,12,1378100014,e009632cd2f44ddec504c035521c43171e1bc4c6,0,24,2.144976854324341,119.78507995605469
stack_blocks_three,demo_randomized,base,unpaired_fallback,13,1378100015,6a789a31d6caeaec8936ba2669dbb3e8e8bf34eb,0,24,2.1549360752105713,113.20890045166016
stack_blocks_three,demo_randomized,base,unpaired_fallback,14,1378100016,d1f10aaafbd8bdd29d0d1ba3045f1062ca75c51d,0,24,2.159362316131592,116.05301666259766
stack_blocks_three,demo_randomized,base,unpaired_fallback,15,1378100017,84c106d84c32e8efb35ee8ad590b971c0d23d86f,0,24,2.0865681171417236,106.17898559570312
stack_blocks_three,demo_randomized,base,unpaired_fallback,16,1378100018,6a789a31d6caeaec8936ba2669dbb3e8e8bf34eb,0,24,2.0283572673797607,107.55274200439453
stack_blocks_three,demo_randomized,base,unpaired_fallback,17,1378100019,26470e47f1e3ff658047caba82f3eb304caf76e4,0,24,2.0181946754455566,106.22986602783203
stack_blocks_three,demo_randomized,base,unpaired_fallback,18,1378100020,84c106d84c32e8efb35ee8ad590b971c0d23d86f,1,10,0.8352971076965332,41.39427185058594
stack_blocks_three,demo_randomized,base,unpaired_fallback,19,1378100021,4cbbe3395d96d03398bd42d0bc31615435af89c8,0,24,2.0090491771698,102.33818054199219
stack_blocks_three,demo_randomized,ahs,unpaired_fallback,0,1379100000,26470e47f1e3ff658047caba82f3eb304caf76e4,0,55,9.648972511291504,122.86878967285156
stack_blocks_three,demo_randomized,ahs,unpaired_fallback,1,1379100002,84c106d84c32e8efb35ee8ad590b971c0d23d86f,1,18,1.5727636814117432,42.914161682128906
stack_blocks_three,demo_randomized,ahs,unpaired_fallback,2,1379100003,e6e7ea5793c57c07334bce06345f5f7bac45c067,0,46,4.013465881347656,115.74437713623047
stack_blocks_three,demo_randomized,ahs,unpaired_fallback,3,1379100006,3350ab9c19d707ba4e1ed4eb0c933488f6058a3d,0,47,4.0999250411987305,111.68097686767578
stack_blocks_three,demo_randomized,ahs,unpaired_fallback,4,1379100007,3350ab9c19d707ba4e1ed4eb0c933488f6058a3d,1,15,1.3091542720794678,43.36052322387695
stack_blocks_three,demo_randomized,ahs,unpaired_fallback,5,1379100008,d1f10aaafbd8bdd29d0d1ba3045f1062ca75c51d,0,53,4.621654510498047,116.611572265625
stack_blocks_three,demo_randomized,ahs,unpaired_fallback,6,1379100009,6a789a31d6caeaec8936ba2669dbb3e8e8bf34eb,0,45,3.91630482673645,115.2930908203125
stack_blocks_three,demo_randomized,ahs,unpaired_fallback,7,1379100010,0569831fff6e012f9859862dbcf33dbdd9eef8fd,1,17,1.4930756092071533,42.65696334838867
stack_blocks_three,demo_randomized,ahs,unpaired_fallback,8,1379100011,3350ab9c19d707ba4e1ed4eb0c933488f6058a3d,0,46,4.014219284057617,109.4342041015625
stack_blocks_three,demo_randomized,ahs,unpaired_fallback,9,1379100012,e009632cd2f44ddec504c035521c43171e1bc4c6,0,45,4.090346336364746,121.3365478515625
stack_blocks_three,demo_randomized,ahs,unpaired_fallback,10,1379100014,84c106d84c32e8efb35ee8ad590b971c0d23d86f,1,17,1.5380113124847412,45.16055679321289
stack_blocks_three,demo_randomized,ahs,unpaired_fallback,11,1379100015,e6e7ea5793c57c07334bce06345f5f7bac45c067,1,23,2.086257219314575,58.14335250854492
stack_blocks_three,demo_randomized,ahs,unpaired_fallback,12,1379100016,d1f10aaafbd8bdd29d0d1ba3045f1062ca75c51d,0,44,3.9844605922698975,114.48393249511719
stack_blocks_three,demo_randomized,ahs,unpaired_fallback,13,1379100017,81d1fe541cc1a8eb5a2d740b9d7891e650c8585a,1,15,1.3324670791625977,42.63714599609375
stack_blocks_three,demo_randomized,ahs,unpaired_fallback,14,1379100018,e009632cd2f44ddec504c035521c43171e1bc4c6,0,45,4.116124629974365,122.45752716064453
stack_blocks_three,demo_randomized,ahs,unpaired_fallback,15,1379100019,4cbbe3395d96d03398bd42d0bc31615435af89c8,0,45,4.118062973022461,113.35255432128906
stack_blocks_three,demo_randomized,ahs,unpaired_fallback,16,1379100020,26470e47f1e3ff658047caba82f3eb304caf76e4,0,45,4.063587188720703,118.3862075805664
stack_blocks_three,demo_randomized,ahs,unpaired_fallback,17,1379100021,81d1fe541cc1a8eb5a2d740b9d7891e650c8585a,1,16,1.3668818473815918,38.24215316772461
stack_blocks_three,demo_randomized,ahs,unpaired_fallback,18,1379100022,d1f10aaafbd8bdd29d0d1ba3045f1062ca75c51d,1,17,1.4672985076904297,41.95889663696289
stack_blocks_three,demo_randomized,ahs,unpaired_fallback,19,1379100024,3350ab9c19d707ba4e1ed4eb0c933488f6058a3d,1,23,2.0220651626586914,60.45839309692383
stack_blocks_two,demo_clean,base,strict_paired_manifest,0,9750000,1b54182b60f243107c50d97a5c2f31bb714f73d8,1,6,5.5426483154296875,30.414466857910156
stack_blocks_two,demo_clean,base,strict_paired_manifest,1,9750001,1b54182b60f243107c50d97a5c2f31bb714f73d8,1,6,0.5091822147369385,22.3554744720459
stack_blocks_two,demo_clean,base,strict_paired_manifest,2,9750002,8e24fc0c4a4ed1fc354336640bd5d2969940b05f,1,7,0.5929794311523438,25.410444259643555
stack_blocks_two,demo_clean,base,strict_paired_manifest,3,9750003,c25e8e2510071127f40ac3004b604130c1445e4c,0,16,1.353693962097168,59.02054977416992
stack_blocks_two,demo_clean,base,strict_paired_manifest,4,9750004,c25e8e2510071127f40ac3004b604130c1445e4c,1,6,0.5058465003967285,22.577327728271484
stack_blocks_two,demo_clean,base,strict_paired_manifest,5,9750005,e816648dd3cf437c2a8622016062aaae34559542,1,7,0.6008265018463135,28.658586502075195
stack_blocks_two,demo_clean,base,strict_paired_manifest,6,9750006,8e24fc0c4a4ed1fc354336640bd5d2969940b05f,1,7,0.5884521007537842,25.498809814453125
stack_blocks_two,demo_clean,base,strict_paired_manifest,7,9750007,6b58f6ab588ce7e8ce5f631bbefe70fa60b8fd2b,1,6,0.5064427852630615,21.93582534790039
stack_blocks_two,demo_clean,base,strict_paired_manifest,8,9750008,8827152744032cc5d27d958cd184f8a4194f695b,1,6,0.5045590400695801,22.341697692871094
stack_blocks_two,demo_clean,base,strict_paired_manifest,9,9750009,2561c13bbfbfe489d2943066ae9f976b44cbdf96,0,16,1.346092939376831,59.11713790893555
stack_blocks_two,demo_clean,base,strict_paired_manifest,10,9750010,e816648dd3cf437c2a8622016062aaae34559542,1,7,0.5948736667633057,28.296768188476562
stack_blocks_two,demo_clean,base,strict_paired_manifest,11,9750011,8827152744032cc5d27d958cd184f8a4194f695b,0,16,1.3492600917816162,59.29378890991211
stack_blocks_two,demo_clean,base,strict_paired_manifest,12,9750012,e816648dd3cf437c2a8622016062aaae34559542,1,7,0.5894949436187744,25.90865135192871
stack_blocks_two,demo_clean,base,strict_paired_manifest,13,9750013,c25e8e2510071127f40ac3004b604130c1445e4c,1,6,0.5085391998291016,22.30605125427246
stack_blocks_two,demo_clean,base,strict_paired_manifest,14,9750014,11f2785a30c58a151ebf81393f778065b1134e64,1,7,0.5899965763092041,24.834108352661133
stack_blocks_two,demo_clean,base,strict_paired_manifest,15,9750015,1b54182b60f243107c50d97a5c2f31bb714f73d8,1,7,0.5945870876312256,28.51614761352539
stack_blocks_two,demo_clean,base,strict_paired_manifest,16,9750016,cac43df0c84f16bcc81a70ff5dbbcdf1d3034723,1,7,0.5891659259796143,25.31532859802246
stack_blocks_two,demo_clean,base,strict_paired_manifest,17,9750017,c25e8e2510071127f40ac3004b604130c1445e4c,1,7,0.5891127586364746,25.005176544189453
stack_blocks_two,demo_clean,base,strict_paired_manifest,18,9750018,11f2785a30c58a151ebf81393f778065b1134e64,1,6,0.5065381526947021,22.438575744628906
stack_blocks_two,demo_clean,base,strict_paired_manifest,19,9750019,8e24fc0c4a4ed1fc354336640bd5d2969940b05f,1,7,0.5887877941131592,25.45473289489746
stack_blocks_two,demo_clean,ahs,strict_paired_manifest,0,9750000,1b54182b60f243107c50d97a5c2f31bb714f73d8,1,11,5.955176830291748,31.214941024780273
stack_blocks_two,demo_clean,ahs,strict_paired_manifest,1,9750001,1b54182b60f243107c50d97a5c2f31bb714f73d8,1,10,0.8481407165527344,22.434864044189453
stack_blocks_two,demo_clean,ahs,strict_paired_manifest,2,9750002,8e24fc0c4a4ed1fc354336640bd5d2969940b05f,1,12,1.0224626064300537,23.91584587097168
stack_blocks_two,demo_clean,ahs,strict_paired_manifest,3,9750003,c25e8e2510071127f40ac3004b604130c1445e4c,1,10,0.8556907176971436,23.58041763305664
stack_blocks_two,demo_clean,ahs,strict_paired_manifest,4,9750004,c25e8e2510071127f40ac3004b604130c1445e4c,1,10,0.8562872409820557,22.238269805908203
stack_blocks_two,demo_clean,ahs,strict_paired_manifest,5,9750005,e816648dd3cf437c2a8622016062aaae34559542,1,11,0.9453253746032715,26.05862045288086
stack_blocks_two,demo_clean,ahs,strict_paired_manifest,6,9750006,8e24fc0c4a4ed1fc354336640bd5d2969940b05f,1,11,0.9384787082672119,23.942121505737305
stack_blocks_two,demo_clean,ahs,strict_paired_manifest,7,9750007,6b58f6ab588ce7e8ce5f631bbefe70fa60b8fd2b,1,11,0.9425094127655029,22.252731323242188
stack_blocks_two,demo_clean,ahs,strict_paired_manifest,8,9750008,8827152744032cc5d27d958cd184f8a4194f695b,1,12,1.0232481956481934,23.675901412963867
stack_blocks_two,demo_clean,ahs,strict_paired_manifest,9,9750009,2561c13bbfbfe489d2943066ae9f976b44cbdf96,1,12,1.0238721370697021,24.19398307800293
stack_blocks_two,demo_clean,ahs,strict_paired_manifest,10,9750010,e816648dd3cf437c2a8622016062aaae34559542,1,11,0.9376459121704102,25.516468048095703
stack_blocks_two,demo_clean,ahs,strict_paired_manifest,11,9750011,8827152744032cc5d27d958cd184f8a4194f695b,1,18,1.5464818477630615,35.99711990356445
stack_blocks_two,demo_clean,ahs,strict_paired_manifest,12,9750012,e816648dd3cf437c2a8622016062aaae34559542,1,13,1.106863021850586,25.18284034729004
stack_blocks_two,demo_clean,ahs,strict_paired_manifest,13,9750013,c25e8e2510071127f40ac3004b604130c1445e4c,1,10,0.8629159927368164,23.324384689331055
stack_blocks_two,demo_clean,ahs,strict_paired_manifest,14,9750014,11f2785a30c58a151ebf81393f778065b1134e64,1,13,1.1074726581573486,25.355422973632812
stack_blocks_two,demo_clean,ahs,strict_paired_manifest,15,9750015,1b54182b60f243107c50d97a5c2f31bb714f73d8,1,11,0.9392871856689453,25.124656677246094
stack_blocks_two,demo_clean,ahs,strict_paired_manifest,16,9750016,cac43df0c84f16bcc81a70ff5dbbcdf1d3034723,1,12,1.0199406147003174,24.1916561126709
stack_blocks_two,demo_clean,ahs,strict_paired_manifest,17,9750017,c25e8e2510071127f40ac3004b604130c1445e4c,1,13,1.1112475395202637,24.42559814453125
stack_blocks_two,demo_clean,ahs,strict_paired_manifest,18,9750018,11f2785a30c58a151ebf81393f778065b1134e64,1,12,1.0217869281768799,23.293270111083984
stack_blocks_two,demo_clean,ahs,strict_paired_manifest,19,9750019,8e24fc0c4a4ed1fc354336640bd5d2969940b05f,1,12,1.0201988220214844,23.408411026000977
stack_blocks_two,demo_randomized,base,unpaired_fallback,0,1382100000,e816648dd3cf437c2a8622016062aaae34559542,0,16,6.818585395812988,77.2655258178711
stack_blocks_two,demo_randomized,base,unpaired_fallback,1,1382100001,c25e8e2510071127f40ac3004b604130c1445e4c,1,6,0.5365209579467773,27.585453033447266
stack_blocks_two,demo_randomized,base,unpaired_fallback,2,1382100003,11f2785a30c58a151ebf81393f778065b1134e64,1,6,0.5144550800323486,28.457332611083984
stack_blocks_two,demo_randomized,base,unpaired_fallback,3,1382100004,2561c13bbfbfe489d2943066ae9f976b44cbdf96,0,16,1.3855488300323486,68.34902954101562
stack_blocks_two,demo_randomized,base,unpaired_fallback,4,1382100005,6b58f6ab588ce7e8ce5f631bbefe70fa60b8fd2b,1,6,0.5067133903503418,30.649761199951172
stack_blocks_two,demo_randomized,base,unpaired_fallback,5,1382100006,e816648dd3cf437c2a8622016062aaae34559542,1,6,0.5064597129821777,25.021549224853516
stack_blocks_two,demo_randomized,base,unpaired_fallback,6,1382100008,1b54182b60f243107c50d97a5c2f31bb714f73d8,1,6,0.5393269062042236,28.21209144592285
stack_blocks_two,demo_randomized,base,unpaired_fallback,7,1382100009,11f2785a30c58a151ebf81393f778065b1134e64,1,6,0.5377821922302246,29.21134376525879
stack_blocks_two,demo_randomized,base,unpaired_fallback,8,1382100010,8827152744032cc5d27d958cd184f8a4194f695b,1,7,0.6489546298980713,34.60624694824219
stack_blocks_two,demo_randomized,base,unpaired_fallback,9,1382100011,b18a2f6826a4331f5303e1c34050b5f49102fe45,1,6,0.5505781173706055,31.29185676574707
stack_blocks_two,demo_randomized,base,unpaired_fallback,10,1382100012,8827152744032cc5d27d958cd184f8a4194f695b,1,6,0.5502212047576904,29.389177322387695
stack_blocks_two,demo_randomized,base,unpaired_fallback,11,1382100013,1b54182b60f243107c50d97a5c2f31bb714f73d8,1,6,0.5645689964294434,29.25052261352539
stack_blocks_two,demo_randomized,base,unpaired_fallback,12,1382100014,cac43df0c84f16bcc81a70ff5dbbcdf1d3034723,1,6,0.5528223514556885,28.727005004882812
stack_blocks_two,demo_randomized,base,unpaired_fallback,13,1382100015,11f2785a30c58a151ebf81393f778065b1134e64,1,6,0.5524523258209229,30.17206382751465
stack_blocks_two,demo_randomized,base,unpaired_fallback,14,1382100016,6b58f6ab588ce7e8ce5f631bbefe70fa60b8fd2b,1,6,0.5382637977600098,31.969459533691406
stack_blocks_two,demo_randomized,base,unpaired_fallback,15,1382100017,8827152744032cc5d27d958cd184f8a4194f695b,1,6,0.5353245735168457,29.7974853515625
stack_blocks_two,demo_randomized,base,unpaired_fallback,16,1382100018,6b58f6ab588ce7e8ce5f631bbefe70fa60b8fd2b,1,9,0.7955334186553955,39.75116729736328
stack_blocks_two,demo_randomized,base,unpaired_fallback,17,1382100019,2561c13bbfbfe489d2943066ae9f976b44cbdf96,0,16,1.4124948978424072,76.2508773803711
stack_blocks_two,demo_randomized,base,unpaired_fallback,18,1382100020,8827152744032cc5d27d958cd184f8a4194f695b,1,7,0.5869026184082031,30.15313148498535
stack_blocks_two,demo_randomized,base,unpaired_fallback,19,1382100021,2561c13bbfbfe489d2943066ae9f976b44cbdf96,0,16,1.4135055541992188,75.1098403930664
stack_blocks_two,demo_randomized,ahs,unpaired_fallback,0,1383100001,cac43df0c84f16bcc81a70ff5dbbcdf1d3034723,1,11,6.398766040802002,35.4349365234375
stack_blocks_two,demo_randomized,ahs,unpaired_fallback,1,1383100002,11f2785a30c58a151ebf81393f778065b1134e64,1,11,0.9569315910339355,28.445941925048828
stack_blocks_two,demo_randomized,ahs,unpaired_fallback,2,1383100004,cac43df0c84f16bcc81a70ff5dbbcdf1d3034723,0,31,2.677442789077759,74.97480010986328
stack_blocks_two,demo_randomized,ahs,unpaired_fallback,3,1383100005,c25e8e2510071127f40ac3004b604130c1445e4c,1,11,0.9604847431182861,27.46759796142578
stack_blocks_two,demo_randomized,ahs,unpaired_fallback,4,1383100007,2561c13bbfbfe489d2943066ae9f976b44cbdf96,1,11,0.9635753631591797,31.664018630981445
stack_blocks_two,demo_randomized,ahs,unpaired_fallback,5,1383100008,1b54182b60f243107c50d97a5c2f31bb714f73d8,1,18,1.5679380893707275,45.00094985961914
stack_blocks_two,demo_randomized,ahs,unpaired_fallback,6,1383100009,8827152744032cc5d27d958cd184f8a4194f695b,1,11,0.9685623645782471,30.456005096435547
stack_blocks_two,demo_randomized,ahs,unpaired_fallback,7,1383100010,1b54182b60f243107c50d97a5c2f31bb714f73d8,1,11,1.0188794136047363,31.207448959350586
stack_blocks_two,demo_randomized,ahs,unpaired_fallback,8,1383100012,c25e8e2510071127f40ac3004b604130c1445e4c,1,25,2.2814245223999023,74.34288024902344
stack_blocks_two,demo_randomized,ahs,unpaired_fallback,9,1383100013,6b58f6ab588ce7e8ce5f631bbefe70fa60b8fd2b,1,12,1.0869951248168945,32.30705261230469
stack_blocks_two,demo_randomized,ahs,unpaired_fallback,10,1383100015,6b58f6ab588ce7e8ce5f631bbefe70fa60b8fd2b,1,10,0.9035253524780273,28.46552276611328
stack_blocks_two,demo_randomized,ahs,unpaired_fallback,11,1383100016,8827152744032cc5d27d958cd184f8a4194f695b,0,29,2.5987281799316406,76.54917907714844
stack_blocks_two,demo_randomized,ahs,unpaired_fallback,12,1383100017,3f28811112ff11d02107ba5ae5e691a7bbaa0010,1,11,0.985910177230835,29.875961303710938
stack_blocks_two,demo_randomized,ahs,unpaired_fallback,13,1383100018,6b58f6ab588ce7e8ce5f631bbefe70fa60b8fd2b,1,10,0.9041299819946289,27.562822341918945
stack_blocks_two,demo_randomized,ahs,unpaired_fallback,14,1383100019,cac43df0c84f16bcc81a70ff5dbbcdf1d3034723,1,11,1.0007059574127197,30.46584129333496
stack_blocks_two,demo_randomized,ahs,unpaired_fallback,15,1383100020,2561c13bbfbfe489d2943066ae9f976b44cbdf96,1,11,0.9953775405883789,28.660263061523438
stack_blocks_two,demo_randomized,ahs,unpaired_fallback,16,1383100022,cac43df0c84f16bcc81a70ff5dbbcdf1d3034723,1,11,0.9933896064758301,28.9130802154541
stack_blocks_two,demo_randomized,ahs,unpaired_fallback,17,1383100023,8827152744032cc5d27d958cd184f8a4194f695b,1,12,1.0868494510650635,29.780412673950195
stack_blocks_two,demo_randomized,ahs,unpaired_fallback,18,1383100024,e816648dd3cf437c2a8622016062aaae34559542,1,12,1.0863616466522217,29.52645492553711
stack_blocks_two,demo_randomized,ahs,unpaired_fallback,19,1383100025,2561c13bbfbfe489d2943066ae9f976b44cbdf96,1,11,1.0028352737426758,33.06498718261719
stack_bowls_three,demo_clean,base,strict_paired_manifest,0,9760000,79a76dc820649b78ef9c7509d2fbe89905406566,1,10,5.959699630737305,54.19188690185547
stack_bowls_three,demo_clean,base,strict_paired_manifest,1,9760001,85e92563ebdb69b5a470ffa1804888f0a54ca57b,1,9,0.7609949111938477,40.90741729736328
stack_bowls_three,demo_clean,base,strict_paired_manifest,2,9760002,c4ce5410e2b3d26e19973cb1757f1d2cbf3aefcc,1,9,0.7649571895599365,44.85588455200195
stack_bowls_three,demo_clean,base,strict_paired_manifest,3,9760003,78d6060a91ad9a2733c6d8f153e69ef22c9f45a8,0,24,2.0313990116119385,97.30953216552734
stack_bowls_three,demo_clean,base,strict_paired_manifest,4,9760004,5639e10782ffadc85747aea4519e6b361c34945f,1,9,0.759904146194458,40.73092269897461
stack_bowls_three,demo_clean,base,strict_paired_manifest,5,9760005,baf6792719bcc8a642b7372da3a79487cc00d55e,1,10,0.8504457473754883,48.49456787109375
stack_bowls_three,demo_clean,base,strict_paired_manifest,6,9760006,157350f983a65abb959b3b8dec3c58b48b9df830,1,12,1.0240566730499268,54.40469741821289
stack_bowls_three,demo_clean,base,strict_paired_manifest,7,9760007,3f49cedc4d6598f6b9d90b75a6c9c1b404b1ba71,1,10,0.8494362831115723,44.47685241699219
stack_bowls_three,demo_clean,base,strict_paired_manifest,8,9760008,a1781ecf19f98ae4a4cfc164bdd96bd6fa2be3d2,1,10,0.8463637828826904,46.1539306640625
stack_bowls_three,demo_clean,base,strict_paired_manifest,9,9760009,c4ce5410e2b3d26e19973cb1757f1d2cbf3aefcc,1,10,0.8518164157867432,44.74454879760742
stack_bowls_three,demo_clean,base,strict_paired_manifest,10,9760010,ee0c0ba387415d6a81d9eae2012f923caa1509a8,1,10,0.8509254455566406,48.001277923583984
stack_bowls_three,demo_clean,base,strict_paired_manifest,11,9760011,282242623a5eac54da7b8f14be394df42187f356,0,24,2.0322258472442627,103.3160629272461
stack_bowls_three,demo_clean,base,strict_paired_manifest,12,9760012,bab6418eae0b53ad6fa6906e1e16ac2dc5c90875,1,10,0.8478882312774658,45.33184051513672
stack_bowls_three,demo_clean,base,strict_paired_manifest,13,9760013,fb8cf667dfd16d03e48599cab5042a75fb0f0694,1,10,0.8540360927581787,45.185672760009766
stack_bowls_three,demo_clean,base,strict_paired_manifest,14,9760014,a2209cd7860feff5694e75859ccb6252d026ff8c,0,24,2.035123825073242,103.01665496826172
stack_bowls_three,demo_clean,base,strict_paired_manifest,15,9760015,55edfec2b13c61e81f56f201075add4ef9f7d798,0,24,2.036012649536133,112.09152221679688
stack_bowls_three,demo_clean,base,strict_paired_manifest,16,9760016,79a76dc820649b78ef9c7509d2fbe89905406566,0,24,2.032864570617676,109.13427734375
stack_bowls_three,demo_clean,base,strict_paired_manifest,17,9760017,f4fc16d0bd8d90814259426c9649c28ef2bb6469,0,24,2.0314133167266846,97.04439544677734
stack_bowls_three,demo_clean,base,strict_paired_manifest,18,9760018,bab6418eae0b53ad6fa6906e1e16ac2dc5c90875,0,24,2.0259315967559814,94.76226806640625
stack_bowls_three,demo_clean,base,strict_paired_manifest,19,9760019,ee0c0ba387415d6a81d9eae2012f923caa1509a8,0,24,2.024702310562134,94.21898651123047
stack_bowls_three,demo_clean,ahs,strict_paired_manifest,0,9760000,79a76dc820649b78ef9c7509d2fbe89905406566,0,48,9.222513198852539,115.87743377685547
stack_bowls_three,demo_clean,ahs,strict_paired_manifest,1,9760001,85e92563ebdb69b5a470ffa1804888f0a54ca57b,1,16,1.3735449314117432,40.134437561035156
stack_bowls_three,demo_clean,ahs,strict_paired_manifest,2,9760002,c4ce5410e2b3d26e19973cb1757f1d2cbf3aefcc,0,48,4.098726272583008,104.01078796386719
stack_bowls_three,demo_clean,ahs,strict_paired_manifest,3,9760003,78d6060a91ad9a2733c6d8f153e69ef22c9f45a8,0,47,4.002457618713379,111.75725555419922
stack_bowls_three,demo_clean,ahs,strict_paired_manifest,4,9760004,5639e10782ffadc85747aea4519e6b361c34945f,1,16,1.360102891921997,41.34916305541992
stack_bowls_three,demo_clean,ahs,strict_paired_manifest,5,9760005,baf6792719bcc8a642b7372da3a79487cc00d55e,1,18,1.5363974571228027,48.642765045166016
stack_bowls_three,demo_clean,ahs,strict_paired_manifest,6,9760006,157350f983a65abb959b3b8dec3c58b48b9df830,1,18,1.5358591079711914,40.80474090576172
stack_bowls_three,demo_clean,ahs,strict_paired_manifest,7,9760007,3f49cedc4d6598f6b9d90b75a6c9c1b404b1ba71,1,18,1.536426305770874,43.72123718261719
stack_bowls_three,demo_clean,ahs,strict_paired_manifest,8,9760008,a1781ecf19f98ae4a4cfc164bdd96bd6fa2be3d2,1,18,1.5307283401489258,42.330806732177734
stack_bowls_three,demo_clean,ahs,strict_paired_manifest,9,9760009,c4ce5410e2b3d26e19973cb1757f1d2cbf3aefcc,1,17,1.4506855010986328,41.97311782836914
stack_bowls_three,demo_clean,ahs,strict_paired_manifest,10,9760010,ee0c0ba387415d6a81d9eae2012f923caa1509a8,1,18,1.5374972820281982,46.283935546875
stack_bowls_three,demo_clean,ahs,strict_paired_manifest,11,9760011,282242623a5eac54da7b8f14be394df42187f356,0,46,3.919233560562134,97.62147521972656
stack_bowls_three,demo_clean,ahs,strict_paired_manifest,12,9760012,bab6418eae0b53ad6fa6906e1e16ac2dc5c90875,1,18,1.540287733078003,46.01861572265625
stack_bowls_three,demo_clean,ahs,strict_paired_manifest,13,9760013,fb8cf667dfd16d03e48599cab5042a75fb0f0694,1,18,1.5341973304748535,43.994384765625
stack_bowls_three,demo_clean,ahs,strict_paired_manifest,14,9760014,a2209cd7860feff5694e75859ccb6252d026ff8c,1,18,1.5289418697357178,47.77909851074219
stack_bowls_three,demo_clean,ahs,strict_paired_manifest,15,9760015,55edfec2b13c61e81f56f201075add4ef9f7d798,1,18,1.5420422554016113,48.477413177490234
stack_bowls_three,demo_clean,ahs,strict_paired_manifest,16,9760016,79a76dc820649b78ef9c7509d2fbe89905406566,0,47,4.002216815948486,107.89896392822266
stack_bowls_three,demo_clean,ahs,strict_paired_manifest,17,9760017,f4fc16d0bd8d90814259426c9649c28ef2bb6469,0,40,3.3971879482269287,110.77134704589844
stack_bowls_three,demo_clean,ahs,strict_paired_manifest,18,9760018,bab6418eae0b53ad6fa6906e1e16ac2dc5c90875,1,18,1.5304760932922363,42.41810607910156
stack_bowls_three,demo_clean,ahs,strict_paired_manifest,19,9760019,ee0c0ba387415d6a81d9eae2012f923caa1509a8,0,44,3.7508912086486816,104.8550033569336
stack_bowls_three,demo_randomized,base,strict_paired_manifest,0,9761000,a72ad9fbe74fadcfdd256d33abbf5f9498fb9253,0,24,7.36472225189209,128.3646240234375
stack_bowls_three,demo_randomized,base,strict_paired_manifest,1,9761001,baf6792719bcc8a642b7372da3a79487cc00d55e,1,9,0.8109538555145264,46.570037841796875
stack_bowls_three,demo_randomized,base,strict_paired_manifest,2,9761002,85e92563ebdb69b5a470ffa1804888f0a54ca57b,1,9,0.8040106296539307,47.066917419433594
stack_bowls_three,demo_randomized,base,strict_paired_manifest,3,9761003,863b794b70090f08d4e7759c9c16f6e91ba8c885,0,24,2.1543002128601074,113.1794204711914
stack_bowls_three,demo_randomized,base,strict_paired_manifest,4,9761004,3f49cedc4d6598f6b9d90b75a6c9c1b404b1ba71,0,24,2.153127670288086,119.87327575683594
stack_bowls_three,demo_randomized,base,strict_paired_manifest,5,9761005,3f49cedc4d6598f6b9d90b75a6c9c1b404b1ba71,0,24,2.141871690750122,131.14935302734375
stack_bowls_three,demo_randomized,base,strict_paired_manifest,6,9761006,fb8cf667dfd16d03e48599cab5042a75fb0f0694,0,24,2.1239981651306152,117.54500579833984
stack_bowls_three,demo_randomized,base,strict_paired_manifest,7,9761008,11c5f118362f0df25c4fb8bc78b07cc07773ec9d,1,9,0.807135820388794,49.62434387207031
stack_bowls_three,demo_randomized,base,strict_paired_manifest,8,9761009,eefce42fe8fa73f3a6992e6933a27a2bddb69042,0,24,2.1228272914886475,118.75244903564453
stack_bowls_three,demo_randomized,base,strict_paired_manifest,9,9761010,ac6980c0d6352be2938736f26df3b74bca6477b9,0,24,2.1018991470336914,116.0166015625
stack_bowls_three,demo_randomized,base,strict_paired_manifest,10,9761011,30b9b0fc12dc7157417e63eb486b7831d481cab6,1,9,0.7868545055389404,49.08481979370117
stack_bowls_three,demo_randomized,base,strict_paired_manifest,11,9761013,ee0c0ba387415d6a81d9eae2012f923caa1509a8,0,24,2.1232845783233643,119.0064468383789
stack_bowls_three,demo_randomized,base,strict_paired_manifest,12,9761014,a9ffa8c5f9ef23fa2bf698571ad5e2edbaae42ba,1,10,0.8881564140319824,49.7756462097168
stack_bowls_three,demo_randomized,base,strict_paired_manifest,13,9761015,a9ffa8c5f9ef23fa2bf698571ad5e2edbaae42ba,0,24,2.099055767059326,110.60173034667969
stack_bowls_three,demo_randomized,base,strict_paired_manifest,14,9761016,157350f983a65abb959b3b8dec3c58b48b9df830,0,24,2.1152594089508057,126.42296600341797
stack_bowls_three,demo_randomized,base,strict_paired_manifest,15,9761017,dda718ff18d6af354692baa982ce23da6bee8c95,1,19,1.6588683128356934,96.72559356689453
stack_bowls_three,demo_randomized,base,strict_paired_manifest,16,9761018,650a819d28cef1fdf60877466cafc9753ab0ff3b,0,24,2.1209018230438232,125.87776184082031
stack_bowls_three,demo_randomized,base,strict_paired_manifest,17,9761019,79a76dc820649b78ef9c7509d2fbe89905406566,1,9,0.7891504764556885,45.682395935058594
stack_bowls_three,demo_randomized,base,strict_paired_manifest,18,9761020,bab6418eae0b53ad6fa6906e1e16ac2dc5c90875,0,24,2.083209753036499,114.77338409423828
stack_bowls_three,demo_randomized,base,strict_paired_manifest,19,9761021,863b794b70090f08d4e7759c9c16f6e91ba8c885,0,24,2.0959930419921875,116.59737396240234
stack_bowls_three,demo_randomized,ahs,strict_paired_manifest,0,9761000,a72ad9fbe74fadcfdd256d33abbf5f9498fb9253,0,45,9.044015884399414,129.22047424316406
stack_bowls_three,demo_randomized,ahs,strict_paired_manifest,1,9761001,baf6792719bcc8a642b7372da3a79487cc00d55e,0,45,3.982158899307251,123.3787612915039
stack_bowls_three,demo_randomized,ahs,strict_paired_manifest,2,9761002,85e92563ebdb69b5a470ffa1804888f0a54ca57b,1,16,1.4392564296722412,48.8254508972168
stack_bowls_three,demo_randomized,ahs,strict_paired_manifest,3,9761003,863b794b70090f08d4e7759c9c16f6e91ba8c885,0,47,4.228852272033691,112.23310852050781
stack_bowls_three,demo_randomized,ahs,strict_paired_manifest,4,9761004,3f49cedc4d6598f6b9d90b75a6c9c1b404b1ba71,1,19,1.7032577991485596,51.1341438293457
stack_bowls_three,demo_randomized,ahs,strict_paired_manifest,5,9761005,3f49cedc4d6598f6b9d90b75a6c9c1b404b1ba71,0,45,4.151588439941406,134.029052734375
stack_bowls_three,demo_randomized,ahs,strict_paired_manifest,6,9761006,fb8cf667dfd16d03e48599cab5042a75fb0f0694,1,18,1.660386323928833,51.29579544067383
stack_bowls_three,demo_randomized,ahs,strict_paired_manifest,7,9761008,11c5f118362f0df25c4fb8bc78b07cc07773ec9d,0,45,4.103341102600098,130.74612426757812
stack_bowls_three,demo_randomized,ahs,strict_paired_manifest,8,9761009,eefce42fe8fa73f3a6992e6933a27a2bddb69042,0,46,4.150376319885254,123.71934509277344
stack_bowls_three,demo_randomized,ahs,strict_paired_manifest,9,9761010,ac6980c0d6352be2938736f26df3b74bca6477b9,0,46,4.132656097412109,123.91478729248047
stack_bowls_three,demo_randomized,ahs,strict_paired_manifest,10,9761011,30b9b0fc12dc7157417e63eb486b7831d481cab6,0,46,4.243137836456299,132.56060791015625
stack_bowls_three,demo_randomized,ahs,strict_paired_manifest,11,9761013,ee0c0ba387415d6a81d9eae2012f923caa1509a8,0,43,3.977905511856079,131.9962921142578
stack_bowls_three,demo_randomized,ahs,strict_paired_manifest,12,9761014,a9ffa8c5f9ef23fa2bf698571ad5e2edbaae42ba,0,45,4.051516532897949,123.94300079345703
stack_bowls_three,demo_randomized,ahs,strict_paired_manifest,13,9761015,a9ffa8c5f9ef23fa2bf698571ad5e2edbaae42ba,0,45,3.976641893386841,121.610107421875
stack_bowls_three,demo_randomized,ahs,strict_paired_manifest,14,9761016,157350f983a65abb959b3b8dec3c58b48b9df830,0,46,4.076883316040039,130.1802520751953
stack_bowls_three,demo_randomized,ahs,strict_paired_manifest,15,9761017,dda718ff18d6af354692baa982ce23da6bee8c95,0,48,4.260512351989746,115.90575408935547
stack_bowls_three,demo_randomized,ahs,strict_paired_manifest,16,9761018,650a819d28cef1fdf60877466cafc9753ab0ff3b,1,14,1.2313847541809082,48.46358108520508
stack_bowls_three,demo_randomized,ahs,strict_paired_manifest,17,9761019,79a76dc820649b78ef9c7509d2fbe89905406566,1,16,1.390822172164917,45.88566589355469
stack_bowls_three,demo_randomized,ahs,strict_paired_manifest,18,9761020,bab6418eae0b53ad6fa6906e1e16ac2dc5c90875,0,47,4.156976699829102,110.01410675048828
stack_bowls_three,demo_randomized,ahs,strict_paired_manifest,19,9761021,863b794b70090f08d4e7759c9c16f6e91ba8c885,1,17,1.4836945533752441,49.09596252441406
stack_bowls_two,demo_clean,base,strict_paired_manifest,0,9770000,95fbbf2848f2ae237f9bbc3c9dedd48248e5ef51,1,6,5.567004680633545,33.99127197265625
stack_bowls_two,demo_clean,base,strict_paired_manifest,1,9770001,be1728c3d700fea9266d2e17e0139737cbc44d33,1,6,0.5079586505889893,24.97613525390625
stack_bowls_two,demo_clean,base,strict_paired_manifest,2,9770002,df946b73fc68ef59b8d79ad33bfbdf80a1b79c30,1,6,0.5139527320861816,25.20302963256836
stack_bowls_two,demo_clean,base,strict_paired_manifest,3,9770003,d6cfffbf9f3c048923ef322921267acd50fc1a23,1,6,0.5078010559082031,24.477155685424805
stack_bowls_two,demo_clean,base,strict_paired_manifest,4,9770004,d6a2deabc62678fb03d9133e9cc8a0a52b74377f,1,6,0.5071640014648438,25.111886978149414
stack_bowls_two,demo_clean,base,strict_paired_manifest,5,9770005,a0b55fe6ef30faf32df21fb0c086ed5d772fd6d5,1,6,0.51226806640625,28.238113403320312
stack_bowls_two,demo_clean,base,strict_paired_manifest,6,9770006,dababf6e07b8b2ea451a245de17b9d858c1d5bfc,1,6,0.5070047378540039,25.51331329345703
stack_bowls_two,demo_clean,base,strict_paired_manifest,7,9770007,39b8661229a0629bd4074a24c0f59f40167db2f3,1,6,0.5067462921142578,24.60205841064453
stack_bowls_two,demo_clean,base,strict_paired_manifest,8,9770008,0655e64fb52e321abf5c2def13e56fbaee30c2f3,1,6,0.5083956718444824,25.44968032836914
stack_bowls_two,demo_clean,base,strict_paired_manifest,9,9770009,d6fca42c7a8c641c1eaf591cb35c161938a1068f,1,7,0.5924880504608154,29.532957077026367
stack_bowls_two,demo_clean,base,strict_paired_manifest,10,9770010,c89748ff274234aab5a43321dc8c6bf7adea8676,1,7,0.5974180698394775,31.64073371887207
stack_bowls_two,demo_clean,base,strict_paired_manifest,11,9770011,02902925e776caa0cb1ff6f3acb7029f7f772577,1,7,0.5902783870697021,28.82813262939453
stack_bowls_two,demo_clean,base,strict_paired_manifest,12,9770012,b89564da5112ccaca7eea07d1cc74af1745eba60,1,6,0.5059382915496826,25.255294799804688
stack_bowls_two,demo_clean,base,strict_paired_manifest,13,9770013,adc3feb8181008b51216f4faded3114b1f4c9852,1,7,0.588637113571167,29.019367218017578
stack_bowls_two,demo_clean,base,strict_paired_manifest,14,9770014,13fb707fefad0f8d5f56e90e45cec3d76e4ec7c8,1,9,0.7584733963012695,37.98786163330078
stack_bowls_two,demo_clean,base,strict_paired_manifest,15,9770015,29f4485a8897a763252e94586a9446340c13e2bd,1,6,0.5083320140838623,28.215869903564453
stack_bowls_two,demo_clean,base,strict_paired_manifest,16,9770016,cb7343f5422a20c41f91c46a5d820104906c318d,1,6,0.505579948425293,25.44987678527832
stack_bowls_two,demo_clean,base,strict_paired_manifest,17,9770017,adc3feb8181008b51216f4faded3114b1f4c9852,1,6,0.5060741901397705,24.13486099243164
stack_bowls_two,demo_clean,base,strict_paired_manifest,18,9770018,0655e64fb52e321abf5c2def13e56fbaee30c2f3,1,6,0.509749174118042,25.222583770751953
stack_bowls_two,demo_clean,base,strict_paired_manifest,19,9770019,be1728c3d700fea9266d2e17e0139737cbc44d33,1,6,0.5089912414550781,25.405963897705078
stack_bowls_two,demo_clean,ahs,strict_paired_manifest,0,9770000,95fbbf2848f2ae237f9bbc3c9dedd48248e5ef51,0,36,8.19288158416748,83.69647216796875
stack_bowls_two,demo_clean,ahs,strict_paired_manifest,1,9770001,be1728c3d700fea9266d2e17e0139737cbc44d33,0,36,3.061466693878174,73.48560333251953
stack_bowls_two,demo_clean,ahs,strict_paired_manifest,2,9770002,df946b73fc68ef59b8d79ad33bfbdf80a1b79c30,1,10,0.8547182083129883,24.57427406311035
stack_bowls_two,demo_clean,ahs,strict_paired_manifest,3,9770003,d6cfffbf9f3c048923ef322921267acd50fc1a23,1,11,0.9384393692016602,24.16829490661621
stack_bowls_two,demo_clean,ahs,strict_paired_manifest,4,9770004,d6a2deabc62678fb03d9133e9cc8a0a52b74377f,1,11,0.9375808238983154,25.9220027923584
stack_bowls_two,demo_clean,ahs,strict_paired_manifest,5,9770005,a0b55fe6ef30faf32df21fb0c086ed5d772fd6d5,1,30,2.5647478103637695,74.23102569580078
stack_bowls_two,demo_clean,ahs,strict_paired_manifest,6,9770006,dababf6e07b8b2ea451a245de17b9d858c1d5bfc,1,11,0.9387640953063965,25.44516944885254
stack_bowls_two,demo_clean,ahs,strict_paired_manifest,7,9770007,39b8661229a0629bd4074a24c0f59f40167db2f3,1,12,1.0265307426452637,26.43705940246582
stack_bowls_two,demo_clean,ahs,strict_paired_manifest,8,9770008,0655e64fb52e321abf5c2def13e56fbaee30c2f3,1,11,0.9335801601409912,25.54999542236328
stack_bowls_two,demo_clean,ahs,strict_paired_manifest,9,9770009,d6fca42c7a8c641c1eaf591cb35c161938a1068f,1,12,1.0220527648925781,28.441843032836914
stack_bowls_two,demo_clean,ahs,strict_paired_manifest,10,9770010,c89748ff274234aab5a43321dc8c6bf7adea8676,1,12,1.0250179767608643,29.725391387939453
stack_bowls_two,demo_clean,ahs,strict_paired_manifest,11,9770011,02902925e776caa0cb1ff6f3acb7029f7f772577,1,12,1.0224249362945557,27.132753372192383
stack_bowls_two,demo_clean,ahs,strict_paired_manifest,12,9770012,b89564da5112ccaca7eea07d1cc74af1745eba60,1,17,1.4572558403015137,42.28498077392578
stack_bowls_two,demo_clean,ahs,strict_paired_manifest,13,9770013,adc3feb8181008b51216f4faded3114b1f4c9852,1,11,0.9386751651763916,26.541080474853516
stack_bowls_two,demo_clean,ahs,strict_paired_manifest,14,9770014,13fb707fefad0f8d5f56e90e45cec3d76e4ec7c8,1,11,0.9388203620910645,28.03007698059082
stack_bowls_two,demo_clean,ahs,strict_paired_manifest,15,9770015,29f4485a8897a763252e94586a9446340c13e2bd,1,11,0.9414114952087402,28.49983024597168
stack_bowls_two,demo_clean,ahs,strict_paired_manifest,16,9770016,cb7343f5422a20c41f91c46a5d820104906c318d,0,35,2.989748954772949,77.21942901611328
stack_bowls_two,demo_clean,ahs,strict_paired_manifest,17,9770017,adc3feb8181008b51216f4faded3114b1f4c9852,1,12,1.0232799053192139,23.676013946533203
stack_bowls_two,demo_clean,ahs,strict_paired_manifest,18,9770018,0655e64fb52e321abf5c2def13e56fbaee30c2f3,1,11,0.9421522617340088,25.534574508666992
stack_bowls_two,demo_clean,ahs,strict_paired_manifest,19,9770019,be1728c3d700fea9266d2e17e0139737cbc44d33,1,12,1.0209481716156006,25.414714813232422
stack_bowls_two,demo_randomized,base,strict_paired_manifest,0,9771002,52a26882d794a811a1143d64428d68930c1c56ca,1,7,6.032960891723633,42.066959381103516
stack_bowls_two,demo_randomized,base,strict_paired_manifest,1,9771003,1a03f738b4ef49530e33a0437ed682fb5e9786a2,1,6,0.5255429744720459,29.41495132446289
stack_bowls_two,demo_randomized,base,strict_paired_manifest,2,9771004,d27faaaf1a1ba4871e7803ea3b19b8cdcc10a88d,0,18,1.5535969734191895,79.57809448242188
stack_bowls_two,demo_randomized,base,strict_paired_manifest,3,9771005,62b7838229653c91d7e3f5a47a0e87deace8d9c7,1,6,0.5205831527709961,29.097671508789062
stack_bowls_two,demo_randomized,base,strict_paired_manifest,4,9771006,d6b81d3a65d330602966c13b0111db6c3285dd31,0,18,1.5732483863830566,83.7624740600586
stack_bowls_two,demo_randomized,base,strict_paired_manifest,5,9771007,0f36fd5a1ee547f614732dfd6a1862befa33fa25,1,6,0.5339465141296387,32.738731384277344
stack_bowls_two,demo_randomized,base,strict_paired_manifest,6,9771010,4ae183219aae87448ad045b8ef375396f1e0df3b,1,6,0.5305085182189941,31.541397094726562
stack_bowls_two,demo_randomized,base,strict_paired_manifest,7,9771011,b4d06639a8f07f86ebb7ea90b9efb2a026ab1398,1,10,0.8889949321746826,49.06414031982422
stack_bowls_two,demo_randomized,base,strict_paired_manifest,8,9771012,6328e96c99846cc95fadb828fc4f4ad574d4b3f8,1,6,0.5303394794464111,30.771677017211914
stack_bowls_two,demo_randomized,base,strict_paired_manifest,9,9771013,d6cfffbf9f3c048923ef322921267acd50fc1a23,1,6,0.5315325260162354,30.916513442993164
stack_bowls_two,demo_randomized,base,strict_paired_manifest,10,9771014,52a26882d794a811a1143d64428d68930c1c56ca,1,14,1.2508492469787598,69.56092834472656
stack_bowls_two,demo_randomized,base,strict_paired_manifest,11,9771015,6201b63604d94335b53621f2b9e69ff36a65f364,1,7,0.626990556716919,34.48284149169922
stack_bowls_two,demo_randomized,base,strict_paired_manifest,12,9771016,783fcc5d3fa67448d0389583bd6e31a50dd6e7b0,1,7,0.6256189346313477,36.02268600463867
stack_bowls_two,demo_randomized,base,strict_paired_manifest,13,9771017,3772de76a081bff59b53a67edb226f4084d20b5f,1,6,0.5392961502075195,30.51467514038086
stack_bowls_two,demo_randomized,base,strict_paired_manifest,14,9771019,b137271ea351ef4cd35aee16d73b7606dd9dfce7,1,6,0.5404047966003418,29.22913360595703
stack_bowls_two,demo_randomized,base,strict_paired_manifest,15,9771021,760dc65861715a2d6ac20e4a0afb83eaec45a548,1,6,0.5282731056213379,33.736629486083984
stack_bowls_two,demo_randomized,base,strict_paired_manifest,16,9771022,35a34459d77b089df704324df3d5a577b86bd401,1,6,0.5425069332122803,31.92182159423828
stack_bowls_two,demo_randomized,base,strict_paired_manifest,17,9771023,de445757a7c40cf42e1fc37812a239799691bcc9,1,13,1.1577949523925781,65.80799865722656
stack_bowls_two,demo_randomized,base,strict_paired_manifest,18,9771024,d6fca42c7a8c641c1eaf591cb35c161938a1068f,1,6,0.5410869121551514,31.215145111083984
stack_bowls_two,demo_randomized,base,strict_paired_manifest,19,9771025,99d3292b2b51f9215ef346ad63c5ff405eab6dba,0,18,1.5990564823150635,88.58067321777344
stack_bowls_two,demo_randomized,ahs,strict_paired_manifest,0,9771002,52a26882d794a811a1143d64428d68930c1c56ca,1,11,6.031481742858887,40.13141632080078
stack_bowls_two,demo_randomized,ahs,strict_paired_manifest,1,9771003,1a03f738b4ef49530e33a0437ed682fb5e9786a2,1,12,1.090372085571289,29.656574249267578
stack_bowls_two,demo_randomized,ahs,strict_paired_manifest,2,9771004,d27faaaf1a1ba4871e7803ea3b19b8cdcc10a88d,1,19,1.715050220489502,52.4755973815918
stack_bowls_two,demo_randomized,ahs,strict_paired_manifest,3,9771005,62b7838229653c91d7e3f5a47a0e87deace8d9c7,1,11,0.9794998168945312,29.248455047607422
stack_bowls_two,demo_randomized,ahs,strict_paired_manifest,4,9771006,d6b81d3a65d330602966c13b0111db6c3285dd31,0,36,3.2466745376586914,89.15092468261719
stack_bowls_two,demo_randomized,ahs,strict_paired_manifest,5,9771007,0f36fd5a1ee547f614732dfd6a1862befa33fa25,1,18,1.6337804794311523,52.257205963134766
stack_bowls_two,demo_randomized,ahs,strict_paired_manifest,6,9771010,4ae183219aae87448ad045b8ef375396f1e0df3b,1,10,0.9040279388427734,33.009220123291016
stack_bowls_two,demo_randomized,ahs,strict_paired_manifest,7,9771011,b4d06639a8f07f86ebb7ea90b9efb2a026ab1398,1,12,1.098630428314209,29.215816497802734
stack_bowls_two,demo_randomized,ahs,strict_paired_manifest,8,9771012,6328e96c99846cc95fadb828fc4f4ad574d4b3f8,1,10,0.9040114879608154,30.741113662719727
stack_bowls_two,demo_randomized,ahs,strict_paired_manifest,9,9771013,d6cfffbf9f3c048923ef322921267acd50fc1a23,1,12,1.0823404788970947,32.89301300048828
stack_bowls_two,demo_randomized,ahs,strict_paired_manifest,10,9771014,52a26882d794a811a1143d64428d68930c1c56ca,1,18,1.6214358806610107,49.62409210205078
stack_bowls_two,demo_randomized,ahs,strict_paired_manifest,11,9771015,6201b63604d94335b53621f2b9e69ff36a65f364,1,11,0.9859731197357178,30.658031463623047
stack_bowls_two,demo_randomized,ahs,strict_paired_manifest,12,9771016,783fcc5d3fa67448d0389583bd6e31a50dd6e7b0,1,11,0.9912712574005127,34.47117614746094
stack_bowls_two,demo_randomized,ahs,strict_paired_manifest,13,9771017,3772de76a081bff59b53a67edb226f4084d20b5f,1,31,2.7743091583251953,83.55486297607422
stack_bowls_two,demo_randomized,ahs,strict_paired_manifest,14,9771019,b137271ea351ef4cd35aee16d73b7606dd9dfce7,1,11,0.9916949272155762,27.651599884033203
stack_bowls_two,demo_randomized,ahs,strict_paired_manifest,15,9771021,760dc65861715a2d6ac20e4a0afb83eaec45a548,1,12,1.0874714851379395,33.711177825927734
stack_bowls_two,demo_randomized,ahs,strict_paired_manifest,16,9771022,35a34459d77b089df704324df3d5a577b86bd401,1,11,0.9967846870422363,31.78853988647461
stack_bowls_two,demo_randomized,ahs,strict_paired_manifest,17,9771023,de445757a7c40cf42e1fc37812a239799691bcc9,0,34,3.071024179458618,92.77745819091797
stack_bowls_two,demo_randomized,ahs,strict_paired_manifest,18,9771024,d6fca42c7a8c641c1eaf591cb35c161938a1068f,1,11,0.9938817024230957,31.469526290893555
stack_bowls_two,demo_randomized,ahs,strict_paired_manifest,19,9771025,99d3292b2b51f9215ef346ad63c5ff405eab6dba,1,12,1.0750083923339844,33.94980239868164
stamp_seal,demo_clean,base,strict_paired_manifest,0,9780000,008803b0688beeabb3952655030baf06f6f4f62e,0,8,5.619415283203125,37.836177825927734
stamp_seal,demo_clean,base,strict_paired_manifest,1,9780001,e9d87a6c40e6e95f92c4c8d39b208d1e3ff41d98,0,8,0.6745743751525879,28.74544906616211
stamp_seal,demo_clean,base,strict_paired_manifest,2,9780002,ed1d7bbaae93a6dd7622940e33cfe059952c2cc5,0,8,0.6778538227081299,27.936168670654297
stamp_seal,demo_clean,base,strict_paired_manifest,3,9780003,c87cb25d14f3bc7d3b1860b5ebeb0fe4cac56d21,1,3,0.2545919418334961,11.350322723388672
stamp_seal,demo_clean,base,strict_paired_manifest,4,9780004,012e9a058e59da7f5f897672823ec26d50f84a0a,1,3,0.2538440227508545,11.18831729888916
stamp_seal,demo_clean,base,strict_paired_manifest,5,9780005,c803ef15e7e519d0a50006a4ac0ec2705acbd3dd,1,4,0.3401143550872803,17.095355987548828
stamp_seal,demo_clean,base,strict_paired_manifest,6,9780006,b203bffe81d5fd07e4406d0c680b3e2d21767476,1,6,0.5070273876190186,21.722797393798828
stamp_seal,demo_clean,base,strict_paired_manifest,7,9780007,80eb5755534355b03bdb7f15b727ca15dff10c07,1,7,0.5909566879272461,24.831331253051758
stamp_seal,demo_clean,base,strict_paired_manifest,8,9780008,8bb7db5b8ef43affe4afa04cb0c98f0200ce398d,0,8,0.6728878021240234,27.893413543701172
stamp_seal,demo_clean,base,strict_paired_manifest,9,9780009,0f1d802b3e124ba9bd180dc819bd853d51436ec9,0,8,0.6785562038421631,28.53333854675293
stamp_seal,demo_clean,base,strict_paired_manifest,10,9780010,0bf4f49289bec1b937b1853d2ba630d3ee4d176e,0,8,0.6841123104095459,32.37320327758789
stamp_seal,demo_clean,base,strict_paired_manifest,11,9780011,d52de03793df1e41495993c1203b7523d8da0689,0,8,0.6727290153503418,27.846847534179688
stamp_seal,demo_clean,base,strict_paired_manifest,12,9780012,ba579093776e3880bf032435ae6f1806d10c6368,1,3,0.25242018699645996,11.072502136230469
stamp_seal,demo_clean,base,strict_paired_manifest,13,9780013,1fd334c3c0aa1f173edbde55f53e9c71a4827e9b,0,8,0.6781344413757324,29.077600479125977
stamp_seal,demo_clean,base,strict_paired_manifest,14,9780014,2a8d32f9555d81195364638591ac42e50d9a4da9,0,8,0.6750123500823975,28.83480453491211
stamp_seal,demo_clean,base,strict_paired_manifest,15,9780015,a30c5a8891fe1a69540a148379a33058a848a4e8,0,8,0.6804819107055664,31.80290985107422
stamp_seal,demo_clean,base,strict_paired_manifest,16,9780016,5a2b428c91d6909b4111d8df3e84ce5f615b038a,0,8,0.6755433082580566,28.179359436035156
stamp_seal,demo_clean,base,strict_paired_manifest,17,9780017,87e3dba97a33c8e6444d61a429a7625020c8e8a9,0,8,0.6722075939178467,29.02889060974121
stamp_seal,demo_clean,base,strict_paired_manifest,18,9780018,0608c67d059af75fb6e882815988285ae8f79c83,1,4,0.33745312690734863,13.957590103149414
stamp_seal,demo_clean,base,strict_paired_manifest,19,9780019,707d1193e6b9a48cdf180a319d22c082343e1f5d,0,8,0.6747236251831055,29.106307983398438
stamp_seal,demo_clean,ahs,strict_paired_manifest,0,9780000,008803b0688beeabb3952655030baf06f6f4f62e,0,15,6.219690799713135,40.33049774169922
stamp_seal,demo_clean,ahs,strict_paired_manifest,1,9780001,e9d87a6c40e6e95f92c4c8d39b208d1e3ff41d98,0,16,1.3649873733520508,30.666776657104492
stamp_seal,demo_clean,ahs,strict_paired_manifest,2,9780002,ed1d7bbaae93a6dd7622940e33cfe059952c2cc5,0,16,1.3529715538024902,30.036741256713867
stamp_seal,demo_clean,ahs,strict_paired_manifest,3,9780003,c87cb25d14f3bc7d3b1860b5ebeb0fe4cac56d21,1,6,0.5086359977722168,11.496487617492676
stamp_seal,demo_clean,ahs,strict_paired_manifest,4,9780004,012e9a058e59da7f5f897672823ec26d50f84a0a,1,5,0.4250659942626953,11.037736892700195
stamp_seal,demo_clean,ahs,strict_paired_manifest,5,9780005,c803ef15e7e519d0a50006a4ac0ec2705acbd3dd,0,15,1.276496171951294,32.7213249206543
stamp_seal,demo_clean,ahs,strict_paired_manifest,6,9780006,b203bffe81d5fd07e4406d0c680b3e2d21767476,0,16,1.3606092929840088,30.596981048583984
stamp_seal,demo_clean,ahs,strict_paired_manifest,7,9780007,80eb5755534355b03bdb7f15b727ca15dff10c07,0,16,1.3557543754577637,31.419097900390625
stamp_seal,demo_clean,ahs,strict_paired_manifest,8,9780008,8bb7db5b8ef43affe4afa04cb0c98f0200ce398d,0,18,1.52655029296875,30.832740783691406
stamp_seal,demo_clean,ahs,strict_paired_manifest,9,9780009,0f1d802b3e124ba9bd180dc819bd853d51436ec9,0,16,1.3578174114227295,30.646127700805664
stamp_seal,demo_clean,ahs,strict_paired_manifest,10,9780010,0bf4f49289bec1b937b1853d2ba630d3ee4d176e,0,16,1.3664348125457764,34.76459884643555
stamp_seal,demo_clean,ahs,strict_paired_manifest,11,9780011,d52de03793df1e41495993c1203b7523d8da0689,0,16,1.3556714057922363,30.217510223388672
stamp_seal,demo_clean,ahs,strict_paired_manifest,12,9780012,ba579093776e3880bf032435ae6f1806d10c6368,1,6,0.509803056716919,10.426839828491211
stamp_seal,demo_clean,ahs,strict_paired_manifest,13,9780013,1fd334c3c0aa1f173edbde55f53e9c71a4827e9b,1,6,0.5099532604217529,10.874368667602539
stamp_seal,demo_clean,ahs,strict_paired_manifest,14,9780014,2a8d32f9555d81195364638591ac42e50d9a4da9,0,18,1.527644157409668,31.21323585510254
stamp_seal,demo_clean,ahs,strict_paired_manifest,15,9780015,a30c5a8891fe1a69540a148379a33058a848a4e8,1,7,0.5904550552368164,14.824457168579102
stamp_seal,demo_clean,ahs,strict_paired_manifest,16,9780016,5a2b428c91d6909b4111d8df3e84ce5f615b038a,0,16,1.3560898303985596,31.17508316040039
stamp_seal,demo_clean,ahs,strict_paired_manifest,17,9780017,87e3dba97a33c8e6444d61a429a7625020c8e8a9,1,5,0.42310285568237305,11.639812469482422
stamp_seal,demo_clean,ahs,strict_paired_manifest,18,9780018,0608c67d059af75fb6e882815988285ae8f79c83,0,16,1.36726713180542,28.96824073791504
stamp_seal,demo_clean,ahs,strict_paired_manifest,19,9780019,707d1193e6b9a48cdf180a319d22c082343e1f5d,0,17,1.4449257850646973,31.4678897857666
stamp_seal,demo_randomized,base,strict_paired_manifest,0,9781000,92593d2cc36d38ca42e43ea39f4544d9b5e533b6,0,8,5.936214447021484,44.63178634643555
stamp_seal,demo_randomized,base,strict_paired_manifest,1,9781001,4e952c791a8d398ba69911dee4fb1901135c9fb0,0,8,0.7127113342285156,37.990928649902344
stamp_seal,demo_randomized,base,strict_paired_manifest,2,9781002,07a5bd5bca2366c9f363c8053dbe3e7ec7c6dc93,1,3,0.2551157474517822,15.829955101013184
stamp_seal,demo_randomized,base,strict_paired_manifest,3,9781003,3ad0d65f25079531f1435e4b8bb133bf16308d21,0,8,0.696401834487915,35.70414733886719
stamp_seal,demo_randomized,base,strict_paired_manifest,4,9781004,2b7dc401292edbd10b9c4407d6f5fc5179c437c7,1,3,0.27591896057128906,15.400087356567383
stamp_seal,demo_randomized,base,strict_paired_manifest,5,9781005,5ef4f54b1733ca01c1a84ae3ef748e04bdee528f,0,8,0.7104682922363281,39.620079040527344
stamp_seal,demo_randomized,base,strict_paired_manifest,6,9781006,c86020ea2246415c290a80e7f667baa8803c7ed2,0,8,0.7188258171081543,35.466766357421875
stamp_seal,demo_randomized,base,strict_paired_manifest,7,9781007,6b9be6651f6984bb56c48dea84c87599059b854b,0,8,0.7069292068481445,38.03497314453125
stamp_seal,demo_randomized,base,strict_paired_manifest,8,9781008,0f8e9ffe55978aff86b3b8127e8e3798b3c5576f,0,8,0.6964111328125,36.4760856628418
stamp_seal,demo_randomized,base,strict_paired_manifest,9,9781009,e41b485d45fbeb8b88606ba8844e706417992053,0,8,0.6905155181884766,34.82891845703125
stamp_seal,demo_randomized,base,strict_paired_manifest,10,9781010,1ab93fccb20f4448701fb6742e66360325342367,1,6,0.5251801013946533,30.734695434570312
stamp_seal,demo_randomized,base,strict_paired_manifest,11,9781011,e49c6802f2a342127c0cf6b2d15c5472758ea704,0,8,0.6980881690979004,39.03369140625
stamp_seal,demo_randomized,base,strict_paired_manifest,12,9781012,4afdf122a70e5e215385311474e7c49b39b0498f,0,8,0.7097384929656982,36.85057067871094
stamp_seal,demo_randomized,base,strict_paired_manifest,13,9781013,32d5804179e308d26b20e2cf55a79e7f761e1227,0,8,0.6984121799468994,28.946725845336914
stamp_seal,demo_randomized,base,strict_paired_manifest,14,9781014,441d62f351af38e5a6fcf029d76ad5c023beed7a,1,3,0.26534438133239746,13.93080997467041
stamp_seal,demo_randomized,base,strict_paired_manifest,15,9781017,a5e774bcf9637a3e4f9cb416ba5039317949c116,1,3,0.2707359790802002,17.40787124633789
stamp_seal,demo_randomized,base,strict_paired_manifest,16,9781019,22255a62bc7522b338be21f2500c9b808e0bd989,0,8,0.7030332088470459,37.350765228271484
stamp_seal,demo_randomized,base,strict_paired_manifest,17,9781020,6442973fc81927dac734a53f42d54791ac6a83c1,0,8,0.7142717838287354,37.71710968017578
stamp_seal,demo_randomized,base,strict_paired_manifest,18,9781021,3746b03396f69e4854f3c39ccfd36024184302da,0,8,0.6820268630981445,35.22582244873047
stamp_seal,demo_randomized,base,strict_paired_manifest,19,9781022,19bdfa2ae2f31b78cad732b141ae062c96d87e59,0,8,0.6741607189178467,32.80146789550781
stamp_seal,demo_randomized,ahs,strict_paired_manifest,0,9781000,92593d2cc36d38ca42e43ea39f4544d9b5e533b6,0,18,6.667952060699463,46.049564361572266
stamp_seal,demo_randomized,ahs,strict_paired_manifest,1,9781001,4e952c791a8d398ba69911dee4fb1901135c9fb0,1,6,0.5415761470794678,14.629301071166992
stamp_seal,demo_randomized,ahs,strict_paired_manifest,2,9781002,07a5bd5bca2366c9f363c8053dbe3e7ec7c6dc93,1,13,1.1462912559509277,32.4958610534668
stamp_seal,demo_randomized,ahs,strict_paired_manifest,3,9781003,3ad0d65f25079531f1435e4b8bb133bf16308d21,0,16,1.4060580730438232,36.69761276245117
stamp_seal,demo_randomized,ahs,strict_paired_manifest,4,9781004,2b7dc401292edbd10b9c4407d6f5fc5179c437c7,0,16,1.4356365203857422,39.95358657836914
stamp_seal,demo_randomized,ahs,strict_paired_manifest,5,9781005,5ef4f54b1733ca01c1a84ae3ef748e04bdee528f,0,17,1.5198917388916016,43.686988830566406
stamp_seal,demo_randomized,ahs,strict_paired_manifest,6,9781006,c86020ea2246415c290a80e7f667baa8803c7ed2,1,12,1.0468130111694336,27.603595733642578
stamp_seal,demo_randomized,ahs,strict_paired_manifest,7,9781007,6b9be6651f6984bb56c48dea84c87599059b854b,0,15,1.3253552913665771,40.20381164550781
stamp_seal,demo_randomized,ahs,strict_paired_manifest,8,9781008,0f8e9ffe55978aff86b3b8127e8e3798b3c5576f,1,6,0.5451858043670654,15.449317932128906
stamp_seal,demo_randomized,ahs,strict_paired_manifest,9,9781009,e41b485d45fbeb8b88606ba8844e706417992053,0,14,1.2612428665161133,37.09895324707031
stamp_seal,demo_randomized,ahs,strict_paired_manifest,10,9781010,1ab93fccb20f4448701fb6742e66360325342367,1,6,0.5465822219848633,17.849868774414062
stamp_seal,demo_randomized,ahs,strict_paired_manifest,11,9781011,e49c6802f2a342127c0cf6b2d15c5472758ea704,0,16,1.4633784294128418,42.280696868896484
stamp_seal,demo_randomized,ahs,strict_paired_manifest,12,9781012,4afdf122a70e5e215385311474e7c49b39b0498f,0,17,1.565068244934082,42.27619171142578
stamp_seal,demo_randomized,ahs,strict_paired_manifest,13,9781013,32d5804179e308d26b20e2cf55a79e7f761e1227,0,17,1.5371196269989014,32.668888092041016
stamp_seal,demo_randomized,ahs,strict_paired_manifest,14,9781014,441d62f351af38e5a6fcf029d76ad5c023beed7a,0,16,1.4200983047485352,36.5562629699707
stamp_seal,demo_randomized,ahs,strict_paired_manifest,15,9781017,a5e774bcf9637a3e4f9cb416ba5039317949c116,0,19,1.6950101852416992,44.29010772705078
stamp_seal,demo_randomized,ahs,strict_paired_manifest,16,9781019,22255a62bc7522b338be21f2500c9b808e0bd989,0,16,1.4029436111450195,38.16130828857422
stamp_seal,demo_randomized,ahs,strict_paired_manifest,17,9781020,6442973fc81927dac734a53f42d54791ac6a83c1,0,16,1.42795729637146,38.618873596191406
stamp_seal,demo_randomized,ahs,strict_paired_manifest,18,9781021,3746b03396f69e4854f3c39ccfd36024184302da,1,6,0.5336625576019287,13.992283821105957
stamp_seal,demo_randomized,ahs,strict_paired_manifest,19,9781022,19bdfa2ae2f31b78cad732b141ae062c96d87e59,0,16,1.4104702472686768,36.640621185302734
turn_switch,demo_clean,base,strict_paired_manifest,0,9790000,63bf547fdb566f824725b282b87ae5e7926b512a,0,8,5.803796291351318,36.46284103393555
turn_switch,demo_clean,base,strict_paired_manifest,1,9790001,3e92dfb0b81fcae1cc384b387f5b17943800e59b,0,8,0.6873962879180908,40.656070709228516
turn_switch,demo_clean,base,strict_paired_manifest,2,9790002,fc8bd38b9f702781cc998bebe25e5162c0d90cd6,1,2,0.16917920112609863,7.090471267700195
turn_switch,demo_clean,base,strict_paired_manifest,3,9790003,723cfa2fecfe027e275b79f5bec4b71f491533c9,0,8,0.6741142272949219,26.677093505859375
turn_switch,demo_clean,base,strict_paired_manifest,4,9790004,8ef7683a4db596f8f4020288be8c90caff07f516,1,2,0.16983723640441895,7.515440940856934
turn_switch,demo_clean,base,strict_paired_manifest,5,9790005,c379fb7376384e5e601696ef049ca52566b6b9af,1,2,0.17222023010253906,10.741948127746582
turn_switch,demo_clean,base,strict_paired_manifest,6,9790006,e5f63506dc4f41d2f93c68612a859ab9fc47278a,1,2,0.16886425018310547,6.959896087646484
turn_switch,demo_clean,base,strict_paired_manifest,7,9790007,ea688dba191ae8545e54b2f797a8020ef58f3ef3,1,2,0.1700422763824463,8.076671600341797
turn_switch,demo_clean,base,strict_paired_manifest,8,9790008,e8d4f77ca7e1772bca0d42293889c9bf3caaafbb,1,3,0.2531890869140625,10.529874801635742
turn_switch,demo_clean,base,strict_paired_manifest,9,9790009,a464da20bad98ca87ab55c7dba0d4258cc3660c5,0,8,0.6741862297058105,32.300575256347656
turn_switch,demo_clean,base,strict_paired_manifest,10,9790010,06fd2e284dd21508ade3928232cd65ab2ee609ab,0,8,0.6818809509277344,31.972415924072266
turn_switch,demo_clean,base,strict_paired_manifest,11,9790011,eabc065f0cbace805e6003e9ea4b38d611af6391,0,8,0.6757500171661377,29.040958404541016
turn_switch,demo_clean,base,strict_paired_manifest,12,9790012,e07bc07a61a4b87b64dac86799d365bfc62cd8d5,0,8,0.6814992427825928,34.4626350402832
turn_switch,demo_clean,base,strict_paired_manifest,13,9790013,d3932327dee48d8705a1c6b3527ad4a911ec9b84,0,8,0.6758582592010498,29.118337631225586
turn_switch,demo_clean,base,strict_paired_manifest,14,9790014,9857ac47164b68201976411689cf73b2836452df,1,2,0.16880178451538086,7.507227897644043
turn_switch,demo_clean,base,strict_paired_manifest,15,9790015,929420d1e03e5d78e33ba0b1c0989f3ad3276950,0,8,0.6806352138519287,35.523353576660156
turn_switch,demo_clean,base,strict_paired_manifest,16,9790016,e5f63506dc4f41d2f93c68612a859ab9fc47278a,1,2,0.16861772537231445,6.955018520355225
turn_switch,demo_clean,base,strict_paired_manifest,17,9790017,6c08436d2bdc9abd3af0e151402a68325344f588,0,8,0.6759164333343506,31.689720153808594
turn_switch,demo_clean,base,strict_paired_manifest,18,9790018,01ee6440d8ba6f0c6148e62171ff2075c3b897f7,0,8,0.6754229068756104,31.472557067871094
turn_switch,demo_clean,base,strict_paired_manifest,19,9790019,a8c336d122a142f37c6a548eecadc0c0bdc33888,0,8,0.6751697063446045,29.02045440673828
turn_switch,demo_clean,ahs,strict_paired_manifest,0,9790000,63bf547fdb566f824725b282b87ae5e7926b512a,0,18,6.570367813110352,38.293556213378906
turn_switch,demo_clean,ahs,strict_paired_manifest,1,9790001,3e92dfb0b81fcae1cc384b387f5b17943800e59b,0,14,1.196366548538208,41.7744140625
turn_switch,demo_clean,ahs,strict_paired_manifest,2,9790002,fc8bd38b9f702781cc998bebe25e5162c0d90cd6,1,4,0.34034085273742676,7.606873989105225
turn_switch,demo_clean,ahs,strict_paired_manifest,3,9790003,723cfa2fecfe027e275b79f5bec4b71f491533c9,0,14,1.1902306079864502,29.572324752807617
turn_switch,demo_clean,ahs,strict_paired_manifest,4,9790004,8ef7683a4db596f8f4020288be8c90caff07f516,1,3,0.2544682025909424,5.7106218338012695
turn_switch,demo_clean,ahs,strict_paired_manifest,5,9790005,c379fb7376384e5e601696ef049ca52566b6b9af,1,3,0.25600671768188477,9.1517333984375
turn_switch,demo_clean,ahs,strict_paired_manifest,6,9790006,e5f63506dc4f41d2f93c68612a859ab9fc47278a,1,3,0.25562429428100586,5.945307731628418
turn_switch,demo_clean,ahs,strict_paired_manifest,7,9790007,ea688dba191ae8545e54b2f797a8020ef58f3ef3,1,2,0.16884922981262207,5.19413948059082
turn_switch,demo_clean,ahs,strict_paired_manifest,8,9790008,e8d4f77ca7e1772bca0d42293889c9bf3caaafbb,1,4,0.3370673656463623,6.699919700622559
turn_switch,demo_clean,ahs,strict_paired_manifest,9,9790009,a464da20bad98ca87ab55c7dba0d4258cc3660c5,0,17,1.4455361366271973,32.4021110534668
turn_switch,demo_clean,ahs,strict_paired_manifest,10,9790010,06fd2e284dd21508ade3928232cd65ab2ee609ab,0,18,1.5349812507629395,34.300819396972656
turn_switch,demo_clean,ahs,strict_paired_manifest,11,9790011,eabc065f0cbace805e6003e9ea4b38d611af6391,1,4,0.3396575450897217,9.713691711425781
turn_switch,demo_clean,ahs,strict_paired_manifest,12,9790012,e07bc07a61a4b87b64dac86799d365bfc62cd8d5,0,16,1.3604211807250977,36.42332077026367
turn_switch,demo_clean,ahs,strict_paired_manifest,13,9790013,d3932327dee48d8705a1c6b3527ad4a911ec9b84,0,16,1.3625168800354004,31.977760314941406
turn_switch,demo_clean,ahs,strict_paired_manifest,14,9790014,9857ac47164b68201976411689cf73b2836452df,0,16,1.3700783252716064,32.512939453125
turn_switch,demo_clean,ahs,strict_paired_manifest,15,9790015,929420d1e03e5d78e33ba0b1c0989f3ad3276950,0,13,1.1112771034240723,35.99817657470703
turn_switch,demo_clean,ahs,strict_paired_manifest,16,9790016,e5f63506dc4f41d2f93c68612a859ab9fc47278a,1,3,0.2540266513824463,4.630679130554199
turn_switch,demo_clean,ahs,strict_paired_manifest,17,9790017,6c08436d2bdc9abd3af0e151402a68325344f588,0,18,1.5283973217010498,35.0528564453125
turn_switch,demo_clean,ahs,strict_paired_manifest,18,9790018,01ee6440d8ba6f0c6148e62171ff2075c3b897f7,0,18,1.531724214553833,35.022422790527344
turn_switch,demo_clean,ahs,strict_paired_manifest,19,9790019,a8c336d122a142f37c6a548eecadc0c0bdc33888,0,16,1.3538005352020264,29.77115249633789
turn_switch,demo_randomized,base,strict_paired_manifest,0,9791000,cdc6fd1794dbb5b2c2b4f3c37e8da6659f916740,1,2,5.358423709869385,17.898786544799805
turn_switch,demo_randomized,base,strict_paired_manifest,1,9791001,fa96ef7aa590ca1fb99eef589827a0447cfaeabd,0,8,0.7026157379150391,36.046417236328125
turn_switch,demo_randomized,base,strict_paired_manifest,2,9791002,89dfb038cadfc05da73e01fea98ed819f0099267,0,8,0.6934218406677246,35.675254821777344
turn_switch,demo_randomized,base,strict_paired_manifest,3,9791003,6fc3e9a8a9940c44bdc95567b1452ed05e1e68ef,0,8,0.688361406326294,33.607635498046875
turn_switch,demo_randomized,base,strict_paired_manifest,4,9791004,8ade31f74a7c22065455d48a9a63225c1d33e4a0,0,8,0.7013700008392334,36.42880630493164
turn_switch,demo_randomized,base,strict_paired_manifest,5,9791005,b49d9189f73af8cb188340e72dc3fde853faf3bf,0,8,0.7006642818450928,37.77009582519531
turn_switch,demo_randomized,base,strict_paired_manifest,6,9791006,be2b73d93211d885cdcbba53bad20235ab17bf3b,0,8,0.6963129043579102,35.03521728515625
turn_switch,demo_randomized,base,strict_paired_manifest,7,9791007,cd1a7c151e91a770e81cb089967e3127300c79e5,1,2,0.17935609817504883,9.279102325439453
turn_switch,demo_randomized,base,strict_paired_manifest,8,9791008,d99ad0c1cfac08a8b53078b9617d68e61462b723,0,8,0.6996023654937744,33.571903228759766
turn_switch,demo_randomized,base,strict_paired_manifest,9,9791009,89dfb038cadfc05da73e01fea98ed819f0099267,0,8,0.7043142318725586,34.85615158081055
turn_switch,demo_randomized,base,strict_paired_manifest,10,9791010,2253f073f0ae960b9927fe3dfb9b7969234c2b67,0,8,0.7011480331420898,38.94119644165039
turn_switch,demo_randomized,base,strict_paired_manifest,11,9791011,125db256d4cceccff6d7fd2d84c5547d4b45c3a8,1,2,0.1795361042022705,10.258974075317383
turn_switch,demo_randomized,base,strict_paired_manifest,12,9791013,f080e22c00de537bf224d85b32b0d85a4e42d634,0,8,0.7179319858551025,35.52460861206055
turn_switch,demo_randomized,base,strict_paired_manifest,13,9791014,420f5250260252c58f164291275848ff0e0e7f39,0,8,0.7173783779144287,35.648223876953125
turn_switch,demo_randomized,base,strict_paired_manifest,14,9791015,6ff6b9865f54ba1f857110ac30d35fe05c05becd,1,2,0.17504239082336426,9.451961517333984
turn_switch,demo_randomized,base,strict_paired_manifest,15,9791016,fa224cc5e2f486642d165a785d5380d43fdb460c,0,8,0.7232248783111572,35.79279327392578
turn_switch,demo_randomized,base,strict_paired_manifest,16,9791017,dd9a816dcadc78a8cac7a30ea6e58cee3a7199c0,0,8,0.7054495811462402,37.141258239746094
turn_switch,demo_randomized,base,strict_paired_manifest,17,9791018,8ef7683a4db596f8f4020288be8c90caff07f516,0,8,0.7126743793487549,35.69502258300781
turn_switch,demo_randomized,base,strict_paired_manifest,18,9791019,7b18648cc10b024ead071451ea765be2b62e46d5,1,2,0.1847400665283203,12.357309341430664
turn_switch,demo_randomized,base,strict_paired_manifest,19,9791020,45b0e9f4ff0133662711a633b0b35cf4fcf5c932,0,8,0.7038872241973877,35.556636810302734
turn_switch,demo_randomized,ahs,strict_paired_manifest,0,9791000,cdc6fd1794dbb5b2c2b4f3c37e8da6659f916740,1,3,5.459263324737549,15.537638664245605
turn_switch,demo_randomized,ahs,strict_paired_manifest,1,9791001,fa96ef7aa590ca1fb99eef589827a0447cfaeabd,0,17,1.5216631889343262,39.40687942504883
turn_switch,demo_randomized,ahs,strict_paired_manifest,2,9791002,89dfb038cadfc05da73e01fea98ed819f0099267,0,19,1.6672451496124268,38.85164260864258
turn_switch,demo_randomized,ahs,strict_paired_manifest,3,9791003,6fc3e9a8a9940c44bdc95567b1452ed05e1e68ef,0,18,1.5967826843261719,37.014678955078125
turn_switch,demo_randomized,ahs,strict_paired_manifest,4,9791004,8ade31f74a7c22065455d48a9a63225c1d33e4a0,0,16,1.450960397720337,40.55155944824219
turn_switch,demo_randomized,ahs,strict_paired_manifest,5,9791005,b49d9189f73af8cb188340e72dc3fde853faf3bf,0,16,1.439161777496338,40.881103515625
turn_switch,demo_randomized,ahs,strict_paired_manifest,6,9791006,be2b73d93211d885cdcbba53bad20235ab17bf3b,0,19,1.6926684379577637,43.1910514831543
turn_switch,demo_randomized,ahs,strict_paired_manifest,7,9791007,cd1a7c151e91a770e81cb089967e3127300c79e5,1,3,0.2708094120025635,7.2803144454956055
turn_switch,demo_randomized,ahs,strict_paired_manifest,8,9791008,d99ad0c1cfac08a8b53078b9617d68e61462b723,0,15,1.3484296798706055,37.277469635009766
turn_switch,demo_randomized,ahs,strict_paired_manifest,9,9791009,89dfb038cadfc05da73e01fea98ed819f0099267,1,3,0.277019739151001,7.583712577819824
turn_switch,demo_randomized,ahs,strict_paired_manifest,10,9791010,2253f073f0ae960b9927fe3dfb9b7969234c2b67,0,15,1.34027099609375,41.30126190185547
turn_switch,demo_randomized,ahs,strict_paired_manifest,11,9791011,125db256d4cceccff6d7fd2d84c5547d4b45c3a8,1,3,0.2681467533111572,8.987506866455078
turn_switch,demo_randomized,ahs,strict_paired_manifest,12,9791013,f080e22c00de537bf224d85b32b0d85a4e42d634,0,15,1.3418269157409668,37.321205139160156
turn_switch,demo_randomized,ahs,strict_paired_manifest,13,9791014,420f5250260252c58f164291275848ff0e0e7f39,0,16,1.4274210929870605,37.13370132446289
turn_switch,demo_randomized,ahs,strict_paired_manifest,14,9791015,6ff6b9865f54ba1f857110ac30d35fe05c05becd,0,16,1.428527593612671,38.04469680786133
turn_switch,demo_randomized,ahs,strict_paired_manifest,15,9791016,fa224cc5e2f486642d165a785d5380d43fdb460c,0,15,1.3240642547607422,38.24894332885742
turn_switch,demo_randomized,ahs,strict_paired_manifest,16,9791017,dd9a816dcadc78a8cac7a30ea6e58cee3a7199c0,0,17,1.5175426006317139,39.205047607421875
turn_switch,demo_randomized,ahs,strict_paired_manifest,17,9791018,8ef7683a4db596f8f4020288be8c90caff07f516,0,15,1.329026222229004,37.18741226196289
turn_switch,demo_randomized,ahs,strict_paired_manifest,18,9791019,7b18648cc10b024ead071451ea765be2b62e46d5,1,3,0.26895856857299805,12.014084815979004
turn_switch,demo_randomized,ahs,strict_paired_manifest,19,9791020,45b0e9f4ff0133662711a633b0b35cf4fcf5c932,0,15,1.3333656787872314,37.77413558959961
