task,setting,method,episode_id,episode_seed,success,policy_calls,policy_infer_seconds,wall_seconds,manifest_sha256
pnp_bottle_to_cabinet_close,tabletop,base,pnp_bottle_to_cabinet_close__seed00000,0,1,45,8.34034261998022,23.91109979400062,01c1f36fdcfb6f9c94a079cf38f38be6ed21df60c4bbde7df860ced8ae0cdf17
pnp_bottle_to_cabinet_close,tabletop,base,pnp_bottle_to_cabinet_close__seed00001,1,0,45,3.5577529610600322,23.63946827899781,01c1f36fdcfb6f9c94a079cf38f38be6ed21df60c4bbde7df860ced8ae0cdf17
pnp_bottle_to_cabinet_close,tabletop,base,pnp_bottle_to_cabinet_close__seed00002,2,1,45,3.570290453848429,17.017434763984056,01c1f36fdcfb6f9c94a079cf38f38be6ed21df60c4bbde7df860ced8ae0cdf17
pnp_bottle_to_cabinet_close,tabletop,base,pnp_bottle_to_cabinet_close__seed00003,3,1,45,3.5725612631067634,26.257083196018357,01c1f36fdcfb6f9c94a079cf38f38be6ed21df60c4bbde7df860ced8ae0cdf17
pnp_bottle_to_cabinet_close,tabletop,base,pnp_bottle_to_cabinet_close__seed00004,4,1,45,3.5716925268643536,18.35253552100039,01c1f36fdcfb6f9c94a079cf38f38be6ed21df60c4bbde7df860ced8ae0cdf17
pnp_bottle_to_cabinet_close,tabletop,base,pnp_bottle_to_cabinet_close__seed00005,5,1,45,3.5731271560653113,19.43272046299535,01c1f36fdcfb6f9c94a079cf38f38be6ed21df60c4bbde7df860ced8ae0cdf17
pnp_bottle_to_cabinet_close,tabletop,base,pnp_bottle_to_cabinet_close__seed00006,6,0,45,3.5812341850833036,18.816377792012645,01c1f36fdcfb6f9c94a079cf38f38be6ed21df60c4bbde7df860ced8ae0cdf17
pnp_bottle_to_cabinet_close,tabletop,base,pnp_bottle_to_cabinet_close__seed00007,7,1,45,3.5624903269927017,22.26826199601055,01c1f36fdcfb6f9c94a079cf38f38be6ed21df60c4bbde7df860ced8ae0cdf17
pnp_bottle_to_cabinet_close,tabletop,base,pnp_bottle_to_cabinet_close__seed00008,8,1,45,3.562402623007074,22.161580040003173,01c1f36fdcfb6f9c94a079cf38f38be6ed21df60c4bbde7df860ced8ae0cdf17
pnp_bottle_to_cabinet_close,tabletop,base,pnp_bottle_to_cabinet_close__seed00009,9,1,45,3.574334992968943,17.084119036007905,01c1f36fdcfb6f9c94a079cf38f38be6ed21df60c4bbde7df860ced8ae0cdf17
pnp_bottle_to_cabinet_close,tabletop,base,pnp_bottle_to_cabinet_close__seed00010,10,1,45,3.5694216990086716,18.683764048997546,01c1f36fdcfb6f9c94a079cf38f38be6ed21df60c4bbde7df860ced8ae0cdf17
pnp_bottle_to_cabinet_close,tabletop,base,pnp_bottle_to_cabinet_close__seed00011,11,1,45,3.570029433059972,16.86165463598445,01c1f36fdcfb6f9c94a079cf38f38be6ed21df60c4bbde7df860ced8ae0cdf17
pnp_bottle_to_cabinet_close,tabletop,base,pnp_bottle_to_cabinet_close__seed00012,12,1,45,3.5637717169884127,16.509594656003173,01c1f36fdcfb6f9c94a079cf38f38be6ed21df60c4bbde7df860ced8ae0cdf17
pnp_bottle_to_cabinet_close,tabletop,base,pnp_bottle_to_cabinet_close__seed00013,13,1,45,3.576100142876385,18.359508980007377,01c1f36fdcfb6f9c94a079cf38f38be6ed21df60c4bbde7df860ced8ae0cdf17
pnp_bottle_to_cabinet_close,tabletop,base,pnp_bottle_to_cabinet_close__seed00014,14,1,45,3.5801939898519777,26.643407334020594,01c1f36fdcfb6f9c94a079cf38f38be6ed21df60c4bbde7df860ced8ae0cdf17
pnp_bottle_to_cabinet_close,tabletop,base,pnp_bottle_to_cabinet_close__seed00015,15,0,45,3.58515912402072,17.048973836994264,01c1f36fdcfb6f9c94a079cf38f38be6ed21df60c4bbde7df860ced8ae0cdf17
pnp_bottle_to_cabinet_close,tabletop,base,pnp_bottle_to_cabinet_close__seed00016,16,0,45,3.5823949929035734,18.15459531301167,01c1f36fdcfb6f9c94a079cf38f38be6ed21df60c4bbde7df860ced8ae0cdf17
pnp_bottle_to_cabinet_close,tabletop,base,pnp_bottle_to_cabinet_close__seed00017,17,1,45,3.5773671910865232,23.20362310000928,01c1f36fdcfb6f9c94a079cf38f38be6ed21df60c4bbde7df860ced8ae0cdf17
pnp_bottle_to_cabinet_close,tabletop,base,pnp_bottle_to_cabinet_close__seed00018,18,0,45,3.568784266972216,18.74149478599429,01c1f36fdcfb6f9c94a079cf38f38be6ed21df60c4bbde7df860ced8ae0cdf17
pnp_bottle_to_cabinet_close,tabletop,base,pnp_bottle_to_cabinet_close__seed00019,19,0,45,3.5668181671353523,17.87914005998755,01c1f36fdcfb6f9c94a079cf38f38be6ed21df60c4bbde7df860ced8ae0cdf17
pnp_bottle_to_cabinet_close,tabletop,base,pnp_bottle_to_cabinet_close__seed00020,20,1,45,3.5785266330640297,17.766446921013994,01c1f36fdcfb6f9c94a079cf38f38be6ed21df60c4bbde7df860ced8ae0cdf17
pnp_bottle_to_cabinet_close,tabletop,base,pnp_bottle_to_cabinet_close__seed00021,21,0,45,3.583302382088732,18.599361182015855,01c1f36fdcfb6f9c94a079cf38f38be6ed21df60c4bbde7df860ced8ae0cdf17
pnp_bottle_to_cabinet_close,tabletop,base,pnp_bottle_to_cabinet_close__seed00022,22,1,45,3.585957952949684,18.589834206009982,01c1f36fdcfb6f9c94a079cf38f38be6ed21df60c4bbde7df860ced8ae0cdf17
pnp_bottle_to_cabinet_close,tabletop,base,pnp_bottle_to_cabinet_close__seed00023,23,1,45,3.5627328889095224,17.524996205989737,01c1f36fdcfb6f9c94a079cf38f38be6ed21df60c4bbde7df860ced8ae0cdf17
pnp_bottle_to_cabinet_close,tabletop,base,pnp_bottle_to_cabinet_close__seed00024,24,0,45,3.5561155639297795,16.296664396009874,01c1f36fdcfb6f9c94a079cf38f38be6ed21df60c4bbde7df860ced8ae0cdf17
pnp_bottle_to_cabinet_close,tabletop,base,pnp_bottle_to_cabinet_close__seed00025,25,1,45,3.5643940689624287,16.585131425003055,01c1f36fdcfb6f9c94a079cf38f38be6ed21df60c4bbde7df860ced8ae0cdf17
pnp_bottle_to_cabinet_close,tabletop,base,pnp_bottle_to_cabinet_close__seed00026,26,1,45,3.5685778970073443,18.370982112013735,01c1f36fdcfb6f9c94a079cf38f38be6ed21df60c4bbde7df860ced8ae0cdf17
pnp_bottle_to_cabinet_close,tabletop,base,pnp_bottle_to_cabinet_close__seed00027,27,1,45,3.5667687821551226,17.054704299021978,01c1f36fdcfb6f9c94a079cf38f38be6ed21df60c4bbde7df860ced8ae0cdf17
pnp_bottle_to_cabinet_close,tabletop,base,pnp_bottle_to_cabinet_close__seed00028,28,0,45,3.574385180021636,22.4320049599919,01c1f36fdcfb6f9c94a079cf38f38be6ed21df60c4bbde7df860ced8ae0cdf17
pnp_bottle_to_cabinet_close,tabletop,base,pnp_bottle_to_cabinet_close__seed00029,29,1,45,3.5594784080749378,17.58183601597557,01c1f36fdcfb6f9c94a079cf38f38be6ed21df60c4bbde7df860ced8ae0cdf17
pnp_bottle_to_cabinet_close,tabletop,base,pnp_bottle_to_cabinet_close__seed00030,30,1,45,3.5786175290704705,17.581202720000874,01c1f36fdcfb6f9c94a079cf38f38be6ed21df60c4bbde7df860ced8ae0cdf17
pnp_bottle_to_cabinet_close,tabletop,base,pnp_bottle_to_cabinet_close__seed00031,31,0,45,3.5692878230765928,16.70885932899546,01c1f36fdcfb6f9c94a079cf38f38be6ed21df60c4bbde7df860ced8ae0cdf17
pnp_bottle_to_cabinet_close,tabletop,base,pnp_bottle_to_cabinet_close__seed00032,32,1,45,3.5596985569864046,16.127290323987836,01c1f36fdcfb6f9c94a079cf38f38be6ed21df60c4bbde7df860ced8ae0cdf17
pnp_bottle_to_cabinet_close,tabletop,base,pnp_bottle_to_cabinet_close__seed00033,33,1,45,3.555024621047778,22.01328670998919,01c1f36fdcfb6f9c94a079cf38f38be6ed21df60c4bbde7df860ced8ae0cdf17
pnp_bottle_to_cabinet_close,tabletop,base,pnp_bottle_to_cabinet_close__seed00034,34,0,45,3.5597960058948956,17.79944025797886,01c1f36fdcfb6f9c94a079cf38f38be6ed21df60c4bbde7df860ced8ae0cdf17
pnp_bottle_to_cabinet_close,tabletop,base,pnp_bottle_to_cabinet_close__seed00035,35,1,45,3.5491618141240906,23.234879102004925,01c1f36fdcfb6f9c94a079cf38f38be6ed21df60c4bbde7df860ced8ae0cdf17
pnp_bottle_to_cabinet_close,tabletop,base,pnp_bottle_to_cabinet_close__seed00036,36,0,45,3.561765243910486,17.406587485980708,01c1f36fdcfb6f9c94a079cf38f38be6ed21df60c4bbde7df860ced8ae0cdf17
pnp_bottle_to_cabinet_close,tabletop,base,pnp_bottle_to_cabinet_close__seed00037,37,1,45,3.557585906062741,17.050806612009183,01c1f36fdcfb6f9c94a079cf38f38be6ed21df60c4bbde7df860ced8ae0cdf17
pnp_bottle_to_cabinet_close,tabletop,base,pnp_bottle_to_cabinet_close__seed00038,38,0,45,3.5647382820025086,18.803889625996817,01c1f36fdcfb6f9c94a079cf38f38be6ed21df60c4bbde7df860ced8ae0cdf17
pnp_bottle_to_cabinet_close,tabletop,base,pnp_bottle_to_cabinet_close__seed00039,39,1,45,3.5731409769214224,19.299568379996344,01c1f36fdcfb6f9c94a079cf38f38be6ed21df60c4bbde7df860ced8ae0cdf17
pnp_bottle_to_cabinet_close,tabletop,base,pnp_bottle_to_cabinet_close__seed00040,40,1,45,3.566146327968454,18.026526087982347,01c1f36fdcfb6f9c94a079cf38f38be6ed21df60c4bbde7df860ced8ae0cdf17
pnp_bottle_to_cabinet_close,tabletop,base,pnp_bottle_to_cabinet_close__seed00041,41,1,45,3.558601320022717,25.576660302001983,01c1f36fdcfb6f9c94a079cf38f38be6ed21df60c4bbde7df860ced8ae0cdf17
pnp_bottle_to_cabinet_close,tabletop,base,pnp_bottle_to_cabinet_close__seed00042,42,0,45,3.548801108059706,20.914429550000932,01c1f36fdcfb6f9c94a079cf38f38be6ed21df60c4bbde7df860ced8ae0cdf17
pnp_bottle_to_cabinet_close,tabletop,base,pnp_bottle_to_cabinet_close__seed00043,43,1,45,3.552252738038078,22.560952605999773,01c1f36fdcfb6f9c94a079cf38f38be6ed21df60c4bbde7df860ced8ae0cdf17
pnp_bottle_to_cabinet_close,tabletop,base,pnp_bottle_to_cabinet_close__seed00044,44,1,45,3.5658550670486875,26.382474359998014,01c1f36fdcfb6f9c94a079cf38f38be6ed21df60c4bbde7df860ced8ae0cdf17
pnp_bottle_to_cabinet_close,tabletop,base,pnp_bottle_to_cabinet_close__seed00045,45,1,45,3.5659579669882078,18.33221764798509,01c1f36fdcfb6f9c94a079cf38f38be6ed21df60c4bbde7df860ced8ae0cdf17
pnp_bottle_to_cabinet_close,tabletop,base,pnp_bottle_to_cabinet_close__seed00046,46,1,45,3.5777710640977602,17.767866017005872,01c1f36fdcfb6f9c94a079cf38f38be6ed21df60c4bbde7df860ced8ae0cdf17
pnp_bottle_to_cabinet_close,tabletop,base,pnp_bottle_to_cabinet_close__seed00047,47,0,45,3.608469490049174,18.530226892005885,01c1f36fdcfb6f9c94a079cf38f38be6ed21df60c4bbde7df860ced8ae0cdf17
pnp_bottle_to_cabinet_close,tabletop,base,pnp_bottle_to_cabinet_close__seed00048,48,0,45,3.565032771875849,17.589689099986572,01c1f36fdcfb6f9c94a079cf38f38be6ed21df60c4bbde7df860ced8ae0cdf17
pnp_bottle_to_cabinet_close,tabletop,base,pnp_bottle_to_cabinet_close__seed00049,49,0,45,3.5712416491587646,18.623961256991606,01c1f36fdcfb6f9c94a079cf38f38be6ed21df60c4bbde7df860ced8ae0cdf17
pnp_can_to_drawer_close,tabletop,base,pnp_can_to_drawer_close__seed00000,0,0,45,3.5302303379867226,16.616195177979534,01c1f36fdcfb6f9c94a079cf38f38be6ed21df60c4bbde7df860ced8ae0cdf17
pnp_can_to_drawer_close,tabletop,base,pnp_can_to_drawer_close__seed00001,1,0,45,3.5453015850798693,17.373478230001638,01c1f36fdcfb6f9c94a079cf38f38be6ed21df60c4bbde7df860ced8ae0cdf17
pnp_can_to_drawer_close,tabletop,base,pnp_can_to_drawer_close__seed00002,2,0,45,3.5407583400665317,15.902289577003103,01c1f36fdcfb6f9c94a079cf38f38be6ed21df60c4bbde7df860ced8ae0cdf17
pnp_can_to_drawer_close,tabletop,base,pnp_can_to_drawer_close__seed00003,3,1,45,3.535071280930424,15.153694765002001,01c1f36fdcfb6f9c94a079cf38f38be6ed21df60c4bbde7df860ced8ae0cdf17
pnp_can_to_drawer_close,tabletop,base,pnp_can_to_drawer_close__seed00004,4,1,45,3.527275115979137,18.26135890898877,01c1f36fdcfb6f9c94a079cf38f38be6ed21df60c4bbde7df860ced8ae0cdf17
pnp_can_to_drawer_close,tabletop,base,pnp_can_to_drawer_close__seed00005,5,1,45,3.5304982080415357,17.41226031500264,01c1f36fdcfb6f9c94a079cf38f38be6ed21df60c4bbde7df860ced8ae0cdf17
pnp_can_to_drawer_close,tabletop,base,pnp_can_to_drawer_close__seed00006,6,0,45,3.531700729043223,17.309887734008953,01c1f36fdcfb6f9c94a079cf38f38be6ed21df60c4bbde7df860ced8ae0cdf17
pnp_can_to_drawer_close,tabletop,base,pnp_can_to_drawer_close__seed00007,7,0,45,3.544613228063099,16.407218840991845,01c1f36fdcfb6f9c94a079cf38f38be6ed21df60c4bbde7df860ced8ae0cdf17
pnp_can_to_drawer_close,tabletop,base,pnp_can_to_drawer_close__seed00008,8,1,45,3.536989954067394,17.496568483999,01c1f36fdcfb6f9c94a079cf38f38be6ed21df60c4bbde7df860ced8ae0cdf17
pnp_can_to_drawer_close,tabletop,base,pnp_can_to_drawer_close__seed00009,9,1,45,3.5374479670717847,17.257621246011695,01c1f36fdcfb6f9c94a079cf38f38be6ed21df60c4bbde7df860ced8ae0cdf17
pnp_can_to_drawer_close,tabletop,base,pnp_can_to_drawer_close__seed00010,10,0,45,3.544740309996996,17.27430971499416,01c1f36fdcfb6f9c94a079cf38f38be6ed21df60c4bbde7df860ced8ae0cdf17
pnp_can_to_drawer_close,tabletop,base,pnp_can_to_drawer_close__seed00011,11,1,45,3.542527341953246,17.109933166007977,01c1f36fdcfb6f9c94a079cf38f38be6ed21df60c4bbde7df860ced8ae0cdf17
pnp_can_to_drawer_close,tabletop,base,pnp_can_to_drawer_close__seed00012,12,1,45,3.537354807020165,16.218920535990037,01c1f36fdcfb6f9c94a079cf38f38be6ed21df60c4bbde7df860ced8ae0cdf17
pnp_can_to_drawer_close,tabletop,base,pnp_can_to_drawer_close__seed00013,13,0,45,3.5395715580962133,16.46608261700021,01c1f36fdcfb6f9c94a079cf38f38be6ed21df60c4bbde7df860ced8ae0cdf17
pnp_can_to_drawer_close,tabletop,base,pnp_can_to_drawer_close__seed00014,14,0,45,3.5309292219171766,17.306881342985434,01c1f36fdcfb6f9c94a079cf38f38be6ed21df60c4bbde7df860ced8ae0cdf17
pnp_can_to_drawer_close,tabletop,base,pnp_can_to_drawer_close__seed00015,15,1,45,3.53855999809457,16.87971718100016,01c1f36fdcfb6f9c94a079cf38f38be6ed21df60c4bbde7df860ced8ae0cdf17
pnp_can_to_drawer_close,tabletop,base,pnp_can_to_drawer_close__seed00016,16,1,45,3.517480268928921,16.400969606009312,01c1f36fdcfb6f9c94a079cf38f38be6ed21df60c4bbde7df860ced8ae0cdf17
pnp_can_to_drawer_close,tabletop,base,pnp_can_to_drawer_close__seed00017,17,1,45,3.5337481379683595,15.655110628984403,01c1f36fdcfb6f9c94a079cf38f38be6ed21df60c4bbde7df860ced8ae0cdf17
pnp_can_to_drawer_close,tabletop,base,pnp_can_to_drawer_close__seed00018,18,0,45,3.548783701087814,21.676488327997504,01c1f36fdcfb6f9c94a079cf38f38be6ed21df60c4bbde7df860ced8ae0cdf17
pnp_can_to_drawer_close,tabletop,base,pnp_can_to_drawer_close__seed00019,19,1,45,3.533821034943685,16.99748414498754,01c1f36fdcfb6f9c94a079cf38f38be6ed21df60c4bbde7df860ced8ae0cdf17
pnp_can_to_drawer_close,tabletop,base,pnp_can_to_drawer_close__seed00020,20,1,45,3.549423849064624,16.329721899994183,01c1f36fdcfb6f9c94a079cf38f38be6ed21df60c4bbde7df860ced8ae0cdf17
pnp_can_to_drawer_close,tabletop,base,pnp_can_to_drawer_close__seed00021,21,1,45,3.5238915148656815,23.10533225897234,01c1f36fdcfb6f9c94a079cf38f38be6ed21df60c4bbde7df860ced8ae0cdf17
pnp_can_to_drawer_close,tabletop,base,pnp_can_to_drawer_close__seed00022,22,0,45,3.516730387957068,15.936170650995336,01c1f36fdcfb6f9c94a079cf38f38be6ed21df60c4bbde7df860ced8ae0cdf17
pnp_can_to_drawer_close,tabletop,base,pnp_can_to_drawer_close__seed00023,23,0,45,3.545265683060279,15.993956165999407,01c1f36fdcfb6f9c94a079cf38f38be6ed21df60c4bbde7df860ced8ae0cdf17
pnp_can_to_drawer_close,tabletop,base,pnp_can_to_drawer_close__seed00024,24,1,45,3.531088500865735,16.96396960900165,01c1f36fdcfb6f9c94a079cf38f38be6ed21df60c4bbde7df860ced8ae0cdf17
pnp_can_to_drawer_close,tabletop,base,pnp_can_to_drawer_close__seed00025,25,1,45,3.5366208979685325,15.24768394700368,01c1f36fdcfb6f9c94a079cf38f38be6ed21df60c4bbde7df860ced8ae0cdf17
pnp_can_to_drawer_close,tabletop,base,pnp_can_to_drawer_close__seed00026,26,0,45,3.5375558440573514,17.044333533995086,01c1f36fdcfb6f9c94a079cf38f38be6ed21df60c4bbde7df860ced8ae0cdf17
pnp_can_to_drawer_close,tabletop,base,pnp_can_to_drawer_close__seed00027,27,1,45,3.5534251790086273,16.602401744021336,01c1f36fdcfb6f9c94a079cf38f38be6ed21df60c4bbde7df860ced8ae0cdf17
pnp_can_to_drawer_close,tabletop,base,pnp_can_to_drawer_close__seed00028,28,1,45,3.533702862012433,21.052964854985476,01c1f36fdcfb6f9c94a079cf38f38be6ed21df60c4bbde7df860ced8ae0cdf17
pnp_can_to_drawer_close,tabletop,base,pnp_can_to_drawer_close__seed00029,29,0,45,3.5486942591087427,21.53300216901698,01c1f36fdcfb6f9c94a079cf38f38be6ed21df60c4bbde7df860ced8ae0cdf17
pnp_can_to_drawer_close,tabletop,base,pnp_can_to_drawer_close__seed00030,30,1,45,3.544204342964804,17.02148102800129,01c1f36fdcfb6f9c94a079cf38f38be6ed21df60c4bbde7df860ced8ae0cdf17
pnp_can_to_drawer_close,tabletop,base,pnp_can_to_drawer_close__seed00031,31,1,45,3.5367675140150823,16.25603579400922,01c1f36fdcfb6f9c94a079cf38f38be6ed21df60c4bbde7df860ced8ae0cdf17
pnp_can_to_drawer_close,tabletop,base,pnp_can_to_drawer_close__seed00032,32,1,45,3.5308508300222456,15.413778493006248,01c1f36fdcfb6f9c94a079cf38f38be6ed21df60c4bbde7df860ced8ae0cdf17
pnp_can_to_drawer_close,tabletop,base,pnp_can_to_drawer_close__seed00033,33,0,45,3.543558792996919,16.891175008000573,01c1f36fdcfb6f9c94a079cf38f38be6ed21df60c4bbde7df860ced8ae0cdf17
pnp_can_to_drawer_close,tabletop,base,pnp_can_to_drawer_close__seed00034,34,1,45,3.5346310790337157,22.777793726010714,01c1f36fdcfb6f9c94a079cf38f38be6ed21df60c4bbde7df860ced8ae0cdf17
pnp_can_to_drawer_close,tabletop,base,pnp_can_to_drawer_close__seed00035,35,1,45,3.5307243439310696,18.11559344100533,01c1f36fdcfb6f9c94a079cf38f38be6ed21df60c4bbde7df860ced8ae0cdf17
pnp_can_to_drawer_close,tabletop,base,pnp_can_to_drawer_close__seed00036,36,1,45,3.5360553050413728,23.327370880986564,01c1f36fdcfb6f9c94a079cf38f38be6ed21df60c4bbde7df860ced8ae0cdf17
pnp_can_to_drawer_close,tabletop,base,pnp_can_to_drawer_close__seed00037,37,1,45,3.5389212079753634,16.051147541002138,01c1f36fdcfb6f9c94a079cf38f38be6ed21df60c4bbde7df860ced8ae0cdf17
pnp_can_to_drawer_close,tabletop,base,pnp_can_to_drawer_close__seed00038,38,1,45,3.5382682259078138,16.81659309301176,01c1f36fdcfb6f9c94a079cf38f38be6ed21df60c4bbde7df860ced8ae0cdf17
pnp_can_to_drawer_close,tabletop,base,pnp_can_to_drawer_close__seed00039,39,0,45,3.5216706569772214,17.58508499400341,01c1f36fdcfb6f9c94a079cf38f38be6ed21df60c4bbde7df860ced8ae0cdf17
pnp_can_to_drawer_close,tabletop,base,pnp_can_to_drawer_close__seed00040,40,0,45,3.5298680320265703,16.84603400400374,01c1f36fdcfb6f9c94a079cf38f38be6ed21df60c4bbde7df860ced8ae0cdf17
pnp_can_to_drawer_close,tabletop,base,pnp_can_to_drawer_close__seed00041,41,1,45,3.535643037117552,22.262711370975012,01c1f36fdcfb6f9c94a079cf38f38be6ed21df60c4bbde7df860ced8ae0cdf17
pnp_can_to_drawer_close,tabletop,base,pnp_can_to_drawer_close__seed00042,42,1,45,3.5277095451019704,19.126239615987288,01c1f36fdcfb6f9c94a079cf38f38be6ed21df60c4bbde7df860ced8ae0cdf17
pnp_can_to_drawer_close,tabletop,base,pnp_can_to_drawer_close__seed00043,43,0,45,3.540097530960338,15.991524425015086,01c1f36fdcfb6f9c94a079cf38f38be6ed21df60c4bbde7df860ced8ae0cdf17
pnp_can_to_drawer_close,tabletop,base,pnp_can_to_drawer_close__seed00044,44,0,45,3.535543150122976,16.57339416499599,01c1f36fdcfb6f9c94a079cf38f38be6ed21df60c4bbde7df860ced8ae0cdf17
pnp_can_to_drawer_close,tabletop,base,pnp_can_to_drawer_close__seed00045,45,0,45,3.5326415839372203,18.098413865984185,01c1f36fdcfb6f9c94a079cf38f38be6ed21df60c4bbde7df860ced8ae0cdf17
pnp_can_to_drawer_close,tabletop,base,pnp_can_to_drawer_close__seed00046,46,1,45,3.529663986992091,16.423732688010205,01c1f36fdcfb6f9c94a079cf38f38be6ed21df60c4bbde7df860ced8ae0cdf17
pnp_can_to_drawer_close,tabletop,base,pnp_can_to_drawer_close__seed00047,47,1,45,3.527437063981779,16.491164412000217,01c1f36fdcfb6f9c94a079cf38f38be6ed21df60c4bbde7df860ced8ae0cdf17
pnp_can_to_drawer_close,tabletop,base,pnp_can_to_drawer_close__seed00048,48,1,45,3.522106216085376,17.595209758990677,01c1f36fdcfb6f9c94a079cf38f38be6ed21df60c4bbde7df860ced8ae0cdf17
pnp_can_to_drawer_close,tabletop,base,pnp_can_to_drawer_close__seed00049,49,1,45,3.5344530188885983,16.39658132501063,01c1f36fdcfb6f9c94a079cf38f38be6ed21df60c4bbde7df860ced8ae0cdf17
pnp_cup_to_drawer_close,tabletop,base,pnp_cup_to_drawer_close__seed00000,0,0,45,3.553009985917015,16.9616647970106,01c1f36fdcfb6f9c94a079cf38f38be6ed21df60c4bbde7df860ced8ae0cdf17
pnp_cup_to_drawer_close,tabletop,base,pnp_cup_to_drawer_close__seed00001,1,0,45,3.546958634076873,17.967259576980723,01c1f36fdcfb6f9c94a079cf38f38be6ed21df60c4bbde7df860ced8ae0cdf17
pnp_cup_to_drawer_close,tabletop,base,pnp_cup_to_drawer_close__seed00002,2,0,45,3.543293356022332,16.813813193002716,01c1f36fdcfb6f9c94a079cf38f38be6ed21df60c4bbde7df860ced8ae0cdf17
pnp_cup_to_drawer_close,tabletop,base,pnp_cup_to_drawer_close__seed00003,3,0,45,3.5306128360971343,16.119720400020014,01c1f36fdcfb6f9c94a079cf38f38be6ed21df60c4bbde7df860ced8ae0cdf17
pnp_cup_to_drawer_close,tabletop,base,pnp_cup_to_drawer_close__seed00004,4,1,45,3.5300815019290894,18.63889868799015,01c1f36fdcfb6f9c94a079cf38f38be6ed21df60c4bbde7df860ced8ae0cdf17
pnp_cup_to_drawer_close,tabletop,base,pnp_cup_to_drawer_close__seed00005,5,1,45,3.5317325012001675,18.500197740999283,01c1f36fdcfb6f9c94a079cf38f38be6ed21df60c4bbde7df860ced8ae0cdf17
pnp_cup_to_drawer_close,tabletop,base,pnp_cup_to_drawer_close__seed00006,6,1,45,3.5160161090025213,18.194186194014037,01c1f36fdcfb6f9c94a079cf38f38be6ed21df60c4bbde7df860ced8ae0cdf17
pnp_cup_to_drawer_close,tabletop,base,pnp_cup_to_drawer_close__seed00007,7,0,45,3.5151010220579337,17.240304937993642,01c1f36fdcfb6f9c94a079cf38f38be6ed21df60c4bbde7df860ced8ae0cdf17
pnp_cup_to_drawer_close,tabletop,base,pnp_cup_to_drawer_close__seed00008,8,1,45,3.5224239760136697,18.155268453992903,01c1f36fdcfb6f9c94a079cf38f38be6ed21df60c4bbde7df860ced8ae0cdf17
pnp_cup_to_drawer_close,tabletop,base,pnp_cup_to_drawer_close__seed00009,9,0,45,3.5298269289778545,17.747288818005472,01c1f36fdcfb6f9c94a079cf38f38be6ed21df60c4bbde7df860ced8ae0cdf17
pnp_cup_to_drawer_close,tabletop,base,pnp_cup_to_drawer_close__seed00010,10,0,45,3.5327531959919725,18.02321328801918,01c1f36fdcfb6f9c94a079cf38f38be6ed21df60c4bbde7df860ced8ae0cdf17
pnp_cup_to_drawer_close,tabletop,base,pnp_cup_to_drawer_close__seed00011,11,1,45,3.5299406331032515,17.41270638498827,01c1f36fdcfb6f9c94a079cf38f38be6ed21df60c4bbde7df860ced8ae0cdf17
pnp_cup_to_drawer_close,tabletop,base,pnp_cup_to_drawer_close__seed00012,12,0,45,3.5246043319639284,16.80016829399392,01c1f36fdcfb6f9c94a079cf38f38be6ed21df60c4bbde7df860ced8ae0cdf17
pnp_cup_to_drawer_close,tabletop,base,pnp_cup_to_drawer_close__seed00013,13,0,45,3.5240388509701006,16.623892565985443,01c1f36fdcfb6f9c94a079cf38f38be6ed21df60c4bbde7df860ced8ae0cdf17
pnp_cup_to_drawer_close,tabletop,base,pnp_cup_to_drawer_close__seed00014,14,0,45,3.5254383760038763,18.446875113993883,01c1f36fdcfb6f9c94a079cf38f38be6ed21df60c4bbde7df860ced8ae0cdf17
pnp_cup_to_drawer_close,tabletop,base,pnp_cup_to_drawer_close__seed00015,15,0,45,3.531358106964035,17.362151052016998,01c1f36fdcfb6f9c94a079cf38f38be6ed21df60c4bbde7df860ced8ae0cdf17
pnp_cup_to_drawer_close,tabletop,base,pnp_cup_to_drawer_close__seed00016,16,0,45,3.5342085869342554,17.45063451997703,01c1f36fdcfb6f9c94a079cf38f38be6ed21df60c4bbde7df860ced8ae0cdf17
pnp_cup_to_drawer_close,tabletop,base,pnp_cup_to_drawer_close__seed00017,17,0,45,3.5427569349703845,16.44524900300894,01c1f36fdcfb6f9c94a079cf38f38be6ed21df60c4bbde7df860ced8ae0cdf17
pnp_cup_to_drawer_close,tabletop,base,pnp_cup_to_drawer_close__seed00018,18,1,45,3.5272142630419694,22.945314401003998,01c1f36fdcfb6f9c94a079cf38f38be6ed21df60c4bbde7df860ced8ae0cdf17
pnp_cup_to_drawer_close,tabletop,base,pnp_cup_to_drawer_close__seed00019,19,0,45,3.530982014082838,17.01339101200574,01c1f36fdcfb6f9c94a079cf38f38be6ed21df60c4bbde7df860ced8ae0cdf17
pnp_cup_to_drawer_close,tabletop,base,pnp_cup_to_drawer_close__seed00020,20,0,45,3.5362050619442016,16.80303991798428,01c1f36fdcfb6f9c94a079cf38f38be6ed21df60c4bbde7df860ced8ae0cdf17
pnp_cup_to_drawer_close,tabletop,base,pnp_cup_to_drawer_close__seed00021,21,0,45,3.5342541667923797,24.109233407012653,01c1f36fdcfb6f9c94a079cf38f38be6ed21df60c4bbde7df860ced8ae0cdf17
pnp_cup_to_drawer_close,tabletop,base,pnp_cup_to_drawer_close__seed00022,22,1,45,3.5391792580194306,17.243869601981714,01c1f36fdcfb6f9c94a079cf38f38be6ed21df60c4bbde7df860ced8ae0cdf17
pnp_cup_to_drawer_close,tabletop,base,pnp_cup_to_drawer_close__seed00023,23,1,45,3.5487495769921225,17.225043431011727,01c1f36fdcfb6f9c94a079cf38f38be6ed21df60c4bbde7df860ced8ae0cdf17
pnp_cup_to_drawer_close,tabletop,base,pnp_cup_to_drawer_close__seed00024,24,1,45,3.5197357469878625,17.614770075015258,01c1f36fdcfb6f9c94a079cf38f38be6ed21df60c4bbde7df860ced8ae0cdf17
pnp_cup_to_drawer_close,tabletop,base,pnp_cup_to_drawer_close__seed00025,25,0,45,3.5291922490578145,15.693940889002988,01c1f36fdcfb6f9c94a079cf38f38be6ed21df60c4bbde7df860ced8ae0cdf17
pnp_cup_to_drawer_close,tabletop,base,pnp_cup_to_drawer_close__seed00026,26,0,45,3.5223623388446867,17.3708838080056,01c1f36fdcfb6f9c94a079cf38f38be6ed21df60c4bbde7df860ced8ae0cdf17
pnp_cup_to_drawer_close,tabletop,base,pnp_cup_to_drawer_close__seed00027,27,0,45,3.5299872009200044,16.631591782002943,01c1f36fdcfb6f9c94a079cf38f38be6ed21df60c4bbde7df860ced8ae0cdf17
pnp_cup_to_drawer_close,tabletop,base,pnp_cup_to_drawer_close__seed00028,28,1,45,3.5307560930086765,21.787191684998106,01c1f36fdcfb6f9c94a079cf38f38be6ed21df60c4bbde7df860ced8ae0cdf17
pnp_cup_to_drawer_close,tabletop,base,pnp_cup_to_drawer_close__seed00029,29,0,45,3.5171137990255374,22.308026374987094,01c1f36fdcfb6f9c94a079cf38f38be6ed21df60c4bbde7df860ced8ae0cdf17
pnp_cup_to_drawer_close,tabletop,base,pnp_cup_to_drawer_close__seed00030,30,1,45,3.532938148098765,17.662903500982793,01c1f36fdcfb6f9c94a079cf38f38be6ed21df60c4bbde7df860ced8ae0cdf17
pnp_cup_to_drawer_close,tabletop,base,pnp_cup_to_drawer_close__seed00031,31,0,45,3.5405304119049106,16.377078223013086,01c1f36fdcfb6f9c94a079cf38f38be6ed21df60c4bbde7df860ced8ae0cdf17
pnp_cup_to_drawer_close,tabletop,base,pnp_cup_to_drawer_close__seed00032,32,1,45,3.5336329170677345,16.074010489013745,01c1f36fdcfb6f9c94a079cf38f38be6ed21df60c4bbde7df860ced8ae0cdf17
pnp_cup_to_drawer_close,tabletop,base,pnp_cup_to_drawer_close__seed00033,33,0,45,3.575676049105823,17.75747559600859,01c1f36fdcfb6f9c94a079cf38f38be6ed21df60c4bbde7df860ced8ae0cdf17
pnp_cup_to_drawer_close,tabletop,base,pnp_cup_to_drawer_close__seed00034,34,0,45,3.5305151139909867,23.580120603000978,01c1f36fdcfb6f9c94a079cf38f38be6ed21df60c4bbde7df860ced8ae0cdf17
pnp_cup_to_drawer_close,tabletop,base,pnp_cup_to_drawer_close__seed00035,35,0,45,3.5308006680570543,18.622485411993694,01c1f36fdcfb6f9c94a079cf38f38be6ed21df60c4bbde7df860ced8ae0cdf17
pnp_cup_to_drawer_close,tabletop,base,pnp_cup_to_drawer_close__seed00036,36,0,45,3.540442178986268,23.68628284399165,01c1f36fdcfb6f9c94a079cf38f38be6ed21df60c4bbde7df860ced8ae0cdf17
pnp_cup_to_drawer_close,tabletop,base,pnp_cup_to_drawer_close__seed00037,37,0,45,3.5641947670956142,16.66358738898998,01c1f36fdcfb6f9c94a079cf38f38be6ed21df60c4bbde7df860ced8ae0cdf17
pnp_cup_to_drawer_close,tabletop,base,pnp_cup_to_drawer_close__seed00038,38,0,45,3.5471401338581927,17.365340219985228,01c1f36fdcfb6f9c94a079cf38f38be6ed21df60c4bbde7df860ced8ae0cdf17
pnp_cup_to_drawer_close,tabletop,base,pnp_cup_to_drawer_close__seed00039,39,0,45,3.5300667489354964,18.162267204985255,01c1f36fdcfb6f9c94a079cf38f38be6ed21df60c4bbde7df860ced8ae0cdf17
pnp_cup_to_drawer_close,tabletop,base,pnp_cup_to_drawer_close__seed00040,40,0,45,3.5323108068841975,17.57967990799807,01c1f36fdcfb6f9c94a079cf38f38be6ed21df60c4bbde7df860ced8ae0cdf17
pnp_cup_to_drawer_close,tabletop,base,pnp_cup_to_drawer_close__seed00041,41,1,45,3.512432657997124,22.704854595998768,01c1f36fdcfb6f9c94a079cf38f38be6ed21df60c4bbde7df860ced8ae0cdf17
pnp_cup_to_drawer_close,tabletop,base,pnp_cup_to_drawer_close__seed00042,42,1,45,3.5304088728735223,19.784258269995917,01c1f36fdcfb6f9c94a079cf38f38be6ed21df60c4bbde7df860ced8ae0cdf17
pnp_cup_to_drawer_close,tabletop,base,pnp_cup_to_drawer_close__seed00043,43,0,45,3.5400894978665747,16.627540512010455,01c1f36fdcfb6f9c94a079cf38f38be6ed21df60c4bbde7df860ced8ae0cdf17
pnp_cup_to_drawer_close,tabletop,base,pnp_cup_to_drawer_close__seed00044,44,0,45,3.5304357518907636,16.04802414099686,01c1f36fdcfb6f9c94a079cf38f38be6ed21df60c4bbde7df860ced8ae0cdf17
pnp_cup_to_drawer_close,tabletop,base,pnp_cup_to_drawer_close__seed00045,45,1,45,3.5182374090363737,19.096561117999954,01c1f36fdcfb6f9c94a079cf38f38be6ed21df60c4bbde7df860ced8ae0cdf17
pnp_cup_to_drawer_close,tabletop,base,pnp_cup_to_drawer_close__seed00046,46,1,45,3.5339786271506455,16.653623494989006,01c1f36fdcfb6f9c94a079cf38f38be6ed21df60c4bbde7df860ced8ae0cdf17
pnp_cup_to_drawer_close,tabletop,base,pnp_cup_to_drawer_close__seed00047,47,0,45,3.5356643470877316,17.510325290000765,01c1f36fdcfb6f9c94a079cf38f38be6ed21df60c4bbde7df860ced8ae0cdf17
pnp_cup_to_drawer_close,tabletop,base,pnp_cup_to_drawer_close__seed00048,48,0,45,3.5279063390626106,17.829080280993367,01c1f36fdcfb6f9c94a079cf38f38be6ed21df60c4bbde7df860ced8ae0cdf17
pnp_cup_to_drawer_close,tabletop,base,pnp_cup_to_drawer_close__seed00049,49,1,45,3.5273710569599643,16.878343986987602,01c1f36fdcfb6f9c94a079cf38f38be6ed21df60c4bbde7df860ced8ae0cdf17
pnp_milk_to_microwave_close,tabletop,base,pnp_milk_to_microwave_close__seed00000,0,0,45,3.5193692450411618,16.65024007600732,01c1f36fdcfb6f9c94a079cf38f38be6ed21df60c4bbde7df860ced8ae0cdf17
pnp_milk_to_microwave_close,tabletop,base,pnp_milk_to_microwave_close__seed00001,1,0,45,3.5126662398688495,18.779389428003924,01c1f36fdcfb6f9c94a079cf38f38be6ed21df60c4bbde7df860ced8ae0cdf17
pnp_milk_to_microwave_close,tabletop,base,pnp_milk_to_microwave_close__seed00002,2,1,45,3.522768591879867,17.503589908010326,01c1f36fdcfb6f9c94a079cf38f38be6ed21df60c4bbde7df860ced8ae0cdf17
pnp_milk_to_microwave_close,tabletop,base,pnp_milk_to_microwave_close__seed00003,3,1,45,3.517890689021442,17.043597564013908,01c1f36fdcfb6f9c94a079cf38f38be6ed21df60c4bbde7df860ced8ae0cdf17
pnp_milk_to_microwave_close,tabletop,base,pnp_milk_to_microwave_close__seed00004,4,0,45,3.5251292780740187,21.670202741981484,01c1f36fdcfb6f9c94a079cf38f38be6ed21df60c4bbde7df860ced8ae0cdf17
pnp_milk_to_microwave_close,tabletop,base,pnp_milk_to_microwave_close__seed00005,5,0,45,3.535886886093067,19.489674128009938,01c1f36fdcfb6f9c94a079cf38f38be6ed21df60c4bbde7df860ced8ae0cdf17
pnp_milk_to_microwave_close,tabletop,base,pnp_milk_to_microwave_close__seed00006,6,0,45,3.5473665900644846,19.134128817007877,01c1f36fdcfb6f9c94a079cf38f38be6ed21df60c4bbde7df860ced8ae0cdf17
pnp_milk_to_microwave_close,tabletop,base,pnp_milk_to_microwave_close__seed00007,7,1,45,3.54294932592893,17.650423376006074,01c1f36fdcfb6f9c94a079cf38f38be6ed21df60c4bbde7df860ced8ae0cdf17
pnp_milk_to_microwave_close,tabletop,base,pnp_milk_to_microwave_close__seed00008,8,1,45,3.5312614569847938,18.70476613601204,01c1f36fdcfb6f9c94a079cf38f38be6ed21df60c4bbde7df860ced8ae0cdf17
pnp_milk_to_microwave_close,tabletop,base,pnp_milk_to_microwave_close__seed00009,9,0,45,3.526375367946457,18.681719915010035,01c1f36fdcfb6f9c94a079cf38f38be6ed21df60c4bbde7df860ced8ae0cdf17
pnp_milk_to_microwave_close,tabletop,base,pnp_milk_to_microwave_close__seed00010,10,0,45,3.5456717740162276,19.442738365993137,01c1f36fdcfb6f9c94a079cf38f38be6ed21df60c4bbde7df860ced8ae0cdf17
pnp_milk_to_microwave_close,tabletop,base,pnp_milk_to_microwave_close__seed00011,11,1,45,3.5243791990505997,18.573828388995025,01c1f36fdcfb6f9c94a079cf38f38be6ed21df60c4bbde7df860ced8ae0cdf17
pnp_milk_to_microwave_close,tabletop,base,pnp_milk_to_microwave_close__seed00012,12,1,45,3.5212414239358623,16.909359060024144,01c1f36fdcfb6f9c94a079cf38f38be6ed21df60c4bbde7df860ced8ae0cdf17
pnp_milk_to_microwave_close,tabletop,base,pnp_milk_to_microwave_close__seed00013,13,0,45,3.5242242070962675,17.679224073013756,01c1f36fdcfb6f9c94a079cf38f38be6ed21df60c4bbde7df860ced8ae0cdf17
pnp_milk_to_microwave_close,tabletop,base,pnp_milk_to_microwave_close__seed00014,14,1,45,3.531642894115066,19.308182167995255,01c1f36fdcfb6f9c94a079cf38f38be6ed21df60c4bbde7df860ced8ae0cdf17
pnp_milk_to_microwave_close,tabletop,base,pnp_milk_to_microwave_close__seed00015,15,1,45,3.534202033042675,18.018652675993508,01c1f36fdcfb6f9c94a079cf38f38be6ed21df60c4bbde7df860ced8ae0cdf17
pnp_milk_to_microwave_close,tabletop,base,pnp_milk_to_microwave_close__seed00016,16,0,45,3.529726991051575,16.808115360006923,01c1f36fdcfb6f9c94a079cf38f38be6ed21df60c4bbde7df860ced8ae0cdf17
pnp_milk_to_microwave_close,tabletop,base,pnp_milk_to_microwave_close__seed00017,17,0,45,3.517115720693255,16.855857897986425,01c1f36fdcfb6f9c94a079cf38f38be6ed21df60c4bbde7df860ced8ae0cdf17
pnp_milk_to_microwave_close,tabletop,base,pnp_milk_to_microwave_close__seed00018,18,0,45,3.5152894140046556,22.71762414800469,01c1f36fdcfb6f9c94a079cf38f38be6ed21df60c4bbde7df860ced8ae0cdf17
pnp_milk_to_microwave_close,tabletop,base,pnp_milk_to_microwave_close__seed00019,19,0,45,3.517573257064214,17.573010280000744,01c1f36fdcfb6f9c94a079cf38f38be6ed21df60c4bbde7df860ced8ae0cdf17
pnp_milk_to_microwave_close,tabletop,base,pnp_milk_to_microwave_close__seed00020,20,1,45,3.5174967040948104,18.080045659997268,01c1f36fdcfb6f9c94a079cf38f38be6ed21df60c4bbde7df860ced8ae0cdf17
pnp_milk_to_microwave_close,tabletop,base,pnp_milk_to_microwave_close__seed00021,21,1,45,3.5131969819194637,24.76010625300114,01c1f36fdcfb6f9c94a079cf38f38be6ed21df60c4bbde7df860ced8ae0cdf17
pnp_milk_to_microwave_close,tabletop,base,pnp_milk_to_microwave_close__seed00022,22,0,45,3.5341960889927577,17.10632675900706,01c1f36fdcfb6f9c94a079cf38f38be6ed21df60c4bbde7df860ced8ae0cdf17
pnp_milk_to_microwave_close,tabletop,base,pnp_milk_to_microwave_close__seed00023,23,1,45,3.5325841970625333,17.48197731701657,01c1f36fdcfb6f9c94a079cf38f38be6ed21df60c4bbde7df860ced8ae0cdf17
pnp_milk_to_microwave_close,tabletop,base,pnp_milk_to_microwave_close__seed00024,24,0,45,3.5222831829159986,17.959971296979347,01c1f36fdcfb6f9c94a079cf38f38be6ed21df60c4bbde7df860ced8ae0cdf17
pnp_milk_to_microwave_close,tabletop,base,pnp_milk_to_microwave_close__seed00025,25,1,45,3.5273592099547386,16.20949112001108,01c1f36fdcfb6f9c94a079cf38f38be6ed21df60c4bbde7df860ced8ae0cdf17
pnp_milk_to_microwave_close,tabletop,base,pnp_milk_to_microwave_close__seed00026,26,0,45,3.513587043067673,17.69462935300544,01c1f36fdcfb6f9c94a079cf38f38be6ed21df60c4bbde7df860ced8ae0cdf17
pnp_milk_to_microwave_close,tabletop,base,pnp_milk_to_microwave_close__seed00027,27,0,45,3.5322842320310883,17.950546620995738,01c1f36fdcfb6f9c94a079cf38f38be6ed21df60c4bbde7df860ced8ae0cdf17
pnp_milk_to_microwave_close,tabletop,base,pnp_milk_to_microwave_close__seed00028,28,0,45,3.521659928082954,22.611823926999932,01c1f36fdcfb6f9c94a079cf38f38be6ed21df60c4bbde7df860ced8ae0cdf17
pnp_milk_to_microwave_close,tabletop,base,pnp_milk_to_microwave_close__seed00029,29,1,45,3.516147250949871,22.842640838993248,01c1f36fdcfb6f9c94a079cf38f38be6ed21df60c4bbde7df860ced8ae0cdf17
pnp_milk_to_microwave_close,tabletop,base,pnp_milk_to_microwave_close__seed00030,30,0,45,3.519952345988713,18.34771411199472,01c1f36fdcfb6f9c94a079cf38f38be6ed21df60c4bbde7df860ced8ae0cdf17
pnp_milk_to_microwave_close,tabletop,base,pnp_milk_to_microwave_close__seed00031,31,0,45,3.520661046204623,17.19861867002328,01c1f36fdcfb6f9c94a079cf38f38be6ed21df60c4bbde7df860ced8ae0cdf17
pnp_milk_to_microwave_close,tabletop,base,pnp_milk_to_microwave_close__seed00032,32,1,45,3.535369043966057,16.82160558900796,01c1f36fdcfb6f9c94a079cf38f38be6ed21df60c4bbde7df860ced8ae0cdf17
pnp_milk_to_microwave_close,tabletop,base,pnp_milk_to_microwave_close__seed00033,33,0,45,3.52360118215438,18.20777693000855,01c1f36fdcfb6f9c94a079cf38f38be6ed21df60c4bbde7df860ced8ae0cdf17
pnp_milk_to_microwave_close,tabletop,base,pnp_milk_to_microwave_close__seed00034,34,1,45,3.5174989469815046,24.49287308199564,01c1f36fdcfb6f9c94a079cf38f38be6ed21df60c4bbde7df860ced8ae0cdf17
pnp_milk_to_microwave_close,tabletop,base,pnp_milk_to_microwave_close__seed00035,35,0,45,3.518539790005889,18.992086231999565,01c1f36fdcfb6f9c94a079cf38f38be6ed21df60c4bbde7df860ced8ae0cdf17
pnp_milk_to_microwave_close,tabletop,base,pnp_milk_to_microwave_close__seed00036,36,1,45,3.52561564403004,25.381199185998412,01c1f36fdcfb6f9c94a079cf38f38be6ed21df60c4bbde7df860ced8ae0cdf17
pnp_milk_to_microwave_close,tabletop,base,pnp_milk_to_microwave_close__seed00037,37,1,45,3.525651169155026,17.24522560200421,01c1f36fdcfb6f9c94a079cf38f38be6ed21df60c4bbde7df860ced8ae0cdf17
pnp_milk_to_microwave_close,tabletop,base,pnp_milk_to_microwave_close__seed00038,38,0,45,3.53033997604507,18.378181701991707,01c1f36fdcfb6f9c94a079cf38f38be6ed21df60c4bbde7df860ced8ae0cdf17
pnp_milk_to_microwave_close,tabletop,base,pnp_milk_to_microwave_close__seed00039,39,0,45,3.517124723904999,19.192575673980173,01c1f36fdcfb6f9c94a079cf38f38be6ed21df60c4bbde7df860ced8ae0cdf17
pnp_milk_to_microwave_close,tabletop,base,pnp_milk_to_microwave_close__seed00040,40,1,45,3.5346119879977778,17.452581567980815,01c1f36fdcfb6f9c94a079cf38f38be6ed21df60c4bbde7df860ced8ae0cdf17
pnp_milk_to_microwave_close,tabletop,base,pnp_milk_to_microwave_close__seed00041,41,0,45,3.513673252949957,23.997971217992017,01c1f36fdcfb6f9c94a079cf38f38be6ed21df60c4bbde7df860ced8ae0cdf17
pnp_milk_to_microwave_close,tabletop,base,pnp_milk_to_microwave_close__seed00042,42,1,45,3.5231139300449286,20.309844550996786,01c1f36fdcfb6f9c94a079cf38f38be6ed21df60c4bbde7df860ced8ae0cdf17
pnp_milk_to_microwave_close,tabletop,base,pnp_milk_to_microwave_close__seed00043,43,0,45,3.533073651837185,17.874925314972643,01c1f36fdcfb6f9c94a079cf38f38be6ed21df60c4bbde7df860ced8ae0cdf17
pnp_milk_to_microwave_close,tabletop,base,pnp_milk_to_microwave_close__seed00044,44,0,45,3.534527539886767,16.933840254001552,01c1f36fdcfb6f9c94a079cf38f38be6ed21df60c4bbde7df860ced8ae0cdf17
pnp_milk_to_microwave_close,tabletop,base,pnp_milk_to_microwave_close__seed00045,45,1,45,3.5214310270384885,19.6007719830086,01c1f36fdcfb6f9c94a079cf38f38be6ed21df60c4bbde7df860ced8ae0cdf17
pnp_milk_to_microwave_close,tabletop,base,pnp_milk_to_microwave_close__seed00046,46,0,45,3.512939437001478,17.267110351996962,01c1f36fdcfb6f9c94a079cf38f38be6ed21df60c4bbde7df860ced8ae0cdf17
pnp_milk_to_microwave_close,tabletop,base,pnp_milk_to_microwave_close__seed00047,47,0,45,3.5263412550848443,18.85807163998834,01c1f36fdcfb6f9c94a079cf38f38be6ed21df60c4bbde7df860ced8ae0cdf17
pnp_milk_to_microwave_close,tabletop,base,pnp_milk_to_microwave_close__seed00048,48,0,45,3.5173080170934554,18.33753762600827,01c1f36fdcfb6f9c94a079cf38f38be6ed21df60c4bbde7df860ced8ae0cdf17
pnp_milk_to_microwave_close,tabletop,base,pnp_milk_to_microwave_close__seed00049,49,0,45,3.5062459600449074,23.11574371700408,01c1f36fdcfb6f9c94a079cf38f38be6ed21df60c4bbde7df860ced8ae0cdf17
pnp_potato_to_microwave_close,tabletop,base,pnp_potato_to_microwave_close__seed00000,0,0,45,3.519367953966139,17.687210047995904,01c1f36fdcfb6f9c94a079cf38f38be6ed21df60c4bbde7df860ced8ae0cdf17
pnp_potato_to_microwave_close,tabletop,base,pnp_potato_to_microwave_close__seed00001,1,1,45,3.5276539050391875,19.772506020002766,01c1f36fdcfb6f9c94a079cf38f38be6ed21df60c4bbde7df860ced8ae0cdf17
pnp_potato_to_microwave_close,tabletop,base,pnp_potato_to_microwave_close__seed00002,2,0,45,3.522868275991641,17.547831707983278,01c1f36fdcfb6f9c94a079cf38f38be6ed21df60c4bbde7df860ced8ae0cdf17
pnp_potato_to_microwave_close,tabletop,base,pnp_potato_to_microwave_close__seed00003,3,1,45,3.5225148898607586,17.220874773018295,01c1f36fdcfb6f9c94a079cf38f38be6ed21df60c4bbde7df860ced8ae0cdf17
pnp_potato_to_microwave_close,tabletop,base,pnp_potato_to_microwave_close__seed00004,4,0,45,3.5301559700164944,18.61892842699308,01c1f36fdcfb6f9c94a079cf38f38be6ed21df60c4bbde7df860ced8ae0cdf17
pnp_potato_to_microwave_close,tabletop,base,pnp_potato_to_microwave_close__seed00005,5,0,45,3.53577008008142,19.616564277996076,01c1f36fdcfb6f9c94a079cf38f38be6ed21df60c4bbde7df860ced8ae0cdf17
pnp_potato_to_microwave_close,tabletop,base,pnp_potato_to_microwave_close__seed00006,6,0,45,3.5157327249471564,18.072136800998123,01c1f36fdcfb6f9c94a079cf38f38be6ed21df60c4bbde7df860ced8ae0cdf17
pnp_potato_to_microwave_close,tabletop,base,pnp_potato_to_microwave_close__seed00007,7,1,45,3.5131267179967836,17.96600239802501,01c1f36fdcfb6f9c94a079cf38f38be6ed21df60c4bbde7df860ced8ae0cdf17
pnp_potato_to_microwave_close,tabletop,base,pnp_potato_to_microwave_close__seed00008,8,0,45,3.5052794391522184,24.204530813993188,01c1f36fdcfb6f9c94a079cf38f38be6ed21df60c4bbde7df860ced8ae0cdf17
pnp_potato_to_microwave_close,tabletop,base,pnp_potato_to_microwave_close__seed00009,9,0,45,3.516969056072412,24.28531146698515,01c1f36fdcfb6f9c94a079cf38f38be6ed21df60c4bbde7df860ced8ae0cdf17
pnp_potato_to_microwave_close,tabletop,base,pnp_potato_to_microwave_close__seed00010,10,0,45,3.516143390123034,20.306227864988614,01c1f36fdcfb6f9c94a079cf38f38be6ed21df60c4bbde7df860ced8ae0cdf17
pnp_potato_to_microwave_close,tabletop,base,pnp_potato_to_microwave_close__seed00011,11,0,45,3.5340947260847315,18.872222707024775,01c1f36fdcfb6f9c94a079cf38f38be6ed21df60c4bbde7df860ced8ae0cdf17
pnp_potato_to_microwave_close,tabletop,base,pnp_potato_to_microwave_close__seed00012,12,0,45,3.5232634650019463,18.785702260996914,01c1f36fdcfb6f9c94a079cf38f38be6ed21df60c4bbde7df860ced8ae0cdf17
pnp_potato_to_microwave_close,tabletop,base,pnp_potato_to_microwave_close__seed00013,13,0,45,3.539599661977263,16.688354298006743,01c1f36fdcfb6f9c94a079cf38f38be6ed21df60c4bbde7df860ced8ae0cdf17
pnp_potato_to_microwave_close,tabletop,base,pnp_potato_to_microwave_close__seed00014,14,1,45,3.5249961690278724,19.146437878982397,01c1f36fdcfb6f9c94a079cf38f38be6ed21df60c4bbde7df860ced8ae0cdf17
pnp_potato_to_microwave_close,tabletop,base,pnp_potato_to_microwave_close__seed00015,15,0,45,3.514812147943303,16.863087424979312,01c1f36fdcfb6f9c94a079cf38f38be6ed21df60c4bbde7df860ced8ae0cdf17
pnp_potato_to_microwave_close,tabletop,base,pnp_potato_to_microwave_close__seed00016,16,0,45,3.5112337219470646,17.970904071989935,01c1f36fdcfb6f9c94a079cf38f38be6ed21df60c4bbde7df860ced8ae0cdf17
pnp_potato_to_microwave_close,tabletop,base,pnp_potato_to_microwave_close__seed00017,17,0,45,3.5210919659293722,16.513551332987845,01c1f36fdcfb6f9c94a079cf38f38be6ed21df60c4bbde7df860ced8ae0cdf17
pnp_potato_to_microwave_close,tabletop,base,pnp_potato_to_microwave_close__seed00018,18,0,45,3.5064849820628297,23.381622264976613,01c1f36fdcfb6f9c94a079cf38f38be6ed21df60c4bbde7df860ced8ae0cdf17
pnp_potato_to_microwave_close,tabletop,base,pnp_potato_to_microwave_close__seed00019,19,0,45,3.5104044598701876,17.923586964025162,01c1f36fdcfb6f9c94a079cf38f38be6ed21df60c4bbde7df860ced8ae0cdf17
pnp_potato_to_microwave_close,tabletop,base,pnp_potato_to_microwave_close__seed00020,20,0,45,3.5255556519841775,19.08675544898142,01c1f36fdcfb6f9c94a079cf38f38be6ed21df60c4bbde7df860ced8ae0cdf17
pnp_potato_to_microwave_close,tabletop,base,pnp_potato_to_microwave_close__seed00021,21,0,45,3.5098570429254323,24.423475628020242,01c1f36fdcfb6f9c94a079cf38f38be6ed21df60c4bbde7df860ced8ae0cdf17
pnp_potato_to_microwave_close,tabletop,base,pnp_potato_to_microwave_close__seed00022,22,0,45,3.526124262076337,17.949606141017284,01c1f36fdcfb6f9c94a079cf38f38be6ed21df60c4bbde7df860ced8ae0cdf17
pnp_potato_to_microwave_close,tabletop,base,pnp_potato_to_microwave_close__seed00023,23,1,45,3.5385866810684092,17.381217501009814,01c1f36fdcfb6f9c94a079cf38f38be6ed21df60c4bbde7df860ced8ae0cdf17
pnp_potato_to_microwave_close,tabletop,base,pnp_potato_to_microwave_close__seed00024,24,1,45,3.5156674950849265,19.6879563969851,01c1f36fdcfb6f9c94a079cf38f38be6ed21df60c4bbde7df860ced8ae0cdf17
pnp_potato_to_microwave_close,tabletop,base,pnp_potato_to_microwave_close__seed00025,25,1,45,3.5248112901463173,16.998691621993203,01c1f36fdcfb6f9c94a079cf38f38be6ed21df60c4bbde7df860ced8ae0cdf17
pnp_potato_to_microwave_close,tabletop,base,pnp_potato_to_microwave_close__seed00026,26,0,45,3.5133403940999415,22.809359550999943,01c1f36fdcfb6f9c94a079cf38f38be6ed21df60c4bbde7df860ced8ae0cdf17
pnp_potato_to_microwave_close,tabletop,base,pnp_potato_to_microwave_close__seed00027,27,0,45,3.525502765987767,17.558986082993215,01c1f36fdcfb6f9c94a079cf38f38be6ed21df60c4bbde7df860ced8ae0cdf17
pnp_potato_to_microwave_close,tabletop,base,pnp_potato_to_microwave_close__seed00028,28,0,45,3.514232634974178,22.72610943199834,01c1f36fdcfb6f9c94a079cf38f38be6ed21df60c4bbde7df860ced8ae0cdf17
pnp_potato_to_microwave_close,tabletop,base,pnp_potato_to_microwave_close__seed00029,29,1,45,3.5167375910968985,22.79629083100008,01c1f36fdcfb6f9c94a079cf38f38be6ed21df60c4bbde7df860ced8ae0cdf17
pnp_potato_to_microwave_close,tabletop,base,pnp_potato_to_microwave_close__seed00030,30,0,45,3.5224031019897666,18.548142427986022,01c1f36fdcfb6f9c94a079cf38f38be6ed21df60c4bbde7df860ced8ae0cdf17
pnp_potato_to_microwave_close,tabletop,base,pnp_potato_to_microwave_close__seed00031,31,0,45,3.5184475120331626,16.496791582001606,01c1f36fdcfb6f9c94a079cf38f38be6ed21df60c4bbde7df860ced8ae0cdf17
pnp_potato_to_microwave_close,tabletop,base,pnp_potato_to_microwave_close__seed00032,32,0,45,3.5333024480496533,18.675435370998457,01c1f36fdcfb6f9c94a079cf38f38be6ed21df60c4bbde7df860ced8ae0cdf17
pnp_potato_to_microwave_close,tabletop,base,pnp_potato_to_microwave_close__seed00033,33,0,45,3.5321221880149096,19.073721472988836,01c1f36fdcfb6f9c94a079cf38f38be6ed21df60c4bbde7df860ced8ae0cdf17
pnp_potato_to_microwave_close,tabletop,base,pnp_potato_to_microwave_close__seed00034,34,0,45,3.519268715957878,25.166013563022716,01c1f36fdcfb6f9c94a079cf38f38be6ed21df60c4bbde7df860ced8ae0cdf17
pnp_potato_to_microwave_close,tabletop,base,pnp_potato_to_microwave_close__seed00035,35,0,45,3.527009293989977,18.425435885990737,01c1f36fdcfb6f9c94a079cf38f38be6ed21df60c4bbde7df860ced8ae0cdf17
pnp_potato_to_microwave_close,tabletop,base,pnp_potato_to_microwave_close__seed00036,36,0,45,3.5146463220589794,26.003086148004513,01c1f36fdcfb6f9c94a079cf38f38be6ed21df60c4bbde7df860ced8ae0cdf17
pnp_potato_to_microwave_close,tabletop,base,pnp_potato_to_microwave_close__seed00037,37,0,45,3.5302334000880364,18.950419110013172,01c1f36fdcfb6f9c94a079cf38f38be6ed21df60c4bbde7df860ced8ae0cdf17
pnp_potato_to_microwave_close,tabletop,base,pnp_potato_to_microwave_close__seed00038,38,0,45,3.5330467001185752,18.517985897982726,01c1f36fdcfb6f9c94a079cf38f38be6ed21df60c4bbde7df860ced8ae0cdf17
pnp_potato_to_microwave_close,tabletop,base,pnp_potato_to_microwave_close__seed00039,39,0,45,3.5185198659892194,19.317010941012995,01c1f36fdcfb6f9c94a079cf38f38be6ed21df60c4bbde7df860ced8ae0cdf17
pnp_potato_to_microwave_close,tabletop,base,pnp_potato_to_microwave_close__seed00040,40,1,45,3.5208210411365144,24.13150726701133,01c1f36fdcfb6f9c94a079cf38f38be6ed21df60c4bbde7df860ced8ae0cdf17
pnp_potato_to_microwave_close,tabletop,base,pnp_potato_to_microwave_close__seed00041,41,0,45,3.518465232977178,22.431315046007512,01c1f36fdcfb6f9c94a079cf38f38be6ed21df60c4bbde7df860ced8ae0cdf17
pnp_potato_to_microwave_close,tabletop,base,pnp_potato_to_microwave_close__seed00042,42,0,45,3.519570061995182,19.310085644974606,01c1f36fdcfb6f9c94a079cf38f38be6ed21df60c4bbde7df860ced8ae0cdf17
pnp_potato_to_microwave_close,tabletop,base,pnp_potato_to_microwave_close__seed00043,43,0,45,3.5254968851222657,18.29663831400103,01c1f36fdcfb6f9c94a079cf38f38be6ed21df60c4bbde7df860ced8ae0cdf17
pnp_potato_to_microwave_close,tabletop,base,pnp_potato_to_microwave_close__seed00044,44,0,45,3.5239985980733763,17.04794828701415,01c1f36fdcfb6f9c94a079cf38f38be6ed21df60c4bbde7df860ced8ae0cdf17
pnp_potato_to_microwave_close,tabletop,base,pnp_potato_to_microwave_close__seed00045,45,1,45,3.5245176950411405,20.66789340399555,01c1f36fdcfb6f9c94a079cf38f38be6ed21df60c4bbde7df860ced8ae0cdf17
pnp_potato_to_microwave_close,tabletop,base,pnp_potato_to_microwave_close__seed00046,46,0,45,3.5301000690378714,17.79970571800368,01c1f36fdcfb6f9c94a079cf38f38be6ed21df60c4bbde7df860ced8ae0cdf17
pnp_potato_to_microwave_close,tabletop,base,pnp_potato_to_microwave_close__seed00047,47,1,45,3.525810684048338,17.407535617996473,01c1f36fdcfb6f9c94a079cf38f38be6ed21df60c4bbde7df860ced8ae0cdf17
pnp_potato_to_microwave_close,tabletop,base,pnp_potato_to_microwave_close__seed00048,48,0,45,3.5170539089594968,17.662788657005876,01c1f36fdcfb6f9c94a079cf38f38be6ed21df60c4bbde7df860ced8ae0cdf17
pnp_potato_to_microwave_close,tabletop,base,pnp_potato_to_microwave_close__seed00049,49,0,45,3.5245218889031094,23.619247755006654,01c1f36fdcfb6f9c94a079cf38f38be6ed21df60c4bbde7df860ced8ae0cdf17
pnp_wine_to_cabinet_close,tabletop,base,pnp_wine_to_cabinet_close__seed00000,0,0,45,3.52025061196764,17.400069819006603,01c1f36fdcfb6f9c94a079cf38f38be6ed21df60c4bbde7df860ced8ae0cdf17
pnp_wine_to_cabinet_close,tabletop,base,pnp_wine_to_cabinet_close__seed00001,1,0,45,3.5050148568698205,23.873665055987658,01c1f36fdcfb6f9c94a079cf38f38be6ed21df60c4bbde7df860ced8ae0cdf17
pnp_wine_to_cabinet_close,tabletop,base,pnp_wine_to_cabinet_close__seed00002,2,1,45,3.51234188786475,16.831566067994572,01c1f36fdcfb6f9c94a079cf38f38be6ed21df60c4bbde7df860ced8ae0cdf17
pnp_wine_to_cabinet_close,tabletop,base,pnp_wine_to_cabinet_close__seed00003,3,0,45,3.5225008391425945,22.057144710008288,01c1f36fdcfb6f9c94a079cf38f38be6ed21df60c4bbde7df860ced8ae0cdf17
pnp_wine_to_cabinet_close,tabletop,base,pnp_wine_to_cabinet_close__seed00004,4,0,45,3.517453832871979,19.3417668339971,01c1f36fdcfb6f9c94a079cf38f38be6ed21df60c4bbde7df860ced8ae0cdf17
pnp_wine_to_cabinet_close,tabletop,base,pnp_wine_to_cabinet_close__seed00005,5,0,45,3.5267087430111133,18.717010637017665,01c1f36fdcfb6f9c94a079cf38f38be6ed21df60c4bbde7df860ced8ae0cdf17
pnp_wine_to_cabinet_close,tabletop,base,pnp_wine_to_cabinet_close__seed00006,6,1,45,3.517726927064359,17.79954714901396,01c1f36fdcfb6f9c94a079cf38f38be6ed21df60c4bbde7df860ced8ae0cdf17
pnp_wine_to_cabinet_close,tabletop,base,pnp_wine_to_cabinet_close__seed00007,7,0,45,3.510202612989815,18.177751156006707,01c1f36fdcfb6f9c94a079cf38f38be6ed21df60c4bbde7df860ced8ae0cdf17
pnp_wine_to_cabinet_close,tabletop,base,pnp_wine_to_cabinet_close__seed00008,8,1,45,3.506347218033625,22.496569946000818,01c1f36fdcfb6f9c94a079cf38f38be6ed21df60c4bbde7df860ced8ae0cdf17
pnp_wine_to_cabinet_close,tabletop,base,pnp_wine_to_cabinet_close__seed00009,9,1,45,3.500110923079774,17.17753425502451,01c1f36fdcfb6f9c94a079cf38f38be6ed21df60c4bbde7df860ced8ae0cdf17
pnp_wine_to_cabinet_close,tabletop,base,pnp_wine_to_cabinet_close__seed00010,10,0,45,3.517111335968366,18.530008036002982,01c1f36fdcfb6f9c94a079cf38f38be6ed21df60c4bbde7df860ced8ae0cdf17
pnp_wine_to_cabinet_close,tabletop,base,pnp_wine_to_cabinet_close__seed00011,11,0,45,3.5274131340847816,16.36614111502422,01c1f36fdcfb6f9c94a079cf38f38be6ed21df60c4bbde7df860ced8ae0cdf17
pnp_wine_to_cabinet_close,tabletop,base,pnp_wine_to_cabinet_close__seed00012,12,1,45,3.521400893048849,16.563815009983955,01c1f36fdcfb6f9c94a079cf38f38be6ed21df60c4bbde7df860ced8ae0cdf17
pnp_wine_to_cabinet_close,tabletop,base,pnp_wine_to_cabinet_close__seed00013,13,1,45,3.5260284369578585,17.927457355021033,01c1f36fdcfb6f9c94a079cf38f38be6ed21df60c4bbde7df860ced8ae0cdf17
pnp_wine_to_cabinet_close,tabletop,base,pnp_wine_to_cabinet_close__seed00014,14,1,45,3.5162436110840645,26.376603612006875,01c1f36fdcfb6f9c94a079cf38f38be6ed21df60c4bbde7df860ced8ae0cdf17
pnp_wine_to_cabinet_close,tabletop,base,pnp_wine_to_cabinet_close__seed00015,15,1,45,3.5138299509999342,17.803679181990447,01c1f36fdcfb6f9c94a079cf38f38be6ed21df60c4bbde7df860ced8ae0cdf17
pnp_wine_to_cabinet_close,tabletop,base,pnp_wine_to_cabinet_close__seed00016,16,0,45,3.528801842883695,17.986365308985114,01c1f36fdcfb6f9c94a079cf38f38be6ed21df60c4bbde7df860ced8ae0cdf17
pnp_wine_to_cabinet_close,tabletop,base,pnp_wine_to_cabinet_close__seed00017,17,1,45,3.517326365050394,22.912283764017047,01c1f36fdcfb6f9c94a079cf38f38be6ed21df60c4bbde7df860ced8ae0cdf17
pnp_wine_to_cabinet_close,tabletop,base,pnp_wine_to_cabinet_close__seed00018,18,0,45,3.5283958519867156,18.3918815299985,01c1f36fdcfb6f9c94a079cf38f38be6ed21df60c4bbde7df860ced8ae0cdf17
pnp_wine_to_cabinet_close,tabletop,base,pnp_wine_to_cabinet_close__seed00019,19,0,45,3.5222266860946547,17.21296713402262,01c1f36fdcfb6f9c94a079cf38f38be6ed21df60c4bbde7df860ced8ae0cdf17
pnp_wine_to_cabinet_close,tabletop,base,pnp_wine_to_cabinet_close__seed00020,20,0,45,3.5296321030473337,16.560873640002683,01c1f36fdcfb6f9c94a079cf38f38be6ed21df60c4bbde7df860ced8ae0cdf17
pnp_wine_to_cabinet_close,tabletop,base,pnp_wine_to_cabinet_close__seed00021,21,0,45,3.509622552926885,18.913631471979897,01c1f36fdcfb6f9c94a079cf38f38be6ed21df60c4bbde7df860ced8ae0cdf17
pnp_wine_to_cabinet_close,tabletop,base,pnp_wine_to_cabinet_close__seed00022,22,0,45,3.5077112650033087,18.98050700299791,01c1f36fdcfb6f9c94a079cf38f38be6ed21df60c4bbde7df860ced8ae0cdf17
pnp_wine_to_cabinet_close,tabletop,base,pnp_wine_to_cabinet_close__seed00023,23,0,45,3.525476959941443,17.843596254999284,01c1f36fdcfb6f9c94a079cf38f38be6ed21df60c4bbde7df860ced8ae0cdf17
pnp_wine_to_cabinet_close,tabletop,base,pnp_wine_to_cabinet_close__seed00024,24,1,45,3.5127559970715083,16.50576814400847,01c1f36fdcfb6f9c94a079cf38f38be6ed21df60c4bbde7df860ced8ae0cdf17
pnp_wine_to_cabinet_close,tabletop,base,pnp_wine_to_cabinet_close__seed00025,25,1,45,3.5230334099032916,16.881065036985092,01c1f36fdcfb6f9c94a079cf38f38be6ed21df60c4bbde7df860ced8ae0cdf17
pnp_wine_to_cabinet_close,tabletop,base,pnp_wine_to_cabinet_close__seed00026,26,1,45,3.5413052880903706,17.9032556739985,01c1f36fdcfb6f9c94a079cf38f38be6ed21df60c4bbde7df860ced8ae0cdf17
pnp_wine_to_cabinet_close,tabletop,base,pnp_wine_to_cabinet_close__seed00027,27,1,45,3.522877201961819,17.512812197004678,01c1f36fdcfb6f9c94a079cf38f38be6ed21df60c4bbde7df860ced8ae0cdf17
pnp_wine_to_cabinet_close,tabletop,base,pnp_wine_to_cabinet_close__seed00028,28,0,45,3.5147704610717483,18.338141149986768,01c1f36fdcfb6f9c94a079cf38f38be6ed21df60c4bbde7df860ced8ae0cdf17
pnp_wine_to_cabinet_close,tabletop,base,pnp_wine_to_cabinet_close__seed00029,29,0,45,3.516655142942909,17.3676390160108,01c1f36fdcfb6f9c94a079cf38f38be6ed21df60c4bbde7df860ced8ae0cdf17
pnp_wine_to_cabinet_close,tabletop,base,pnp_wine_to_cabinet_close__seed00030,30,1,45,3.5207891579484567,17.21313179397839,01c1f36fdcfb6f9c94a079cf38f38be6ed21df60c4bbde7df860ced8ae0cdf17
pnp_wine_to_cabinet_close,tabletop,base,pnp_wine_to_cabinet_close__seed00031,31,1,45,3.5101635658938903,16.80919203700614,01c1f36fdcfb6f9c94a079cf38f38be6ed21df60c4bbde7df860ced8ae0cdf17
pnp_wine_to_cabinet_close,tabletop,base,pnp_wine_to_cabinet_close__seed00032,32,1,45,3.5330192749970593,16.0231503820105,01c1f36fdcfb6f9c94a079cf38f38be6ed21df60c4bbde7df860ced8ae0cdf17
pnp_wine_to_cabinet_close,tabletop,base,pnp_wine_to_cabinet_close__seed00033,33,0,45,3.5115528160822578,21.71180995600298,01c1f36fdcfb6f9c94a079cf38f38be6ed21df60c4bbde7df860ced8ae0cdf17
pnp_wine_to_cabinet_close,tabletop,base,pnp_wine_to_cabinet_close__seed00034,34,1,45,3.5228045218682382,18.721945337980287,01c1f36fdcfb6f9c94a079cf38f38be6ed21df60c4bbde7df860ced8ae0cdf17
pnp_wine_to_cabinet_close,tabletop,base,pnp_wine_to_cabinet_close__seed00035,35,1,45,3.522875235124957,23.330864757997915,01c1f36fdcfb6f9c94a079cf38f38be6ed21df60c4bbde7df860ced8ae0cdf17
pnp_wine_to_cabinet_close,tabletop,base,pnp_wine_to_cabinet_close__seed00036,36,1,45,3.51889080190449,17.12552740299725,01c1f36fdcfb6f9c94a079cf38f38be6ed21df60c4bbde7df860ced8ae0cdf17
pnp_wine_to_cabinet_close,tabletop,base,pnp_wine_to_cabinet_close__seed00037,37,1,45,3.5228295148990583,17.11089785498916,01c1f36fdcfb6f9c94a079cf38f38be6ed21df60c4bbde7df860ced8ae0cdf17
pnp_wine_to_cabinet_close,tabletop,base,pnp_wine_to_cabinet_close__seed00038,38,1,45,3.5176265712070744,18.356421339005465,01c1f36fdcfb6f9c94a079cf38f38be6ed21df60c4bbde7df860ced8ae0cdf17
pnp_wine_to_cabinet_close,tabletop,base,pnp_wine_to_cabinet_close__seed00039,39,0,45,3.51175090711331,18.461407627997687,01c1f36fdcfb6f9c94a079cf38f38be6ed21df60c4bbde7df860ced8ae0cdf17
pnp_wine_to_cabinet_close,tabletop,base,pnp_wine_to_cabinet_close__seed00040,40,1,45,3.5253982838767115,17.26980400198954,01c1f36fdcfb6f9c94a079cf38f38be6ed21df60c4bbde7df860ced8ae0cdf17
pnp_wine_to_cabinet_close,tabletop,base,pnp_wine_to_cabinet_close__seed00041,41,0,45,3.510837166890269,24.18823236602475,01c1f36fdcfb6f9c94a079cf38f38be6ed21df60c4bbde7df860ced8ae0cdf17
pnp_wine_to_cabinet_close,tabletop,base,pnp_wine_to_cabinet_close__seed00042,42,0,45,3.509767418872798,20.611451924982248,01c1f36fdcfb6f9c94a079cf38f38be6ed21df60c4bbde7df860ced8ae0cdf17
pnp_wine_to_cabinet_close,tabletop,base,pnp_wine_to_cabinet_close__seed00043,43,0,45,3.5092729158932343,21.39756404500804,01c1f36fdcfb6f9c94a079cf38f38be6ed21df60c4bbde7df860ced8ae0cdf17
pnp_wine_to_cabinet_close,tabletop,base,pnp_wine_to_cabinet_close__seed00044,44,0,45,3.5252405209466815,25.86178935400676,01c1f36fdcfb6f9c94a079cf38f38be6ed21df60c4bbde7df860ced8ae0cdf17
pnp_wine_to_cabinet_close,tabletop,base,pnp_wine_to_cabinet_close__seed00045,45,1,45,3.5239084918866865,18.728121684020152,01c1f36fdcfb6f9c94a079cf38f38be6ed21df60c4bbde7df860ced8ae0cdf17
pnp_wine_to_cabinet_close,tabletop,base,pnp_wine_to_cabinet_close__seed00046,46,0,45,3.5321279070922174,17.54485125199426,01c1f36fdcfb6f9c94a079cf38f38be6ed21df60c4bbde7df860ced8ae0cdf17
pnp_wine_to_cabinet_close,tabletop,base,pnp_wine_to_cabinet_close__seed00047,47,1,45,3.5206657829112373,17.151543735002633,01c1f36fdcfb6f9c94a079cf38f38be6ed21df60c4bbde7df860ced8ae0cdf17
pnp_wine_to_cabinet_close,tabletop,base,pnp_wine_to_cabinet_close__seed00048,48,1,45,3.5143886609876063,17.939589451998472,01c1f36fdcfb6f9c94a079cf38f38be6ed21df60c4bbde7df860ced8ae0cdf17
pnp_wine_to_cabinet_close,tabletop,base,pnp_wine_to_cabinet_close__seed00049,49,1,45,3.515414340014104,17.43403399598901,01c1f36fdcfb6f9c94a079cf38f38be6ed21df60c4bbde7df860ced8ae0cdf17
posttrain_pnp_novel_from_cuttingboard_to_basket,tabletop,base,posttrain_pnp_novel_from_cuttingboard_to_basket__seed00000,0,1,45,3.740135617030319,20.417018386011478,01c1f36fdcfb6f9c94a079cf38f38be6ed21df60c4bbde7df860ced8ae0cdf17
posttrain_pnp_novel_from_cuttingboard_to_basket,tabletop,base,posttrain_pnp_novel_from_cuttingboard_to_basket__seed00001,1,0,45,3.749549651023699,19.3232826369931,01c1f36fdcfb6f9c94a079cf38f38be6ed21df60c4bbde7df860ced8ae0cdf17
posttrain_pnp_novel_from_cuttingboard_to_basket,tabletop,base,posttrain_pnp_novel_from_cuttingboard_to_basket__seed00002,2,1,45,3.8007660610601306,18.573767388006672,01c1f36fdcfb6f9c94a079cf38f38be6ed21df60c4bbde7df860ced8ae0cdf17
posttrain_pnp_novel_from_cuttingboard_to_basket,tabletop,base,posttrain_pnp_novel_from_cuttingboard_to_basket__seed00003,3,0,45,3.7678058120363858,17.50624620198505,01c1f36fdcfb6f9c94a079cf38f38be6ed21df60c4bbde7df860ced8ae0cdf17
posttrain_pnp_novel_from_cuttingboard_to_basket,tabletop,base,posttrain_pnp_novel_from_cuttingboard_to_basket__seed00004,4,0,45,3.7727659468655474,24.608993725996697,01c1f36fdcfb6f9c94a079cf38f38be6ed21df60c4bbde7df860ced8ae0cdf17
posttrain_pnp_novel_from_cuttingboard_to_basket,tabletop,base,posttrain_pnp_novel_from_cuttingboard_to_basket__seed00005,5,0,45,3.818776078056544,18.96267380201607,01c1f36fdcfb6f9c94a079cf38f38be6ed21df60c4bbde7df860ced8ae0cdf17
posttrain_pnp_novel_from_cuttingboard_to_basket,tabletop,base,posttrain_pnp_novel_from_cuttingboard_to_basket__seed00006,6,0,45,3.7083615700539667,25.43251823002356,01c1f36fdcfb6f9c94a079cf38f38be6ed21df60c4bbde7df860ced8ae0cdf17
posttrain_pnp_novel_from_cuttingboard_to_basket,tabletop,base,posttrain_pnp_novel_from_cuttingboard_to_basket__seed00007,7,0,45,3.757333775080042,18.74621443700744,01c1f36fdcfb6f9c94a079cf38f38be6ed21df60c4bbde7df860ced8ae0cdf17
posttrain_pnp_novel_from_cuttingboard_to_basket,tabletop,base,posttrain_pnp_novel_from_cuttingboard_to_basket__seed00008,8,1,45,3.676151640014723,17.476419471000554,01c1f36fdcfb6f9c94a079cf38f38be6ed21df60c4bbde7df860ced8ae0cdf17
posttrain_pnp_novel_from_cuttingboard_to_basket,tabletop,base,posttrain_pnp_novel_from_cuttingboard_to_basket__seed00009,9,1,45,3.660152463038685,18.9537943440082,01c1f36fdcfb6f9c94a079cf38f38be6ed21df60c4bbde7df860ced8ae0cdf17
posttrain_pnp_novel_from_cuttingboard_to_basket,tabletop,base,posttrain_pnp_novel_from_cuttingboard_to_basket__seed00010,10,0,45,3.636292374925688,19.980414690013276,01c1f36fdcfb6f9c94a079cf38f38be6ed21df60c4bbde7df860ced8ae0cdf17
posttrain_pnp_novel_from_cuttingboard_to_basket,tabletop,base,posttrain_pnp_novel_from_cuttingboard_to_basket__seed00011,11,1,45,3.6313549490005244,17.662639979011146,01c1f36fdcfb6f9c94a079cf38f38be6ed21df60c4bbde7df860ced8ae0cdf17
posttrain_pnp_novel_from_cuttingboard_to_basket,tabletop,base,posttrain_pnp_novel_from_cuttingboard_to_basket__seed00012,12,0,45,3.64529936897452,19.180152437998913,01c1f36fdcfb6f9c94a079cf38f38be6ed21df60c4bbde7df860ced8ae0cdf17
posttrain_pnp_novel_from_cuttingboard_to_basket,tabletop,base,posttrain_pnp_novel_from_cuttingboard_to_basket__seed00013,13,1,45,3.658547052007634,18.499279983981978,01c1f36fdcfb6f9c94a079cf38f38be6ed21df60c4bbde7df860ced8ae0cdf17
posttrain_pnp_novel_from_cuttingboard_to_basket,tabletop,base,posttrain_pnp_novel_from_cuttingboard_to_basket__seed00014,14,1,45,3.608154825051315,19.296216383983847,01c1f36fdcfb6f9c94a079cf38f38be6ed21df60c4bbde7df860ced8ae0cdf17
posttrain_pnp_novel_from_cuttingboard_to_basket,tabletop,base,posttrain_pnp_novel_from_cuttingboard_to_basket__seed00015,15,0,45,3.5564441689348314,17.36694270200678,01c1f36fdcfb6f9c94a079cf38f38be6ed21df60c4bbde7df860ced8ae0cdf17
posttrain_pnp_novel_from_cuttingboard_to_basket,tabletop,base,posttrain_pnp_novel_from_cuttingboard_to_basket__seed00016,16,1,45,3.6635955359088257,18.87115716500557,01c1f36fdcfb6f9c94a079cf38f38be6ed21df60c4bbde7df860ced8ae0cdf17
posttrain_pnp_novel_from_cuttingboard_to_basket,tabletop,base,posttrain_pnp_novel_from_cuttingboard_to_basket__seed00017,17,0,45,3.6845370639057364,19.461097691993928,01c1f36fdcfb6f9c94a079cf38f38be6ed21df60c4bbde7df860ced8ae0cdf17
posttrain_pnp_novel_from_cuttingboard_to_basket,tabletop,base,posttrain_pnp_novel_from_cuttingboard_to_basket__seed00018,18,0,45,3.591776784043759,17.607401830988238,01c1f36fdcfb6f9c94a079cf38f38be6ed21df60c4bbde7df860ced8ae0cdf17
posttrain_pnp_novel_from_cuttingboard_to_basket,tabletop,base,posttrain_pnp_novel_from_cuttingboard_to_basket__seed00019,19,0,45,3.594945468008518,19.829089177015703,01c1f36fdcfb6f9c94a079cf38f38be6ed21df60c4bbde7df860ced8ae0cdf17
posttrain_pnp_novel_from_cuttingboard_to_basket,tabletop,base,posttrain_pnp_novel_from_cuttingboard_to_basket__seed00020,20,1,45,3.764755806856556,18.43762043499737,01c1f36fdcfb6f9c94a079cf38f38be6ed21df60c4bbde7df860ced8ae0cdf17
posttrain_pnp_novel_from_cuttingboard_to_basket,tabletop,base,posttrain_pnp_novel_from_cuttingboard_to_basket__seed00021,21,0,45,3.731126114988001,24.02508353299345,01c1f36fdcfb6f9c94a079cf38f38be6ed21df60c4bbde7df860ced8ae0cdf17
posttrain_pnp_novel_from_cuttingboard_to_basket,tabletop,base,posttrain_pnp_novel_from_cuttingboard_to_basket__seed00022,22,1,45,3.727125934965443,17.798285397002473,01c1f36fdcfb6f9c94a079cf38f38be6ed21df60c4bbde7df860ced8ae0cdf17
posttrain_pnp_novel_from_cuttingboard_to_basket,tabletop,base,posttrain_pnp_novel_from_cuttingboard_to_basket__seed00023,23,1,45,3.716926995810354,18.2447254860017,01c1f36fdcfb6f9c94a079cf38f38be6ed21df60c4bbde7df860ced8ae0cdf17
posttrain_pnp_novel_from_cuttingboard_to_basket,tabletop,base,posttrain_pnp_novel_from_cuttingboard_to_basket__seed00024,24,0,45,3.71977948496351,18.336576440982753,01c1f36fdcfb6f9c94a079cf38f38be6ed21df60c4bbde7df860ced8ae0cdf17
posttrain_pnp_novel_from_cuttingboard_to_basket,tabletop,base,posttrain_pnp_novel_from_cuttingboard_to_basket__seed00025,25,1,45,3.5609815238858573,17.70944676801446,01c1f36fdcfb6f9c94a079cf38f38be6ed21df60c4bbde7df860ced8ae0cdf17
posttrain_pnp_novel_from_cuttingboard_to_basket,tabletop,base,posttrain_pnp_novel_from_cuttingboard_to_basket__seed00026,26,1,45,3.519025636080187,21.32683886398445,01c1f36fdcfb6f9c94a079cf38f38be6ed21df60c4bbde7df860ced8ae0cdf17
posttrain_pnp_novel_from_cuttingboard_to_basket,tabletop,base,posttrain_pnp_novel_from_cuttingboard_to_basket__seed00027,27,1,45,3.6765576820762362,18.425405485992087,01c1f36fdcfb6f9c94a079cf38f38be6ed21df60c4bbde7df860ced8ae0cdf17
posttrain_pnp_novel_from_cuttingboard_to_basket,tabletop,base,posttrain_pnp_novel_from_cuttingboard_to_basket__seed00028,28,1,45,3.693218839849578,17.45842026200262,01c1f36fdcfb6f9c94a079cf38f38be6ed21df60c4bbde7df860ced8ae0cdf17
posttrain_pnp_novel_from_cuttingboard_to_basket,tabletop,base,posttrain_pnp_novel_from_cuttingboard_to_basket__seed00029,29,0,45,3.735283266956685,17.743862114992226,01c1f36fdcfb6f9c94a079cf38f38be6ed21df60c4bbde7df860ced8ae0cdf17
posttrain_pnp_novel_from_cuttingboard_to_basket,tabletop,base,posttrain_pnp_novel_from_cuttingboard_to_basket__seed00030,30,0,45,3.7649127439945005,18.35708145800163,01c1f36fdcfb6f9c94a079cf38f38be6ed21df60c4bbde7df860ced8ae0cdf17
posttrain_pnp_novel_from_cuttingboard_to_basket,tabletop,base,posttrain_pnp_novel_from_cuttingboard_to_basket__seed00031,31,0,45,3.732300067873439,17.85487537100562,01c1f36fdcfb6f9c94a079cf38f38be6ed21df60c4bbde7df860ced8ae0cdf17
posttrain_pnp_novel_from_cuttingboard_to_basket,tabletop,base,posttrain_pnp_novel_from_cuttingboard_to_basket__seed00032,32,0,45,3.6034172380168457,21.13831158800167,01c1f36fdcfb6f9c94a079cf38f38be6ed21df60c4bbde7df860ced8ae0cdf17
posttrain_pnp_novel_from_cuttingboard_to_basket,tabletop,base,posttrain_pnp_novel_from_cuttingboard_to_basket__seed00033,33,1,45,3.6747772149392404,19.079122308990918,01c1f36fdcfb6f9c94a079cf38f38be6ed21df60c4bbde7df860ced8ae0cdf17
posttrain_pnp_novel_from_cuttingboard_to_basket,tabletop,base,posttrain_pnp_novel_from_cuttingboard_to_basket__seed00034,34,0,45,3.656611392943887,24.779511767002987,01c1f36fdcfb6f9c94a079cf38f38be6ed21df60c4bbde7df860ced8ae0cdf17
posttrain_pnp_novel_from_cuttingboard_to_basket,tabletop,base,posttrain_pnp_novel_from_cuttingboard_to_basket__seed00035,35,1,45,3.8210443809221033,20.507016371993814,01c1f36fdcfb6f9c94a079cf38f38be6ed21df60c4bbde7df860ced8ae0cdf17
posttrain_pnp_novel_from_cuttingboard_to_basket,tabletop,base,posttrain_pnp_novel_from_cuttingboard_to_basket__seed00036,36,0,45,3.67052967401105,17.802938325010473,01c1f36fdcfb6f9c94a079cf38f38be6ed21df60c4bbde7df860ced8ae0cdf17
posttrain_pnp_novel_from_cuttingboard_to_basket,tabletop,base,posttrain_pnp_novel_from_cuttingboard_to_basket__seed00037,37,0,45,3.672652845911216,17.31084206799278,01c1f36fdcfb6f9c94a079cf38f38be6ed21df60c4bbde7df860ced8ae0cdf17
posttrain_pnp_novel_from_cuttingboard_to_basket,tabletop,base,posttrain_pnp_novel_from_cuttingboard_to_basket__seed00038,38,1,45,3.650163762999,18.110044524015393,01c1f36fdcfb6f9c94a079cf38f38be6ed21df60c4bbde7df860ced8ae0cdf17
posttrain_pnp_novel_from_cuttingboard_to_basket,tabletop,base,posttrain_pnp_novel_from_cuttingboard_to_basket__seed00039,39,0,45,3.66531336895423,23.575507510016905,01c1f36fdcfb6f9c94a079cf38f38be6ed21df60c4bbde7df860ced8ae0cdf17
posttrain_pnp_novel_from_cuttingboard_to_basket,tabletop,base,posttrain_pnp_novel_from_cuttingboard_to_basket__seed00040,40,1,45,3.717352145060431,18.248088769003516,01c1f36fdcfb6f9c94a079cf38f38be6ed21df60c4bbde7df860ced8ae0cdf17
posttrain_pnp_novel_from_cuttingboard_to_basket,tabletop,base,posttrain_pnp_novel_from_cuttingboard_to_basket__seed00041,41,0,45,3.6533553201006725,24.346094398002606,01c1f36fdcfb6f9c94a079cf38f38be6ed21df60c4bbde7df860ced8ae0cdf17
posttrain_pnp_novel_from_cuttingboard_to_basket,tabletop,base,posttrain_pnp_novel_from_cuttingboard_to_basket__seed00042,42,0,45,3.709777527983533,19.057684223982506,01c1f36fdcfb6f9c94a079cf38f38be6ed21df60c4bbde7df860ced8ae0cdf17
posttrain_pnp_novel_from_cuttingboard_to_basket,tabletop,base,posttrain_pnp_novel_from_cuttingboard_to_basket__seed00043,43,1,45,3.674841433094116,19.774412079015747,01c1f36fdcfb6f9c94a079cf38f38be6ed21df60c4bbde7df860ced8ae0cdf17
posttrain_pnp_novel_from_cuttingboard_to_basket,tabletop,base,posttrain_pnp_novel_from_cuttingboard_to_basket__seed00044,44,0,45,3.658151902956888,17.678457336005522,01c1f36fdcfb6f9c94a079cf38f38be6ed21df60c4bbde7df860ced8ae0cdf17
posttrain_pnp_novel_from_cuttingboard_to_basket,tabletop,base,posttrain_pnp_novel_from_cuttingboard_to_basket__seed00045,45,0,45,3.7024727060634177,18.15295511900331,01c1f36fdcfb6f9c94a079cf38f38be6ed21df60c4bbde7df860ced8ae0cdf17
posttrain_pnp_novel_from_cuttingboard_to_basket,tabletop,base,posttrain_pnp_novel_from_cuttingboard_to_basket__seed00046,46,0,45,3.6349254879460204,16.931319411989534,01c1f36fdcfb6f9c94a079cf38f38be6ed21df60c4bbde7df860ced8ae0cdf17
posttrain_pnp_novel_from_cuttingboard_to_basket,tabletop,base,posttrain_pnp_novel_from_cuttingboard_to_basket__seed00047,47,0,45,3.6542034980957396,17.629583417990943,01c1f36fdcfb6f9c94a079cf38f38be6ed21df60c4bbde7df860ced8ae0cdf17
posttrain_pnp_novel_from_cuttingboard_to_basket,tabletop,base,posttrain_pnp_novel_from_cuttingboard_to_basket__seed00048,48,0,45,3.703269632125739,20.38539035100257,01c1f36fdcfb6f9c94a079cf38f38be6ed21df60c4bbde7df860ced8ae0cdf17
posttrain_pnp_novel_from_cuttingboard_to_basket,tabletop,base,posttrain_pnp_novel_from_cuttingboard_to_basket__seed00049,49,0,45,3.7164504719839897,17.952293431008002,01c1f36fdcfb6f9c94a079cf38f38be6ed21df60c4bbde7df860ced8ae0cdf17
posttrain_pnp_novel_from_cuttingboard_to_cardboardbox,tabletop,base,posttrain_pnp_novel_from_cuttingboard_to_cardboardbox__seed00000,0,0,45,3.763289668917423,16.681401562993415,01c1f36fdcfb6f9c94a079cf38f38be6ed21df60c4bbde7df860ced8ae0cdf17
posttrain_pnp_novel_from_cuttingboard_to_cardboardbox,tabletop,base,posttrain_pnp_novel_from_cuttingboard_to_cardboardbox__seed00001,1,1,45,3.7666023348865565,18.479411072010407,01c1f36fdcfb6f9c94a079cf38f38be6ed21df60c4bbde7df860ced8ae0cdf17
posttrain_pnp_novel_from_cuttingboard_to_cardboardbox,tabletop,base,posttrain_pnp_novel_from_cuttingboard_to_cardboardbox__seed00002,2,1,45,3.780767281918088,18.604368077998515,01c1f36fdcfb6f9c94a079cf38f38be6ed21df60c4bbde7df860ced8ae0cdf17
posttrain_pnp_novel_from_cuttingboard_to_cardboardbox,tabletop,base,posttrain_pnp_novel_from_cuttingboard_to_cardboardbox__seed00003,3,0,45,3.769561347871786,17.609474297991255,01c1f36fdcfb6f9c94a079cf38f38be6ed21df60c4bbde7df860ced8ae0cdf17
posttrain_pnp_novel_from_cuttingboard_to_cardboardbox,tabletop,base,posttrain_pnp_novel_from_cuttingboard_to_cardboardbox__seed00004,4,0,45,3.7606371418514755,24.213609478989383,01c1f36fdcfb6f9c94a079cf38f38be6ed21df60c4bbde7df860ced8ae0cdf17
posttrain_pnp_novel_from_cuttingboard_to_cardboardbox,tabletop,base,posttrain_pnp_novel_from_cuttingboard_to_cardboardbox__seed00005,5,1,45,3.7984567438834347,19.029711679002503,01c1f36fdcfb6f9c94a079cf38f38be6ed21df60c4bbde7df860ced8ae0cdf17
posttrain_pnp_novel_from_cuttingboard_to_cardboardbox,tabletop,base,posttrain_pnp_novel_from_cuttingboard_to_cardboardbox__seed00006,6,0,45,3.748956619092496,18.035488644003635,01c1f36fdcfb6f9c94a079cf38f38be6ed21df60c4bbde7df860ced8ae0cdf17
posttrain_pnp_novel_from_cuttingboard_to_cardboardbox,tabletop,base,posttrain_pnp_novel_from_cuttingboard_to_cardboardbox__seed00007,7,0,45,3.829549762973329,20.037017377995653,01c1f36fdcfb6f9c94a079cf38f38be6ed21df60c4bbde7df860ced8ae0cdf17
posttrain_pnp_novel_from_cuttingboard_to_cardboardbox,tabletop,base,posttrain_pnp_novel_from_cuttingboard_to_cardboardbox__seed00008,8,0,45,3.7864595101273153,20.48146032699151,01c1f36fdcfb6f9c94a079cf38f38be6ed21df60c4bbde7df860ced8ae0cdf17
posttrain_pnp_novel_from_cuttingboard_to_cardboardbox,tabletop,base,posttrain_pnp_novel_from_cuttingboard_to_cardboardbox__seed00009,9,0,45,3.7913275390455965,17.7640563500172,01c1f36fdcfb6f9c94a079cf38f38be6ed21df60c4bbde7df860ced8ae0cdf17
posttrain_pnp_novel_from_cuttingboard_to_cardboardbox,tabletop,base,posttrain_pnp_novel_from_cuttingboard_to_cardboardbox__seed00010,10,1,45,3.7790767940168735,17.114815856999485,01c1f36fdcfb6f9c94a079cf38f38be6ed21df60c4bbde7df860ced8ae0cdf17
posttrain_pnp_novel_from_cuttingboard_to_cardboardbox,tabletop,base,posttrain_pnp_novel_from_cuttingboard_to_cardboardbox__seed00011,11,1,45,3.8304278789437376,17.339346848981222,01c1f36fdcfb6f9c94a079cf38f38be6ed21df60c4bbde7df860ced8ae0cdf17
posttrain_pnp_novel_from_cuttingboard_to_cardboardbox,tabletop,base,posttrain_pnp_novel_from_cuttingboard_to_cardboardbox__seed00012,12,0,45,3.7488200530351605,17.816628945991397,01c1f36fdcfb6f9c94a079cf38f38be6ed21df60c4bbde7df860ced8ae0cdf17
posttrain_pnp_novel_from_cuttingboard_to_cardboardbox,tabletop,base,posttrain_pnp_novel_from_cuttingboard_to_cardboardbox__seed00013,13,1,45,3.798774912051158,19.858489909005584,01c1f36fdcfb6f9c94a079cf38f38be6ed21df60c4bbde7df860ced8ae0cdf17
posttrain_pnp_novel_from_cuttingboard_to_cardboardbox,tabletop,base,posttrain_pnp_novel_from_cuttingboard_to_cardboardbox__seed00014,14,1,45,3.8112418690288905,19.096090783015825,01c1f36fdcfb6f9c94a079cf38f38be6ed21df60c4bbde7df860ced8ae0cdf17
posttrain_pnp_novel_from_cuttingboard_to_cardboardbox,tabletop,base,posttrain_pnp_novel_from_cuttingboard_to_cardboardbox__seed00015,15,0,45,3.7621191870130133,17.671879523986718,01c1f36fdcfb6f9c94a079cf38f38be6ed21df60c4bbde7df860ced8ae0cdf17
posttrain_pnp_novel_from_cuttingboard_to_cardboardbox,tabletop,base,posttrain_pnp_novel_from_cuttingboard_to_cardboardbox__seed00016,16,1,45,3.843598933046451,18.479269271017984,01c1f36fdcfb6f9c94a079cf38f38be6ed21df60c4bbde7df860ced8ae0cdf17
posttrain_pnp_novel_from_cuttingboard_to_cardboardbox,tabletop,base,posttrain_pnp_novel_from_cuttingboard_to_cardboardbox__seed00017,17,1,45,3.902950532035902,19.174652245012112,01c1f36fdcfb6f9c94a079cf38f38be6ed21df60c4bbde7df860ced8ae0cdf17
posttrain_pnp_novel_from_cuttingboard_to_cardboardbox,tabletop,base,posttrain_pnp_novel_from_cuttingboard_to_cardboardbox__seed00018,18,1,45,3.844789846043568,18.142209860990988,01c1f36fdcfb6f9c94a079cf38f38be6ed21df60c4bbde7df860ced8ae0cdf17
posttrain_pnp_novel_from_cuttingboard_to_cardboardbox,tabletop,base,posttrain_pnp_novel_from_cuttingboard_to_cardboardbox__seed00019,19,0,45,3.7948651330953,18.201762490003603,01c1f36fdcfb6f9c94a079cf38f38be6ed21df60c4bbde7df860ced8ae0cdf17
posttrain_pnp_novel_from_cuttingboard_to_cardboardbox,tabletop,base,posttrain_pnp_novel_from_cuttingboard_to_cardboardbox__seed00020,20,1,45,3.7794712180329952,18.133704840991413,01c1f36fdcfb6f9c94a079cf38f38be6ed21df60c4bbde7df860ced8ae0cdf17
posttrain_pnp_novel_from_cuttingboard_to_cardboardbox,tabletop,base,posttrain_pnp_novel_from_cuttingboard_to_cardboardbox__seed00021,21,0,45,3.760837815993,23.78379742600373,01c1f36fdcfb6f9c94a079cf38f38be6ed21df60c4bbde7df860ced8ae0cdf17
posttrain_pnp_novel_from_cuttingboard_to_cardboardbox,tabletop,base,posttrain_pnp_novel_from_cuttingboard_to_cardboardbox__seed00022,22,1,45,3.757727547053946,17.60746257501887,01c1f36fdcfb6f9c94a079cf38f38be6ed21df60c4bbde7df860ced8ae0cdf17
posttrain_pnp_novel_from_cuttingboard_to_cardboardbox,tabletop,base,posttrain_pnp_novel_from_cuttingboard_to_cardboardbox__seed00023,23,0,45,3.796930171083659,16.626592499000253,01c1f36fdcfb6f9c94a079cf38f38be6ed21df60c4bbde7df860ced8ae0cdf17
posttrain_pnp_novel_from_cuttingboard_to_cardboardbox,tabletop,base,posttrain_pnp_novel_from_cuttingboard_to_cardboardbox__seed00024,24,0,45,3.7913049779308494,19.081669172999682,01c1f36fdcfb6f9c94a079cf38f38be6ed21df60c4bbde7df860ced8ae0cdf17
posttrain_pnp_novel_from_cuttingboard_to_cardboardbox,tabletop,base,posttrain_pnp_novel_from_cuttingboard_to_cardboardbox__seed00025,25,1,45,3.820255090104183,18.407866338995518,01c1f36fdcfb6f9c94a079cf38f38be6ed21df60c4bbde7df860ced8ae0cdf17
posttrain_pnp_novel_from_cuttingboard_to_cardboardbox,tabletop,base,posttrain_pnp_novel_from_cuttingboard_to_cardboardbox__seed00026,26,0,45,3.7840161400090437,18.698342279996723,01c1f36fdcfb6f9c94a079cf38f38be6ed21df60c4bbde7df860ced8ae0cdf17
posttrain_pnp_novel_from_cuttingboard_to_cardboardbox,tabletop,base,posttrain_pnp_novel_from_cuttingboard_to_cardboardbox__seed00027,27,0,45,3.8203711678797845,19.244168767996598,01c1f36fdcfb6f9c94a079cf38f38be6ed21df60c4bbde7df860ced8ae0cdf17
posttrain_pnp_novel_from_cuttingboard_to_cardboardbox,tabletop,base,posttrain_pnp_novel_from_cuttingboard_to_cardboardbox__seed00028,28,0,45,3.7591397278010845,17.102283645013813,01c1f36fdcfb6f9c94a079cf38f38be6ed21df60c4bbde7df860ced8ae0cdf17
posttrain_pnp_novel_from_cuttingboard_to_cardboardbox,tabletop,base,posttrain_pnp_novel_from_cuttingboard_to_cardboardbox__seed00029,29,0,45,3.759398004040122,18.94426992200897,01c1f36fdcfb6f9c94a079cf38f38be6ed21df60c4bbde7df860ced8ae0cdf17
posttrain_pnp_novel_from_cuttingboard_to_cardboardbox,tabletop,base,posttrain_pnp_novel_from_cuttingboard_to_cardboardbox__seed00030,30,0,45,3.820933821989456,17.259805125999264,01c1f36fdcfb6f9c94a079cf38f38be6ed21df60c4bbde7df860ced8ae0cdf17
posttrain_pnp_novel_from_cuttingboard_to_cardboardbox,tabletop,base,posttrain_pnp_novel_from_cuttingboard_to_cardboardbox__seed00031,31,0,45,3.7864691730064806,18.42643422301626,01c1f36fdcfb6f9c94a079cf38f38be6ed21df60c4bbde7df860ced8ae0cdf17
posttrain_pnp_novel_from_cuttingboard_to_cardboardbox,tabletop,base,posttrain_pnp_novel_from_cuttingboard_to_cardboardbox__seed00032,32,0,45,3.763832900876878,17.41023649397539,01c1f36fdcfb6f9c94a079cf38f38be6ed21df60c4bbde7df860ced8ae0cdf17
posttrain_pnp_novel_from_cuttingboard_to_cardboardbox,tabletop,base,posttrain_pnp_novel_from_cuttingboard_to_cardboardbox__seed00033,33,1,45,3.7630765499488916,17.668299915007083,01c1f36fdcfb6f9c94a079cf38f38be6ed21df60c4bbde7df860ced8ae0cdf17
posttrain_pnp_novel_from_cuttingboard_to_cardboardbox,tabletop,base,posttrain_pnp_novel_from_cuttingboard_to_cardboardbox__seed00034,34,0,45,3.749009644932812,23.05456187998061,01c1f36fdcfb6f9c94a079cf38f38be6ed21df60c4bbde7df860ced8ae0cdf17
posttrain_pnp_novel_from_cuttingboard_to_cardboardbox,tabletop,base,posttrain_pnp_novel_from_cuttingboard_to_cardboardbox__seed00035,35,0,45,3.75594753108453,17.91671691299416,01c1f36fdcfb6f9c94a079cf38f38be6ed21df60c4bbde7df860ced8ae0cdf17
posttrain_pnp_novel_from_cuttingboard_to_cardboardbox,tabletop,base,posttrain_pnp_novel_from_cuttingboard_to_cardboardbox__seed00036,36,0,45,3.760058205079986,17.19027188900509,01c1f36fdcfb6f9c94a079cf38f38be6ed21df60c4bbde7df860ced8ae0cdf17
posttrain_pnp_novel_from_cuttingboard_to_cardboardbox,tabletop,base,posttrain_pnp_novel_from_cuttingboard_to_cardboardbox__seed00037,37,0,45,3.7640152629755903,18.512923402013257,01c1f36fdcfb6f9c94a079cf38f38be6ed21df60c4bbde7df860ced8ae0cdf17
posttrain_pnp_novel_from_cuttingboard_to_cardboardbox,tabletop,base,posttrain_pnp_novel_from_cuttingboard_to_cardboardbox__seed00038,38,1,45,3.7596244989545085,19.386911690991838,01c1f36fdcfb6f9c94a079cf38f38be6ed21df60c4bbde7df860ced8ae0cdf17
posttrain_pnp_novel_from_cuttingboard_to_cardboardbox,tabletop,base,posttrain_pnp_novel_from_cuttingboard_to_cardboardbox__seed00039,39,0,45,3.8122229508298915,24.935319744981825,01c1f36fdcfb6f9c94a079cf38f38be6ed21df60c4bbde7df860ced8ae0cdf17
posttrain_pnp_novel_from_cuttingboard_to_cardboardbox,tabletop,base,posttrain_pnp_novel_from_cuttingboard_to_cardboardbox__seed00040,40,0,45,3.788391075155232,16.851789704989642,01c1f36fdcfb6f9c94a079cf38f38be6ed21df60c4bbde7df860ced8ae0cdf17
posttrain_pnp_novel_from_cuttingboard_to_cardboardbox,tabletop,base,posttrain_pnp_novel_from_cuttingboard_to_cardboardbox__seed00041,41,0,45,3.7812684200762305,23.360126672982005,01c1f36fdcfb6f9c94a079cf38f38be6ed21df60c4bbde7df860ced8ae0cdf17
posttrain_pnp_novel_from_cuttingboard_to_cardboardbox,tabletop,base,posttrain_pnp_novel_from_cuttingboard_to_cardboardbox__seed00042,42,0,45,3.811953054042533,19.230847887985874,01c1f36fdcfb6f9c94a079cf38f38be6ed21df60c4bbde7df860ced8ae0cdf17
posttrain_pnp_novel_from_cuttingboard_to_cardboardbox,tabletop,base,posttrain_pnp_novel_from_cuttingboard_to_cardboardbox__seed00043,43,1,45,3.816385425016051,17.87059242799296,01c1f36fdcfb6f9c94a079cf38f38be6ed21df60c4bbde7df860ced8ae0cdf17
posttrain_pnp_novel_from_cuttingboard_to_cardboardbox,tabletop,base,posttrain_pnp_novel_from_cuttingboard_to_cardboardbox__seed00044,44,0,45,3.7807581139495596,16.967557905998547,01c1f36fdcfb6f9c94a079cf38f38be6ed21df60c4bbde7df860ced8ae0cdf17
posttrain_pnp_novel_from_cuttingboard_to_cardboardbox,tabletop,base,posttrain_pnp_novel_from_cuttingboard_to_cardboardbox__seed00045,45,0,45,3.799107529979665,17.46976271198946,01c1f36fdcfb6f9c94a079cf38f38be6ed21df60c4bbde7df860ced8ae0cdf17
posttrain_pnp_novel_from_cuttingboard_to_cardboardbox,tabletop,base,posttrain_pnp_novel_from_cuttingboard_to_cardboardbox__seed00046,46,0,45,3.7802435910562053,17.42561114599812,01c1f36fdcfb6f9c94a079cf38f38be6ed21df60c4bbde7df860ced8ae0cdf17
posttrain_pnp_novel_from_cuttingboard_to_cardboardbox,tabletop,base,posttrain_pnp_novel_from_cuttingboard_to_cardboardbox__seed00047,47,0,45,3.8174616640026215,18.262927050003782,01c1f36fdcfb6f9c94a079cf38f38be6ed21df60c4bbde7df860ced8ae0cdf17
posttrain_pnp_novel_from_cuttingboard_to_cardboardbox,tabletop,base,posttrain_pnp_novel_from_cuttingboard_to_cardboardbox__seed00048,48,0,45,3.7596688140474726,17.3251452310069,01c1f36fdcfb6f9c94a079cf38f38be6ed21df60c4bbde7df860ced8ae0cdf17
posttrain_pnp_novel_from_cuttingboard_to_cardboardbox,tabletop,base,posttrain_pnp_novel_from_cuttingboard_to_cardboardbox__seed00049,49,0,45,3.67610753106419,17.633327983989147,01c1f36fdcfb6f9c94a079cf38f38be6ed21df60c4bbde7df860ced8ae0cdf17
posttrain_pnp_novel_from_cuttingboard_to_pan,tabletop,base,posttrain_pnp_novel_from_cuttingboard_to_pan__seed00000,0,1,45,3.741336018923903,17.53969467699062,01c1f36fdcfb6f9c94a079cf38f38be6ed21df60c4bbde7df860ced8ae0cdf17
posttrain_pnp_novel_from_cuttingboard_to_pan,tabletop,base,posttrain_pnp_novel_from_cuttingboard_to_pan__seed00001,1,0,45,3.7402860281290486,19.777335607010173,01c1f36fdcfb6f9c94a079cf38f38be6ed21df60c4bbde7df860ced8ae0cdf17
posttrain_pnp_novel_from_cuttingboard_to_pan,tabletop,base,posttrain_pnp_novel_from_cuttingboard_to_pan__seed00002,2,1,45,3.7410326049721334,18.67023985501146,01c1f36fdcfb6f9c94a079cf38f38be6ed21df60c4bbde7df860ced8ae0cdf17
posttrain_pnp_novel_from_cuttingboard_to_pan,tabletop,base,posttrain_pnp_novel_from_cuttingboard_to_pan__seed00003,3,0,45,3.6916443839727435,17.583355704002315,01c1f36fdcfb6f9c94a079cf38f38be6ed21df60c4bbde7df860ced8ae0cdf17
posttrain_pnp_novel_from_cuttingboard_to_pan,tabletop,base,posttrain_pnp_novel_from_cuttingboard_to_pan__seed00004,4,0,45,3.7438719419878908,22.54613460699329,01c1f36fdcfb6f9c94a079cf38f38be6ed21df60c4bbde7df860ced8ae0cdf17
posttrain_pnp_novel_from_cuttingboard_to_pan,tabletop,base,posttrain_pnp_novel_from_cuttingboard_to_pan__seed00005,5,1,45,3.747591675230069,18.528542043990456,01c1f36fdcfb6f9c94a079cf38f38be6ed21df60c4bbde7df860ced8ae0cdf17
posttrain_pnp_novel_from_cuttingboard_to_pan,tabletop,base,posttrain_pnp_novel_from_cuttingboard_to_pan__seed00006,6,0,45,3.7468480040843133,19.17911942099454,01c1f36fdcfb6f9c94a079cf38f38be6ed21df60c4bbde7df860ced8ae0cdf17
posttrain_pnp_novel_from_cuttingboard_to_pan,tabletop,base,posttrain_pnp_novel_from_cuttingboard_to_pan__seed00007,7,1,45,3.7505186589842197,18.34193061501719,01c1f36fdcfb6f9c94a079cf38f38be6ed21df60c4bbde7df860ced8ae0cdf17
posttrain_pnp_novel_from_cuttingboard_to_pan,tabletop,base,posttrain_pnp_novel_from_cuttingboard_to_pan__seed00008,8,1,45,3.7510436810262036,17.11820257702493,01c1f36fdcfb6f9c94a079cf38f38be6ed21df60c4bbde7df860ced8ae0cdf17
posttrain_pnp_novel_from_cuttingboard_to_pan,tabletop,base,posttrain_pnp_novel_from_cuttingboard_to_pan__seed00009,9,1,45,3.74670403188793,17.80664666899247,01c1f36fdcfb6f9c94a079cf38f38be6ed21df60c4bbde7df860ced8ae0cdf17
posttrain_pnp_novel_from_cuttingboard_to_pan,tabletop,base,posttrain_pnp_novel_from_cuttingboard_to_pan__seed00010,10,1,45,3.746130683051888,19.71110235399101,01c1f36fdcfb6f9c94a079cf38f38be6ed21df60c4bbde7df860ced8ae0cdf17
posttrain_pnp_novel_from_cuttingboard_to_pan,tabletop,base,posttrain_pnp_novel_from_cuttingboard_to_pan__seed00011,11,1,45,3.7496961110446136,17.71934097900521,01c1f36fdcfb6f9c94a079cf38f38be6ed21df60c4bbde7df860ced8ae0cdf17
posttrain_pnp_novel_from_cuttingboard_to_pan,tabletop,base,posttrain_pnp_novel_from_cuttingboard_to_pan__seed00012,12,0,45,3.736303502926603,18.813947988994187,01c1f36fdcfb6f9c94a079cf38f38be6ed21df60c4bbde7df860ced8ae0cdf17
posttrain_pnp_novel_from_cuttingboard_to_pan,tabletop,base,posttrain_pnp_novel_from_cuttingboard_to_pan__seed00013,13,0,45,3.705910428921925,17.748778999986826,01c1f36fdcfb6f9c94a079cf38f38be6ed21df60c4bbde7df860ced8ae0cdf17
posttrain_pnp_novel_from_cuttingboard_to_pan,tabletop,base,posttrain_pnp_novel_from_cuttingboard_to_pan__seed00014,14,0,45,3.73018321901327,19.017204981995746,01c1f36fdcfb6f9c94a079cf38f38be6ed21df60c4bbde7df860ced8ae0cdf17
posttrain_pnp_novel_from_cuttingboard_to_pan,tabletop,base,posttrain_pnp_novel_from_cuttingboard_to_pan__seed00015,15,0,45,3.7131823940144386,18.230257613991853,01c1f36fdcfb6f9c94a079cf38f38be6ed21df60c4bbde7df860ced8ae0cdf17
posttrain_pnp_novel_from_cuttingboard_to_pan,tabletop,base,posttrain_pnp_novel_from_cuttingboard_to_pan__seed00016,16,0,45,3.743012427148642,17.996594111988088,01c1f36fdcfb6f9c94a079cf38f38be6ed21df60c4bbde7df860ced8ae0cdf17
posttrain_pnp_novel_from_cuttingboard_to_pan,tabletop,base,posttrain_pnp_novel_from_cuttingboard_to_pan__seed00017,17,0,45,3.743979929946363,17.71204222997767,01c1f36fdcfb6f9c94a079cf38f38be6ed21df60c4bbde7df860ced8ae0cdf17
posttrain_pnp_novel_from_cuttingboard_to_pan,tabletop,base,posttrain_pnp_novel_from_cuttingboard_to_pan__seed00018,18,0,45,3.7500631812145,17.932044465007493,01c1f36fdcfb6f9c94a079cf38f38be6ed21df60c4bbde7df860ced8ae0cdf17
posttrain_pnp_novel_from_cuttingboard_to_pan,tabletop,base,posttrain_pnp_novel_from_cuttingboard_to_pan__seed00019,19,0,45,3.7391836440074258,17.500066779990448,01c1f36fdcfb6f9c94a079cf38f38be6ed21df60c4bbde7df860ced8ae0cdf17
posttrain_pnp_novel_from_cuttingboard_to_pan,tabletop,base,posttrain_pnp_novel_from_cuttingboard_to_pan__seed00020,20,1,45,3.7486740879248828,17.639258679992054,01c1f36fdcfb6f9c94a079cf38f38be6ed21df60c4bbde7df860ced8ae0cdf17
posttrain_pnp_novel_from_cuttingboard_to_pan,tabletop,base,posttrain_pnp_novel_from_cuttingboard_to_pan__seed00021,21,1,45,3.7428219330322463,23.51359150299686,01c1f36fdcfb6f9c94a079cf38f38be6ed21df60c4bbde7df860ced8ae0cdf17
posttrain_pnp_novel_from_cuttingboard_to_pan,tabletop,base,posttrain_pnp_novel_from_cuttingboard_to_pan__seed00022,22,0,45,3.738987739867298,16.976745086023584,01c1f36fdcfb6f9c94a079cf38f38be6ed21df60c4bbde7df860ced8ae0cdf17
posttrain_pnp_novel_from_cuttingboard_to_pan,tabletop,base,posttrain_pnp_novel_from_cuttingboard_to_pan__seed00023,23,1,45,3.748149773135083,17.488047445978737,01c1f36fdcfb6f9c94a079cf38f38be6ed21df60c4bbde7df860ced8ae0cdf17
posttrain_pnp_novel_from_cuttingboard_to_pan,tabletop,base,posttrain_pnp_novel_from_cuttingboard_to_pan__seed00024,24,1,45,3.7467182579566725,18.652676617988618,01c1f36fdcfb6f9c94a079cf38f38be6ed21df60c4bbde7df860ced8ae0cdf17
posttrain_pnp_novel_from_cuttingboard_to_pan,tabletop,base,posttrain_pnp_novel_from_cuttingboard_to_pan__seed00025,25,0,45,3.7482413739489857,17.81415751099121,01c1f36fdcfb6f9c94a079cf38f38be6ed21df60c4bbde7df860ced8ae0cdf17
posttrain_pnp_novel_from_cuttingboard_to_pan,tabletop,base,posttrain_pnp_novel_from_cuttingboard_to_pan__seed00026,26,1,45,3.74565555609297,17.406902241986245,01c1f36fdcfb6f9c94a079cf38f38be6ed21df60c4bbde7df860ced8ae0cdf17
posttrain_pnp_novel_from_cuttingboard_to_pan,tabletop,base,posttrain_pnp_novel_from_cuttingboard_to_pan__seed00027,27,0,45,3.740185025060782,18.649441316985758,01c1f36fdcfb6f9c94a079cf38f38be6ed21df60c4bbde7df860ced8ae0cdf17
posttrain_pnp_novel_from_cuttingboard_to_pan,tabletop,base,posttrain_pnp_novel_from_cuttingboard_to_pan__seed00028,28,1,45,3.7487300880311523,18.133419394987868,01c1f36fdcfb6f9c94a079cf38f38be6ed21df60c4bbde7df860ced8ae0cdf17
posttrain_pnp_novel_from_cuttingboard_to_pan,tabletop,base,posttrain_pnp_novel_from_cuttingboard_to_pan__seed00029,29,1,45,3.7506562628841493,18.07753253399278,01c1f36fdcfb6f9c94a079cf38f38be6ed21df60c4bbde7df860ced8ae0cdf17
posttrain_pnp_novel_from_cuttingboard_to_pan,tabletop,base,posttrain_pnp_novel_from_cuttingboard_to_pan__seed00030,30,1,45,3.74729613494128,17.676596855017124,01c1f36fdcfb6f9c94a079cf38f38be6ed21df60c4bbde7df860ced8ae0cdf17
posttrain_pnp_novel_from_cuttingboard_to_pan,tabletop,base,posttrain_pnp_novel_from_cuttingboard_to_pan__seed00031,31,0,45,3.7435912949149497,16.35876339301467,01c1f36fdcfb6f9c94a079cf38f38be6ed21df60c4bbde7df860ced8ae0cdf17
posttrain_pnp_novel_from_cuttingboard_to_pan,tabletop,base,posttrain_pnp_novel_from_cuttingboard_to_pan__seed00032,32,1,45,3.7544096920173615,18.21853826599545,01c1f36fdcfb6f9c94a079cf38f38be6ed21df60c4bbde7df860ced8ae0cdf17
posttrain_pnp_novel_from_cuttingboard_to_pan,tabletop,base,posttrain_pnp_novel_from_cuttingboard_to_pan__seed00033,33,0,45,3.7428184379532468,17.465992565004854,01c1f36fdcfb6f9c94a079cf38f38be6ed21df60c4bbde7df860ced8ae0cdf17
posttrain_pnp_novel_from_cuttingboard_to_pan,tabletop,base,posttrain_pnp_novel_from_cuttingboard_to_pan__seed00034,34,1,45,3.749310290935682,24.134559038997395,01c1f36fdcfb6f9c94a079cf38f38be6ed21df60c4bbde7df860ced8ae0cdf17
posttrain_pnp_novel_from_cuttingboard_to_pan,tabletop,base,posttrain_pnp_novel_from_cuttingboard_to_pan__seed00035,35,0,45,3.7387417919235304,17.598961188981775,01c1f36fdcfb6f9c94a079cf38f38be6ed21df60c4bbde7df860ced8ae0cdf17
posttrain_pnp_novel_from_cuttingboard_to_pan,tabletop,base,posttrain_pnp_novel_from_cuttingboard_to_pan__seed00036,36,1,45,3.7525646520080045,17.37451868498465,01c1f36fdcfb6f9c94a079cf38f38be6ed21df60c4bbde7df860ced8ae0cdf17
posttrain_pnp_novel_from_cuttingboard_to_pan,tabletop,base,posttrain_pnp_novel_from_cuttingboard_to_pan__seed00037,37,1,45,3.767316177894827,17.049687558988808,01c1f36fdcfb6f9c94a079cf38f38be6ed21df60c4bbde7df860ced8ae0cdf17
posttrain_pnp_novel_from_cuttingboard_to_pan,tabletop,base,posttrain_pnp_novel_from_cuttingboard_to_pan__seed00038,38,1,45,3.7411706359125674,17.710078119998798,01c1f36fdcfb6f9c94a079cf38f38be6ed21df60c4bbde7df860ced8ae0cdf17
posttrain_pnp_novel_from_cuttingboard_to_pan,tabletop,base,posttrain_pnp_novel_from_cuttingboard_to_pan__seed00039,39,1,45,3.746575328987092,23.793393155996455,01c1f36fdcfb6f9c94a079cf38f38be6ed21df60c4bbde7df860ced8ae0cdf17
posttrain_pnp_novel_from_cuttingboard_to_pan,tabletop,base,posttrain_pnp_novel_from_cuttingboard_to_pan__seed00040,40,1,45,3.747163951047696,17.71575095699518,01c1f36fdcfb6f9c94a079cf38f38be6ed21df60c4bbde7df860ced8ae0cdf17
posttrain_pnp_novel_from_cuttingboard_to_pan,tabletop,base,posttrain_pnp_novel_from_cuttingboard_to_pan__seed00041,41,0,45,3.772751243930543,22.408608059980907,01c1f36fdcfb6f9c94a079cf38f38be6ed21df60c4bbde7df860ced8ae0cdf17
posttrain_pnp_novel_from_cuttingboard_to_pan,tabletop,base,posttrain_pnp_novel_from_cuttingboard_to_pan__seed00042,42,1,45,3.7576293110323604,19.118201584002236,01c1f36fdcfb6f9c94a079cf38f38be6ed21df60c4bbde7df860ced8ae0cdf17
posttrain_pnp_novel_from_cuttingboard_to_pan,tabletop,base,posttrain_pnp_novel_from_cuttingboard_to_pan__seed00043,43,1,45,3.760212520195637,18.857005437021144,01c1f36fdcfb6f9c94a079cf38f38be6ed21df60c4bbde7df860ced8ae0cdf17
posttrain_pnp_novel_from_cuttingboard_to_pan,tabletop,base,posttrain_pnp_novel_from_cuttingboard_to_pan__seed00044,44,1,45,3.6933871209912468,17.06814257701626,01c1f36fdcfb6f9c94a079cf38f38be6ed21df60c4bbde7df860ced8ae0cdf17
posttrain_pnp_novel_from_cuttingboard_to_pan,tabletop,base,posttrain_pnp_novel_from_cuttingboard_to_pan__seed00045,45,0,45,3.7306924119766336,18.274451787990984,01c1f36fdcfb6f9c94a079cf38f38be6ed21df60c4bbde7df860ced8ae0cdf17
posttrain_pnp_novel_from_cuttingboard_to_pan,tabletop,base,posttrain_pnp_novel_from_cuttingboard_to_pan__seed00046,46,0,45,3.7296739550947677,18.54334306201781,01c1f36fdcfb6f9c94a079cf38f38be6ed21df60c4bbde7df860ced8ae0cdf17
posttrain_pnp_novel_from_cuttingboard_to_pan,tabletop,base,posttrain_pnp_novel_from_cuttingboard_to_pan__seed00047,47,1,45,3.738417800865136,18.110625786008313,01c1f36fdcfb6f9c94a079cf38f38be6ed21df60c4bbde7df860ced8ae0cdf17
posttrain_pnp_novel_from_cuttingboard_to_pan,tabletop,base,posttrain_pnp_novel_from_cuttingboard_to_pan__seed00048,48,0,45,3.752844833972631,18.01715214102296,01c1f36fdcfb6f9c94a079cf38f38be6ed21df60c4bbde7df860ced8ae0cdf17
posttrain_pnp_novel_from_cuttingboard_to_pan,tabletop,base,posttrain_pnp_novel_from_cuttingboard_to_pan__seed00049,49,0,45,3.751376408006763,17.72556784900371,01c1f36fdcfb6f9c94a079cf38f38be6ed21df60c4bbde7df860ced8ae0cdf17
posttrain_pnp_novel_from_cuttingboard_to_pot,tabletop,base,posttrain_pnp_novel_from_cuttingboard_to_pot__seed00000,0,0,45,3.7471462521061767,20.808385696000187,01c1f36fdcfb6f9c94a079cf38f38be6ed21df60c4bbde7df860ced8ae0cdf17
posttrain_pnp_novel_from_cuttingboard_to_pot,tabletop,base,posttrain_pnp_novel_from_cuttingboard_to_pot__seed00001,1,0,45,3.736283264006488,17.976159456011374,01c1f36fdcfb6f9c94a079cf38f38be6ed21df60c4bbde7df860ced8ae0cdf17
posttrain_pnp_novel_from_cuttingboard_to_pot,tabletop,base,posttrain_pnp_novel_from_cuttingboard_to_pot__seed00002,2,0,45,3.7444560419244226,16.03118633601116,01c1f36fdcfb6f9c94a079cf38f38be6ed21df60c4bbde7df860ced8ae0cdf17
posttrain_pnp_novel_from_cuttingboard_to_pot,tabletop,base,posttrain_pnp_novel_from_cuttingboard_to_pot__seed00003,3,1,45,3.7428176689427346,17.238373728992883,01c1f36fdcfb6f9c94a079cf38f38be6ed21df60c4bbde7df860ced8ae0cdf17
posttrain_pnp_novel_from_cuttingboard_to_pot,tabletop,base,posttrain_pnp_novel_from_cuttingboard_to_pot__seed00004,4,0,45,3.7471789960109163,21.145938108005794,01c1f36fdcfb6f9c94a079cf38f38be6ed21df60c4bbde7df860ced8ae0cdf17
posttrain_pnp_novel_from_cuttingboard_to_pot,tabletop,base,posttrain_pnp_novel_from_cuttingboard_to_pot__seed00005,5,1,45,3.749345185875427,17.97737748900545,01c1f36fdcfb6f9c94a079cf38f38be6ed21df60c4bbde7df860ced8ae0cdf17
posttrain_pnp_novel_from_cuttingboard_to_pot,tabletop,base,posttrain_pnp_novel_from_cuttingboard_to_pot__seed00006,6,0,45,3.726723643951118,18.28288535401225,01c1f36fdcfb6f9c94a079cf38f38be6ed21df60c4bbde7df860ced8ae0cdf17
posttrain_pnp_novel_from_cuttingboard_to_pot,tabletop,base,posttrain_pnp_novel_from_cuttingboard_to_pot__seed00007,7,0,45,3.7965304499375634,19.482627735007554,01c1f36fdcfb6f9c94a079cf38f38be6ed21df60c4bbde7df860ced8ae0cdf17
posttrain_pnp_novel_from_cuttingboard_to_pot,tabletop,base,posttrain_pnp_novel_from_cuttingboard_to_pot__seed00008,8,1,45,3.7508779570052866,18.720730685978197,01c1f36fdcfb6f9c94a079cf38f38be6ed21df60c4bbde7df860ced8ae0cdf17
posttrain_pnp_novel_from_cuttingboard_to_pot,tabletop,base,posttrain_pnp_novel_from_cuttingboard_to_pot__seed00009,9,0,45,3.751901772018755,16.73426921700593,01c1f36fdcfb6f9c94a079cf38f38be6ed21df60c4bbde7df860ced8ae0cdf17
posttrain_pnp_novel_from_cuttingboard_to_pot,tabletop,base,posttrain_pnp_novel_from_cuttingboard_to_pot__seed00010,10,1,45,3.736255849158624,16.791102862014668,01c1f36fdcfb6f9c94a079cf38f38be6ed21df60c4bbde7df860ced8ae0cdf17
posttrain_pnp_novel_from_cuttingboard_to_pot,tabletop,base,posttrain_pnp_novel_from_cuttingboard_to_pot__seed00011,11,1,45,3.736210597126046,15.975702962983632,01c1f36fdcfb6f9c94a079cf38f38be6ed21df60c4bbde7df860ced8ae0cdf17
posttrain_pnp_novel_from_cuttingboard_to_pot,tabletop,base,posttrain_pnp_novel_from_cuttingboard_to_pot__seed00012,12,0,45,3.740752530982718,17.67637530801585,01c1f36fdcfb6f9c94a079cf38f38be6ed21df60c4bbde7df860ced8ae0cdf17
posttrain_pnp_novel_from_cuttingboard_to_pot,tabletop,base,posttrain_pnp_novel_from_cuttingboard_to_pot__seed00013,13,0,45,3.7453268939862028,16.9758698969963,01c1f36fdcfb6f9c94a079cf38f38be6ed21df60c4bbde7df860ced8ae0cdf17
posttrain_pnp_novel_from_cuttingboard_to_pot,tabletop,base,posttrain_pnp_novel_from_cuttingboard_to_pot__seed00014,14,0,45,3.7290297579893377,18.18211367598269,01c1f36fdcfb6f9c94a079cf38f38be6ed21df60c4bbde7df860ced8ae0cdf17
posttrain_pnp_novel_from_cuttingboard_to_pot,tabletop,base,posttrain_pnp_novel_from_cuttingboard_to_pot__seed00015,15,0,45,3.751753127988195,16.286629776004702,01c1f36fdcfb6f9c94a079cf38f38be6ed21df60c4bbde7df860ced8ae0cdf17
posttrain_pnp_novel_from_cuttingboard_to_pot,tabletop,base,posttrain_pnp_novel_from_cuttingboard_to_pot__seed00016,16,1,45,3.7497259790834505,19.15572589499061,01c1f36fdcfb6f9c94a079cf38f38be6ed21df60c4bbde7df860ced8ae0cdf17
posttrain_pnp_novel_from_cuttingboard_to_pot,tabletop,base,posttrain_pnp_novel_from_cuttingboard_to_pot__seed00017,17,0,45,3.742888550943462,16.993126167013543,01c1f36fdcfb6f9c94a079cf38f38be6ed21df60c4bbde7df860ced8ae0cdf17
posttrain_pnp_novel_from_cuttingboard_to_pot,tabletop,base,posttrain_pnp_novel_from_cuttingboard_to_pot__seed00018,18,1,45,3.7589301909320056,17.374591477011563,01c1f36fdcfb6f9c94a079cf38f38be6ed21df60c4bbde7df860ced8ae0cdf17
posttrain_pnp_novel_from_cuttingboard_to_pot,tabletop,base,posttrain_pnp_novel_from_cuttingboard_to_pot__seed00019,19,0,45,3.7538356369768735,16.42511012000614,01c1f36fdcfb6f9c94a079cf38f38be6ed21df60c4bbde7df860ced8ae0cdf17
posttrain_pnp_novel_from_cuttingboard_to_pot,tabletop,base,posttrain_pnp_novel_from_cuttingboard_to_pot__seed00020,20,1,45,3.7481488579360303,16.932373571005883,01c1f36fdcfb6f9c94a079cf38f38be6ed21df60c4bbde7df860ced8ae0cdf17
posttrain_pnp_novel_from_cuttingboard_to_pot,tabletop,base,posttrain_pnp_novel_from_cuttingboard_to_pot__seed00021,21,1,45,3.749643532995833,19.786809953016927,01c1f36fdcfb6f9c94a079cf38f38be6ed21df60c4bbde7df860ced8ae0cdf17
posttrain_pnp_novel_from_cuttingboard_to_pot,tabletop,base,posttrain_pnp_novel_from_cuttingboard_to_pot__seed00022,22,1,45,3.7422379869094584,17.169925102003617,01c1f36fdcfb6f9c94a079cf38f38be6ed21df60c4bbde7df860ced8ae0cdf17
posttrain_pnp_novel_from_cuttingboard_to_pot,tabletop,base,posttrain_pnp_novel_from_cuttingboard_to_pot__seed00023,23,1,45,3.7458309021021705,16.697102082020137,01c1f36fdcfb6f9c94a079cf38f38be6ed21df60c4bbde7df860ced8ae0cdf17
posttrain_pnp_novel_from_cuttingboard_to_pot,tabletop,base,posttrain_pnp_novel_from_cuttingboard_to_pot__seed00024,24,0,45,3.7664185159665067,15.859398119995603,01c1f36fdcfb6f9c94a079cf38f38be6ed21df60c4bbde7df860ced8ae0cdf17
posttrain_pnp_novel_from_cuttingboard_to_pot,tabletop,base,posttrain_pnp_novel_from_cuttingboard_to_pot__seed00025,25,1,45,3.759019345015986,19.64820504799718,01c1f36fdcfb6f9c94a079cf38f38be6ed21df60c4bbde7df860ced8ae0cdf17
posttrain_pnp_novel_from_cuttingboard_to_pot,tabletop,base,posttrain_pnp_novel_from_cuttingboard_to_pot__seed00026,26,0,45,3.7518972339457832,16.227874297997914,01c1f36fdcfb6f9c94a079cf38f38be6ed21df60c4bbde7df860ced8ae0cdf17
posttrain_pnp_novel_from_cuttingboard_to_pot,tabletop,base,posttrain_pnp_novel_from_cuttingboard_to_pot__seed00027,27,1,45,3.7369769400102086,17.06381670900737,01c1f36fdcfb6f9c94a079cf38f38be6ed21df60c4bbde7df860ced8ae0cdf17
posttrain_pnp_novel_from_cuttingboard_to_pot,tabletop,base,posttrain_pnp_novel_from_cuttingboard_to_pot__seed00028,28,1,45,3.7472894170496147,17.271829592995346,01c1f36fdcfb6f9c94a079cf38f38be6ed21df60c4bbde7df860ced8ae0cdf17
posttrain_pnp_novel_from_cuttingboard_to_pot,tabletop,base,posttrain_pnp_novel_from_cuttingboard_to_pot__seed00029,29,1,45,3.747731028968701,17.809890234988416,01c1f36fdcfb6f9c94a079cf38f38be6ed21df60c4bbde7df860ced8ae0cdf17
posttrain_pnp_novel_from_cuttingboard_to_pot,tabletop,base,posttrain_pnp_novel_from_cuttingboard_to_pot__seed00030,30,1,45,3.7505864519334864,17.66115700401133,01c1f36fdcfb6f9c94a079cf38f38be6ed21df60c4bbde7df860ced8ae0cdf17
posttrain_pnp_novel_from_cuttingboard_to_pot,tabletop,base,posttrain_pnp_novel_from_cuttingboard_to_pot__seed00031,31,1,45,3.742378624883713,16.607119869004237,01c1f36fdcfb6f9c94a079cf38f38be6ed21df60c4bbde7df860ced8ae0cdf17
posttrain_pnp_novel_from_cuttingboard_to_pot,tabletop,base,posttrain_pnp_novel_from_cuttingboard_to_pot__seed00032,32,1,45,3.7552748188900296,17.75756801001262,01c1f36fdcfb6f9c94a079cf38f38be6ed21df60c4bbde7df860ced8ae0cdf17
posttrain_pnp_novel_from_cuttingboard_to_pot,tabletop,base,posttrain_pnp_novel_from_cuttingboard_to_pot__seed00033,33,0,45,3.745047563978005,16.499930996011244,01c1f36fdcfb6f9c94a079cf38f38be6ed21df60c4bbde7df860ced8ae0cdf17
posttrain_pnp_novel_from_cuttingboard_to_pot,tabletop,base,posttrain_pnp_novel_from_cuttingboard_to_pot__seed00034,34,0,45,3.737548718083417,17.483709435997298,01c1f36fdcfb6f9c94a079cf38f38be6ed21df60c4bbde7df860ced8ae0cdf17
posttrain_pnp_novel_from_cuttingboard_to_pot,tabletop,base,posttrain_pnp_novel_from_cuttingboard_to_pot__seed00035,35,0,45,3.7270492851093877,17.915588294010377,01c1f36fdcfb6f9c94a079cf38f38be6ed21df60c4bbde7df860ced8ae0cdf17
posttrain_pnp_novel_from_cuttingboard_to_pot,tabletop,base,posttrain_pnp_novel_from_cuttingboard_to_pot__seed00036,36,0,45,3.7368887970224023,16.12418499402702,01c1f36fdcfb6f9c94a079cf38f38be6ed21df60c4bbde7df860ced8ae0cdf17
posttrain_pnp_novel_from_cuttingboard_to_pot,tabletop,base,posttrain_pnp_novel_from_cuttingboard_to_pot__seed00037,37,0,45,3.7391424190427642,19.140485658979742,01c1f36fdcfb6f9c94a079cf38f38be6ed21df60c4bbde7df860ced8ae0cdf17
posttrain_pnp_novel_from_cuttingboard_to_pot,tabletop,base,posttrain_pnp_novel_from_cuttingboard_to_pot__seed00038,38,1,45,3.743773182941368,16.639614020998124,01c1f36fdcfb6f9c94a079cf38f38be6ed21df60c4bbde7df860ced8ae0cdf17
posttrain_pnp_novel_from_cuttingboard_to_pot,tabletop,base,posttrain_pnp_novel_from_cuttingboard_to_pot__seed00039,39,0,45,3.7264050620724447,21.374581061012577,01c1f36fdcfb6f9c94a079cf38f38be6ed21df60c4bbde7df860ced8ae0cdf17
posttrain_pnp_novel_from_cuttingboard_to_pot,tabletop,base,posttrain_pnp_novel_from_cuttingboard_to_pot__seed00040,40,1,45,3.7335799749416765,16.89563118899241,01c1f36fdcfb6f9c94a079cf38f38be6ed21df60c4bbde7df860ced8ae0cdf17
posttrain_pnp_novel_from_cuttingboard_to_pot,tabletop,base,posttrain_pnp_novel_from_cuttingboard_to_pot__seed00041,41,0,45,3.7269158279523253,21.01110217999667,01c1f36fdcfb6f9c94a079cf38f38be6ed21df60c4bbde7df860ced8ae0cdf17
posttrain_pnp_novel_from_cuttingboard_to_pot,tabletop,base,posttrain_pnp_novel_from_cuttingboard_to_pot__seed00042,42,1,45,3.7374951569654513,18.17788675200427,01c1f36fdcfb6f9c94a079cf38f38be6ed21df60c4bbde7df860ced8ae0cdf17
posttrain_pnp_novel_from_cuttingboard_to_pot,tabletop,base,posttrain_pnp_novel_from_cuttingboard_to_pot__seed00043,43,1,45,3.7228185089770705,16.233022941014497,01c1f36fdcfb6f9c94a079cf38f38be6ed21df60c4bbde7df860ced8ae0cdf17
posttrain_pnp_novel_from_cuttingboard_to_pot,tabletop,base,posttrain_pnp_novel_from_cuttingboard_to_pot__seed00044,44,1,45,3.733003396075219,17.676212547987234,01c1f36fdcfb6f9c94a079cf38f38be6ed21df60c4bbde7df860ced8ae0cdf17
posttrain_pnp_novel_from_cuttingboard_to_pot,tabletop,base,posttrain_pnp_novel_from_cuttingboard_to_pot__seed00045,45,0,45,3.7351348120719194,16.72520894999616,01c1f36fdcfb6f9c94a079cf38f38be6ed21df60c4bbde7df860ced8ae0cdf17
posttrain_pnp_novel_from_cuttingboard_to_pot,tabletop,base,posttrain_pnp_novel_from_cuttingboard_to_pot__seed00046,46,0,45,3.734288917912636,16.135060435975902,01c1f36fdcfb6f9c94a079cf38f38be6ed21df60c4bbde7df860ced8ae0cdf17
posttrain_pnp_novel_from_cuttingboard_to_pot,tabletop,base,posttrain_pnp_novel_from_cuttingboard_to_pot__seed00047,47,1,45,3.7501661288843025,16.780787795985816,01c1f36fdcfb6f9c94a079cf38f38be6ed21df60c4bbde7df860ced8ae0cdf17
posttrain_pnp_novel_from_cuttingboard_to_pot,tabletop,base,posttrain_pnp_novel_from_cuttingboard_to_pot__seed00048,48,1,45,3.7407421840471216,17.15817995899124,01c1f36fdcfb6f9c94a079cf38f38be6ed21df60c4bbde7df860ced8ae0cdf17
posttrain_pnp_novel_from_cuttingboard_to_pot,tabletop,base,posttrain_pnp_novel_from_cuttingboard_to_pot__seed00049,49,1,45,3.7401866360742133,17.619241321022855,01c1f36fdcfb6f9c94a079cf38f38be6ed21df60c4bbde7df860ced8ae0cdf17
posttrain_pnp_novel_from_cuttingboard_to_tieredbasket,tabletop,base,posttrain_pnp_novel_from_cuttingboard_to_tieredbasket__seed00000,0,0,45,3.7260594100516755,16.115276798023842,01c1f36fdcfb6f9c94a079cf38f38be6ed21df60c4bbde7df860ced8ae0cdf17
posttrain_pnp_novel_from_cuttingboard_to_tieredbasket,tabletop,base,posttrain_pnp_novel_from_cuttingboard_to_tieredbasket__seed00001,1,0,45,3.760257315938361,18.090856625000015,01c1f36fdcfb6f9c94a079cf38f38be6ed21df60c4bbde7df860ced8ae0cdf17
posttrain_pnp_novel_from_cuttingboard_to_tieredbasket,tabletop,base,posttrain_pnp_novel_from_cuttingboard_to_tieredbasket__seed00002,2,1,45,3.728856934030773,17.13838878000388,01c1f36fdcfb6f9c94a079cf38f38be6ed21df60c4bbde7df860ced8ae0cdf17
posttrain_pnp_novel_from_cuttingboard_to_tieredbasket,tabletop,base,posttrain_pnp_novel_from_cuttingboard_to_tieredbasket__seed00003,3,0,45,3.742414819134865,16.8466612760094,01c1f36fdcfb6f9c94a079cf38f38be6ed21df60c4bbde7df860ced8ae0cdf17
posttrain_pnp_novel_from_cuttingboard_to_tieredbasket,tabletop,base,posttrain_pnp_novel_from_cuttingboard_to_tieredbasket__seed00004,4,1,45,3.72125052291085,22.513476371997967,01c1f36fdcfb6f9c94a079cf38f38be6ed21df60c4bbde7df860ced8ae0cdf17
posttrain_pnp_novel_from_cuttingboard_to_tieredbasket,tabletop,base,posttrain_pnp_novel_from_cuttingboard_to_tieredbasket__seed00005,5,1,45,3.725029235938564,18.530677529022796,01c1f36fdcfb6f9c94a079cf38f38be6ed21df60c4bbde7df860ced8ae0cdf17
posttrain_pnp_novel_from_cuttingboard_to_tieredbasket,tabletop,base,posttrain_pnp_novel_from_cuttingboard_to_tieredbasket__seed00006,6,1,45,3.7536200340255164,17.52933251298964,01c1f36fdcfb6f9c94a079cf38f38be6ed21df60c4bbde7df860ced8ae0cdf17
posttrain_pnp_novel_from_cuttingboard_to_tieredbasket,tabletop,base,posttrain_pnp_novel_from_cuttingboard_to_tieredbasket__seed00007,7,0,45,3.7291620309406426,17.778487055998994,01c1f36fdcfb6f9c94a079cf38f38be6ed21df60c4bbde7df860ced8ae0cdf17
posttrain_pnp_novel_from_cuttingboard_to_tieredbasket,tabletop,base,posttrain_pnp_novel_from_cuttingboard_to_tieredbasket__seed00008,8,0,45,3.719873209076468,20.491711435024627,01c1f36fdcfb6f9c94a079cf38f38be6ed21df60c4bbde7df860ced8ae0cdf17
posttrain_pnp_novel_from_cuttingboard_to_tieredbasket,tabletop,base,posttrain_pnp_novel_from_cuttingboard_to_tieredbasket__seed00009,9,0,45,3.7499316839675885,16.983193534018937,01c1f36fdcfb6f9c94a079cf38f38be6ed21df60c4bbde7df860ced8ae0cdf17
posttrain_pnp_novel_from_cuttingboard_to_tieredbasket,tabletop,base,posttrain_pnp_novel_from_cuttingboard_to_tieredbasket__seed00010,10,1,45,3.7342469711147714,17.54464817099506,01c1f36fdcfb6f9c94a079cf38f38be6ed21df60c4bbde7df860ced8ae0cdf17
posttrain_pnp_novel_from_cuttingboard_to_tieredbasket,tabletop,base,posttrain_pnp_novel_from_cuttingboard_to_tieredbasket__seed00011,11,0,45,3.750378441007342,16.531982971995603,01c1f36fdcfb6f9c94a079cf38f38be6ed21df60c4bbde7df860ced8ae0cdf17
posttrain_pnp_novel_from_cuttingboard_to_tieredbasket,tabletop,base,posttrain_pnp_novel_from_cuttingboard_to_tieredbasket__seed00012,12,0,45,3.7372492988652084,19.41904944399721,01c1f36fdcfb6f9c94a079cf38f38be6ed21df60c4bbde7df860ced8ae0cdf17
posttrain_pnp_novel_from_cuttingboard_to_tieredbasket,tabletop,base,posttrain_pnp_novel_from_cuttingboard_to_tieredbasket__seed00013,13,1,45,3.7386442449642345,20.654625210998347,01c1f36fdcfb6f9c94a079cf38f38be6ed21df60c4bbde7df860ced8ae0cdf17
posttrain_pnp_novel_from_cuttingboard_to_tieredbasket,tabletop,base,posttrain_pnp_novel_from_cuttingboard_to_tieredbasket__seed00014,14,1,45,3.74377388090943,18.310075991990743,01c1f36fdcfb6f9c94a079cf38f38be6ed21df60c4bbde7df860ced8ae0cdf17
posttrain_pnp_novel_from_cuttingboard_to_tieredbasket,tabletop,base,posttrain_pnp_novel_from_cuttingboard_to_tieredbasket__seed00015,15,1,45,3.742985482880613,16.679729188996134,01c1f36fdcfb6f9c94a079cf38f38be6ed21df60c4bbde7df860ced8ae0cdf17
posttrain_pnp_novel_from_cuttingboard_to_tieredbasket,tabletop,base,posttrain_pnp_novel_from_cuttingboard_to_tieredbasket__seed00016,16,0,45,3.743302415823564,18.42112157898373,01c1f36fdcfb6f9c94a079cf38f38be6ed21df60c4bbde7df860ced8ae0cdf17
posttrain_pnp_novel_from_cuttingboard_to_tieredbasket,tabletop,base,posttrain_pnp_novel_from_cuttingboard_to_tieredbasket__seed00017,17,1,45,3.737237115012249,18.390489056997467,01c1f36fdcfb6f9c94a079cf38f38be6ed21df60c4bbde7df860ced8ae0cdf17
posttrain_pnp_novel_from_cuttingboard_to_tieredbasket,tabletop,base,posttrain_pnp_novel_from_cuttingboard_to_tieredbasket__seed00018,18,0,45,3.7290727810468525,16.580256232002284,01c1f36fdcfb6f9c94a079cf38f38be6ed21df60c4bbde7df860ced8ae0cdf17
posttrain_pnp_novel_from_cuttingboard_to_tieredbasket,tabletop,base,posttrain_pnp_novel_from_cuttingboard_to_tieredbasket__seed00019,19,0,45,3.7430891258991323,16.854630336980335,01c1f36fdcfb6f9c94a079cf38f38be6ed21df60c4bbde7df860ced8ae0cdf17
posttrain_pnp_novel_from_cuttingboard_to_tieredbasket,tabletop,base,posttrain_pnp_novel_from_cuttingboard_to_tieredbasket__seed00020,20,0,45,3.746764730050927,17.426584289991297,01c1f36fdcfb6f9c94a079cf38f38be6ed21df60c4bbde7df860ced8ae0cdf17
posttrain_pnp_novel_from_cuttingboard_to_tieredbasket,tabletop,base,posttrain_pnp_novel_from_cuttingboard_to_tieredbasket__seed00021,21,1,45,3.7580643769179005,25.118103821005207,01c1f36fdcfb6f9c94a079cf38f38be6ed21df60c4bbde7df860ced8ae0cdf17
posttrain_pnp_novel_from_cuttingboard_to_tieredbasket,tabletop,base,posttrain_pnp_novel_from_cuttingboard_to_tieredbasket__seed00022,22,0,45,3.768447894981364,18.049206024996238,01c1f36fdcfb6f9c94a079cf38f38be6ed21df60c4bbde7df860ced8ae0cdf17
posttrain_pnp_novel_from_cuttingboard_to_tieredbasket,tabletop,base,posttrain_pnp_novel_from_cuttingboard_to_tieredbasket__seed00023,23,1,45,3.7526310000394005,18.35707523097517,01c1f36fdcfb6f9c94a079cf38f38be6ed21df60c4bbde7df860ced8ae0cdf17
posttrain_pnp_novel_from_cuttingboard_to_tieredbasket,tabletop,base,posttrain_pnp_novel_from_cuttingboard_to_tieredbasket__seed00024,24,0,45,3.749818277952727,18.977949574007653,01c1f36fdcfb6f9c94a079cf38f38be6ed21df60c4bbde7df860ced8ae0cdf17
posttrain_pnp_novel_from_cuttingboard_to_tieredbasket,tabletop,base,posttrain_pnp_novel_from_cuttingboard_to_tieredbasket__seed00025,25,0,45,3.744173749088077,17.1970185279788,01c1f36fdcfb6f9c94a079cf38f38be6ed21df60c4bbde7df860ced8ae0cdf17
posttrain_pnp_novel_from_cuttingboard_to_tieredbasket,tabletop,base,posttrain_pnp_novel_from_cuttingboard_to_tieredbasket__seed00026,26,0,45,3.747675883001648,18.142373262002366,01c1f36fdcfb6f9c94a079cf38f38be6ed21df60c4bbde7df860ced8ae0cdf17
posttrain_pnp_novel_from_cuttingboard_to_tieredbasket,tabletop,base,posttrain_pnp_novel_from_cuttingboard_to_tieredbasket__seed00027,27,0,45,3.7630341379262973,19.09136297000805,01c1f36fdcfb6f9c94a079cf38f38be6ed21df60c4bbde7df860ced8ae0cdf17
posttrain_pnp_novel_from_cuttingboard_to_tieredbasket,tabletop,base,posttrain_pnp_novel_from_cuttingboard_to_tieredbasket__seed00028,28,1,45,3.770600117102731,17.64218407199951,01c1f36fdcfb6f9c94a079cf38f38be6ed21df60c4bbde7df860ced8ae0cdf17
posttrain_pnp_novel_from_cuttingboard_to_tieredbasket,tabletop,base,posttrain_pnp_novel_from_cuttingboard_to_tieredbasket__seed00029,29,0,45,3.766856359958183,18.138569982984336,01c1f36fdcfb6f9c94a079cf38f38be6ed21df60c4bbde7df860ced8ae0cdf17
posttrain_pnp_novel_from_cuttingboard_to_tieredbasket,tabletop,base,posttrain_pnp_novel_from_cuttingboard_to_tieredbasket__seed00030,30,0,45,3.751779246231308,18.177458937017946,01c1f36fdcfb6f9c94a079cf38f38be6ed21df60c4bbde7df860ced8ae0cdf17
posttrain_pnp_novel_from_cuttingboard_to_tieredbasket,tabletop,base,posttrain_pnp_novel_from_cuttingboard_to_tieredbasket__seed00031,31,0,45,3.753339281945955,16.698573567002313,01c1f36fdcfb6f9c94a079cf38f38be6ed21df60c4bbde7df860ced8ae0cdf17
posttrain_pnp_novel_from_cuttingboard_to_tieredbasket,tabletop,base,posttrain_pnp_novel_from_cuttingboard_to_tieredbasket__seed00032,32,0,45,3.7424805149494205,17.63278467298369,01c1f36fdcfb6f9c94a079cf38f38be6ed21df60c4bbde7df860ced8ae0cdf17
posttrain_pnp_novel_from_cuttingboard_to_tieredbasket,tabletop,base,posttrain_pnp_novel_from_cuttingboard_to_tieredbasket__seed00033,33,0,45,3.754965744999936,18.02691957700881,01c1f36fdcfb6f9c94a079cf38f38be6ed21df60c4bbde7df860ced8ae0cdf17
posttrain_pnp_novel_from_cuttingboard_to_tieredbasket,tabletop,base,posttrain_pnp_novel_from_cuttingboard_to_tieredbasket__seed00034,34,0,45,3.733103969017975,22.40057169899228,01c1f36fdcfb6f9c94a079cf38f38be6ed21df60c4bbde7df860ced8ae0cdf17
posttrain_pnp_novel_from_cuttingboard_to_tieredbasket,tabletop,base,posttrain_pnp_novel_from_cuttingboard_to_tieredbasket__seed00035,35,0,45,3.76660332994652,17.65524595498573,01c1f36fdcfb6f9c94a079cf38f38be6ed21df60c4bbde7df860ced8ae0cdf17
posttrain_pnp_novel_from_cuttingboard_to_tieredbasket,tabletop,base,posttrain_pnp_novel_from_cuttingboard_to_tieredbasket__seed00036,36,1,45,3.755036162183387,17.289413741003955,01c1f36fdcfb6f9c94a079cf38f38be6ed21df60c4bbde7df860ced8ae0cdf17
posttrain_pnp_novel_from_cuttingboard_to_tieredbasket,tabletop,base,posttrain_pnp_novel_from_cuttingboard_to_tieredbasket__seed00037,37,1,45,3.7371162330091465,17.921448829001747,01c1f36fdcfb6f9c94a079cf38f38be6ed21df60c4bbde7df860ced8ae0cdf17
posttrain_pnp_novel_from_cuttingboard_to_tieredbasket,tabletop,base,posttrain_pnp_novel_from_cuttingboard_to_tieredbasket__seed00038,38,0,45,3.7510243529395666,17.548501270997804,01c1f36fdcfb6f9c94a079cf38f38be6ed21df60c4bbde7df860ced8ae0cdf17
posttrain_pnp_novel_from_cuttingboard_to_tieredbasket,tabletop,base,posttrain_pnp_novel_from_cuttingboard_to_tieredbasket__seed00039,39,1,45,3.7733562198700383,23.54707168301684,01c1f36fdcfb6f9c94a079cf38f38be6ed21df60c4bbde7df860ced8ae0cdf17
posttrain_pnp_novel_from_cuttingboard_to_tieredbasket,tabletop,base,posttrain_pnp_novel_from_cuttingboard_to_tieredbasket__seed00040,40,0,45,3.7674479839915875,17.104178699984914,01c1f36fdcfb6f9c94a079cf38f38be6ed21df60c4bbde7df860ced8ae0cdf17
posttrain_pnp_novel_from_cuttingboard_to_tieredbasket,tabletop,base,posttrain_pnp_novel_from_cuttingboard_to_tieredbasket__seed00041,41,0,45,3.764184443920385,22.461114163015736,01c1f36fdcfb6f9c94a079cf38f38be6ed21df60c4bbde7df860ced8ae0cdf17
posttrain_pnp_novel_from_cuttingboard_to_tieredbasket,tabletop,base,posttrain_pnp_novel_from_cuttingboard_to_tieredbasket__seed00042,42,0,45,3.753845256927889,18.13294794401736,01c1f36fdcfb6f9c94a079cf38f38be6ed21df60c4bbde7df860ced8ae0cdf17
posttrain_pnp_novel_from_cuttingboard_to_tieredbasket,tabletop,base,posttrain_pnp_novel_from_cuttingboard_to_tieredbasket__seed00043,43,0,45,3.767400093813194,17.346440541004995,01c1f36fdcfb6f9c94a079cf38f38be6ed21df60c4bbde7df860ced8ae0cdf17
posttrain_pnp_novel_from_cuttingboard_to_tieredbasket,tabletop,base,posttrain_pnp_novel_from_cuttingboard_to_tieredbasket__seed00044,44,1,45,3.769099277938949,16.639873688982334,01c1f36fdcfb6f9c94a079cf38f38be6ed21df60c4bbde7df860ced8ae0cdf17
posttrain_pnp_novel_from_cuttingboard_to_tieredbasket,tabletop,base,posttrain_pnp_novel_from_cuttingboard_to_tieredbasket__seed00045,45,0,45,3.7766266880207695,17.081331836001482,01c1f36fdcfb6f9c94a079cf38f38be6ed21df60c4bbde7df860ced8ae0cdf17
posttrain_pnp_novel_from_cuttingboard_to_tieredbasket,tabletop,base,posttrain_pnp_novel_from_cuttingboard_to_tieredbasket__seed00046,46,0,45,3.7690269189188257,18.121086930012098,01c1f36fdcfb6f9c94a079cf38f38be6ed21df60c4bbde7df860ced8ae0cdf17
posttrain_pnp_novel_from_cuttingboard_to_tieredbasket,tabletop,base,posttrain_pnp_novel_from_cuttingboard_to_tieredbasket__seed00047,47,0,45,3.7746288630878553,17.099132110975916,01c1f36fdcfb6f9c94a079cf38f38be6ed21df60c4bbde7df860ced8ae0cdf17
posttrain_pnp_novel_from_cuttingboard_to_tieredbasket,tabletop,base,posttrain_pnp_novel_from_cuttingboard_to_tieredbasket__seed00048,48,1,45,3.769258602958871,17.8915645450179,01c1f36fdcfb6f9c94a079cf38f38be6ed21df60c4bbde7df860ced8ae0cdf17
posttrain_pnp_novel_from_cuttingboard_to_tieredbasket,tabletop,base,posttrain_pnp_novel_from_cuttingboard_to_tieredbasket__seed00049,49,1,45,3.758393948985031,17.82738742098445,01c1f36fdcfb6f9c94a079cf38f38be6ed21df60c4bbde7df860ced8ae0cdf17
posttrain_pnp_novel_from_placemat_to_basket,tabletop,base,posttrain_pnp_novel_from_placemat_to_basket__seed00000,0,0,45,8.437408060970483,24.43315788800828,364bbde180b363b88832a89e5db86474432bbc2164c2901ec7a8679468b6357c
posttrain_pnp_novel_from_placemat_to_basket,tabletop,base,posttrain_pnp_novel_from_placemat_to_basket__seed00001,1,0,45,3.744367329083616,18.053193630010355,364bbde180b363b88832a89e5db86474432bbc2164c2901ec7a8679468b6357c
posttrain_pnp_novel_from_placemat_to_basket,tabletop,base,posttrain_pnp_novel_from_placemat_to_basket__seed00002,2,0,45,3.757519935927121,18.427812384004937,364bbde180b363b88832a89e5db86474432bbc2164c2901ec7a8679468b6357c
posttrain_pnp_novel_from_placemat_to_basket,tabletop,base,posttrain_pnp_novel_from_placemat_to_basket__seed00003,3,0,45,3.766783516097348,16.989406676002545,364bbde180b363b88832a89e5db86474432bbc2164c2901ec7a8679468b6357c
posttrain_pnp_novel_from_placemat_to_basket,tabletop,base,posttrain_pnp_novel_from_placemat_to_basket__seed00004,4,0,45,3.743082982924534,23.13196229300229,364bbde180b363b88832a89e5db86474432bbc2164c2901ec7a8679468b6357c
posttrain_pnp_novel_from_placemat_to_basket,tabletop,base,posttrain_pnp_novel_from_placemat_to_basket__seed00005,5,1,45,3.7615948658494744,18.749329954007408,364bbde180b363b88832a89e5db86474432bbc2164c2901ec7a8679468b6357c
posttrain_pnp_novel_from_placemat_to_basket,tabletop,base,posttrain_pnp_novel_from_placemat_to_basket__seed00006,6,1,45,3.7734994659840595,20.329837271012366,364bbde180b363b88832a89e5db86474432bbc2164c2901ec7a8679468b6357c
posttrain_pnp_novel_from_placemat_to_basket,tabletop,base,posttrain_pnp_novel_from_placemat_to_basket__seed00007,7,0,45,3.763266567926621,18.580164207989583,364bbde180b363b88832a89e5db86474432bbc2164c2901ec7a8679468b6357c
posttrain_pnp_novel_from_placemat_to_basket,tabletop,base,posttrain_pnp_novel_from_placemat_to_basket__seed00008,8,0,45,3.7542302820947953,19.771800318994792,364bbde180b363b88832a89e5db86474432bbc2164c2901ec7a8679468b6357c
posttrain_pnp_novel_from_placemat_to_basket,tabletop,base,posttrain_pnp_novel_from_placemat_to_basket__seed00009,9,0,45,3.7393859239527956,17.939266608009348,364bbde180b363b88832a89e5db86474432bbc2164c2901ec7a8679468b6357c
posttrain_pnp_novel_from_placemat_to_basket,tabletop,base,posttrain_pnp_novel_from_placemat_to_basket__seed00010,10,1,45,3.731871361116646,19.75750338099897,364bbde180b363b88832a89e5db86474432bbc2164c2901ec7a8679468b6357c
posttrain_pnp_novel_from_placemat_to_basket,tabletop,base,posttrain_pnp_novel_from_placemat_to_basket__seed00011,11,1,45,3.7492257370613515,19.875328680995153,364bbde180b363b88832a89e5db86474432bbc2164c2901ec7a8679468b6357c
posttrain_pnp_novel_from_placemat_to_basket,tabletop,base,posttrain_pnp_novel_from_placemat_to_basket__seed00012,12,0,45,3.7537051889230497,19.121544588007964,364bbde180b363b88832a89e5db86474432bbc2164c2901ec7a8679468b6357c
posttrain_pnp_novel_from_placemat_to_basket,tabletop,base,posttrain_pnp_novel_from_placemat_to_basket__seed00013,13,1,45,3.7498870389244985,19.882492742995964,364bbde180b363b88832a89e5db86474432bbc2164c2901ec7a8679468b6357c
posttrain_pnp_novel_from_placemat_to_basket,tabletop,base,posttrain_pnp_novel_from_placemat_to_basket__seed00014,14,1,45,3.751836300129071,20.07848839199869,364bbde180b363b88832a89e5db86474432bbc2164c2901ec7a8679468b6357c
posttrain_pnp_novel_from_placemat_to_basket,tabletop,base,posttrain_pnp_novel_from_placemat_to_basket__seed00015,15,0,45,3.760464320133906,17.960412084008567,364bbde180b363b88832a89e5db86474432bbc2164c2901ec7a8679468b6357c
posttrain_pnp_novel_from_placemat_to_basket,tabletop,base,posttrain_pnp_novel_from_placemat_to_basket__seed00016,16,1,45,3.7662797849916387,20.50940050999634,364bbde180b363b88832a89e5db86474432bbc2164c2901ec7a8679468b6357c
posttrain_pnp_novel_from_placemat_to_basket,tabletop,base,posttrain_pnp_novel_from_placemat_to_basket__seed00017,17,0,45,3.760857181972824,20.127010016993154,364bbde180b363b88832a89e5db86474432bbc2164c2901ec7a8679468b6357c
posttrain_pnp_novel_from_placemat_to_basket,tabletop,base,posttrain_pnp_novel_from_placemat_to_basket__seed00018,18,0,45,3.766136439080583,22.172260925988667,364bbde180b363b88832a89e5db86474432bbc2164c2901ec7a8679468b6357c
posttrain_pnp_novel_from_placemat_to_basket,tabletop,base,posttrain_pnp_novel_from_placemat_to_basket__seed00019,19,0,45,3.766024412063416,17.361160132015357,364bbde180b363b88832a89e5db86474432bbc2164c2901ec7a8679468b6357c
posttrain_pnp_novel_from_placemat_to_basket,tabletop,base,posttrain_pnp_novel_from_placemat_to_basket__seed00020,20,1,45,3.766148061986314,19.797992140986025,364bbde180b363b88832a89e5db86474432bbc2164c2901ec7a8679468b6357c
posttrain_pnp_novel_from_placemat_to_basket,tabletop,base,posttrain_pnp_novel_from_placemat_to_basket__seed00021,21,1,45,3.746944112906931,25.261523672001204,364bbde180b363b88832a89e5db86474432bbc2164c2901ec7a8679468b6357c
posttrain_pnp_novel_from_placemat_to_basket,tabletop,base,posttrain_pnp_novel_from_placemat_to_basket__seed00022,22,0,45,3.749391322839074,16.700548319990048,364bbde180b363b88832a89e5db86474432bbc2164c2901ec7a8679468b6357c
posttrain_pnp_novel_from_placemat_to_basket,tabletop,base,posttrain_pnp_novel_from_placemat_to_basket__seed00023,23,0,45,3.7452326220518444,16.775601934001315,364bbde180b363b88832a89e5db86474432bbc2164c2901ec7a8679468b6357c
posttrain_pnp_novel_from_placemat_to_basket,tabletop,base,posttrain_pnp_novel_from_placemat_to_basket__seed00024,24,1,45,3.7448461858730298,19.633172180998372,364bbde180b363b88832a89e5db86474432bbc2164c2901ec7a8679468b6357c
posttrain_pnp_novel_from_placemat_to_basket,tabletop,base,posttrain_pnp_novel_from_placemat_to_basket__seed00025,25,1,45,3.7528909080429003,23.346743204980157,364bbde180b363b88832a89e5db86474432bbc2164c2901ec7a8679468b6357c
posttrain_pnp_novel_from_placemat_to_basket,tabletop,base,posttrain_pnp_novel_from_placemat_to_basket__seed00026,26,0,45,3.7351056089100894,17.332765333994757,364bbde180b363b88832a89e5db86474432bbc2164c2901ec7a8679468b6357c
posttrain_pnp_novel_from_placemat_to_basket,tabletop,base,posttrain_pnp_novel_from_placemat_to_basket__seed00027,27,0,45,3.7422392219596077,16.3850226259965,364bbde180b363b88832a89e5db86474432bbc2164c2901ec7a8679468b6357c
posttrain_pnp_novel_from_placemat_to_basket,tabletop,base,posttrain_pnp_novel_from_placemat_to_basket__seed00028,28,0,45,3.7353340371046215,18.32280109298881,364bbde180b363b88832a89e5db86474432bbc2164c2901ec7a8679468b6357c
posttrain_pnp_novel_from_placemat_to_basket,tabletop,base,posttrain_pnp_novel_from_placemat_to_basket__seed00029,29,0,45,3.7368965318310075,16.75599715099088,364bbde180b363b88832a89e5db86474432bbc2164c2901ec7a8679468b6357c
posttrain_pnp_novel_from_placemat_to_basket,tabletop,base,posttrain_pnp_novel_from_placemat_to_basket__seed00030,30,0,45,3.7517169619968627,18.126344263000647,364bbde180b363b88832a89e5db86474432bbc2164c2901ec7a8679468b6357c
posttrain_pnp_novel_from_placemat_to_basket,tabletop,base,posttrain_pnp_novel_from_placemat_to_basket__seed00031,31,1,45,3.7462788469856605,16.60472196401679,364bbde180b363b88832a89e5db86474432bbc2164c2901ec7a8679468b6357c
posttrain_pnp_novel_from_placemat_to_basket,tabletop,base,posttrain_pnp_novel_from_placemat_to_basket__seed00032,32,0,45,3.75958859216189,16.14190498800599,364bbde180b363b88832a89e5db86474432bbc2164c2901ec7a8679468b6357c
posttrain_pnp_novel_from_placemat_to_basket,tabletop,base,posttrain_pnp_novel_from_placemat_to_basket__seed00033,33,1,45,3.7487774608598556,18.06862801098032,364bbde180b363b88832a89e5db86474432bbc2164c2901ec7a8679468b6357c
posttrain_pnp_novel_from_placemat_to_basket,tabletop,base,posttrain_pnp_novel_from_placemat_to_basket__seed00034,34,0,45,3.7649703428905923,23.384067639010027,364bbde180b363b88832a89e5db86474432bbc2164c2901ec7a8679468b6357c
posttrain_pnp_novel_from_placemat_to_basket,tabletop,base,posttrain_pnp_novel_from_placemat_to_basket__seed00035,35,0,45,3.7685419229674153,25.89500887299073,364bbde180b363b88832a89e5db86474432bbc2164c2901ec7a8679468b6357c
posttrain_pnp_novel_from_placemat_to_basket,tabletop,base,posttrain_pnp_novel_from_placemat_to_basket__seed00036,36,1,45,3.759156122978311,17.147797829005867,364bbde180b363b88832a89e5db86474432bbc2164c2901ec7a8679468b6357c
posttrain_pnp_novel_from_placemat_to_basket,tabletop,base,posttrain_pnp_novel_from_placemat_to_basket__seed00037,37,0,45,3.7604759389942046,18.896365320979385,364bbde180b363b88832a89e5db86474432bbc2164c2901ec7a8679468b6357c
posttrain_pnp_novel_from_placemat_to_basket,tabletop,base,posttrain_pnp_novel_from_placemat_to_basket__seed00038,38,0,45,3.7515187840908766,16.470078648009803,364bbde180b363b88832a89e5db86474432bbc2164c2901ec7a8679468b6357c
posttrain_pnp_novel_from_placemat_to_basket,tabletop,base,posttrain_pnp_novel_from_placemat_to_basket__seed00039,39,0,45,3.74689363813377,21.639012314990396,364bbde180b363b88832a89e5db86474432bbc2164c2901ec7a8679468b6357c
posttrain_pnp_novel_from_placemat_to_basket,tabletop,base,posttrain_pnp_novel_from_placemat_to_basket__seed00040,40,1,45,3.7364862668619025,17.793334856978618,364bbde180b363b88832a89e5db86474432bbc2164c2901ec7a8679468b6357c
posttrain_pnp_novel_from_placemat_to_basket,tabletop,base,posttrain_pnp_novel_from_placemat_to_basket__seed00041,41,0,45,3.7414388739853166,22.97837717999937,364bbde180b363b88832a89e5db86474432bbc2164c2901ec7a8679468b6357c
posttrain_pnp_novel_from_placemat_to_basket,tabletop,base,posttrain_pnp_novel_from_placemat_to_basket__seed00042,42,0,45,3.747447180940071,18.209671420016093,364bbde180b363b88832a89e5db86474432bbc2164c2901ec7a8679468b6357c
posttrain_pnp_novel_from_placemat_to_basket,tabletop,base,posttrain_pnp_novel_from_placemat_to_basket__seed00043,43,0,45,3.745639882981777,18.403161025984446,364bbde180b363b88832a89e5db86474432bbc2164c2901ec7a8679468b6357c
posttrain_pnp_novel_from_placemat_to_basket,tabletop,base,posttrain_pnp_novel_from_placemat_to_basket__seed00044,44,1,45,3.754828252043808,16.93847207899671,364bbde180b363b88832a89e5db86474432bbc2164c2901ec7a8679468b6357c
posttrain_pnp_novel_from_placemat_to_basket,tabletop,base,posttrain_pnp_novel_from_placemat_to_basket__seed00045,45,1,45,3.7549563161155675,18.65432424499886,364bbde180b363b88832a89e5db86474432bbc2164c2901ec7a8679468b6357c
posttrain_pnp_novel_from_placemat_to_basket,tabletop,base,posttrain_pnp_novel_from_placemat_to_basket__seed00046,46,1,45,3.7294556109409314,18.108996933005983,364bbde180b363b88832a89e5db86474432bbc2164c2901ec7a8679468b6357c
posttrain_pnp_novel_from_placemat_to_basket,tabletop,base,posttrain_pnp_novel_from_placemat_to_basket__seed00047,47,1,45,3.761816914920928,17.652240794006502,364bbde180b363b88832a89e5db86474432bbc2164c2901ec7a8679468b6357c
posttrain_pnp_novel_from_placemat_to_basket,tabletop,base,posttrain_pnp_novel_from_placemat_to_basket__seed00048,48,1,45,3.7717199179460295,19.43792906901217,364bbde180b363b88832a89e5db86474432bbc2164c2901ec7a8679468b6357c
posttrain_pnp_novel_from_placemat_to_basket,tabletop,base,posttrain_pnp_novel_from_placemat_to_basket__seed00049,49,1,45,3.7631612131372094,17.708735059015453,364bbde180b363b88832a89e5db86474432bbc2164c2901ec7a8679468b6357c
posttrain_pnp_novel_from_placemat_to_bowl,tabletop,base,posttrain_pnp_novel_from_placemat_to_bowl__seed00000,0,1,45,3.7499293509754352,18.73015575102181,364bbde180b363b88832a89e5db86474432bbc2164c2901ec7a8679468b6357c
posttrain_pnp_novel_from_placemat_to_bowl,tabletop,base,posttrain_pnp_novel_from_placemat_to_bowl__seed00001,1,0,45,3.7515640109486412,18.939463287009858,364bbde180b363b88832a89e5db86474432bbc2164c2901ec7a8679468b6357c
posttrain_pnp_novel_from_placemat_to_bowl,tabletop,base,posttrain_pnp_novel_from_placemat_to_bowl__seed00002,2,1,45,3.766022755007725,20.179099033994135,364bbde180b363b88832a89e5db86474432bbc2164c2901ec7a8679468b6357c
posttrain_pnp_novel_from_placemat_to_bowl,tabletop,base,posttrain_pnp_novel_from_placemat_to_bowl__seed00003,3,0,45,3.7688272669620346,19.20027268800186,364bbde180b363b88832a89e5db86474432bbc2164c2901ec7a8679468b6357c
posttrain_pnp_novel_from_placemat_to_bowl,tabletop,base,posttrain_pnp_novel_from_placemat_to_bowl__seed00004,4,0,45,3.7744365790567826,24.68830059398897,364bbde180b363b88832a89e5db86474432bbc2164c2901ec7a8679468b6357c
posttrain_pnp_novel_from_placemat_to_bowl,tabletop,base,posttrain_pnp_novel_from_placemat_to_bowl__seed00005,5,0,45,3.7613468180643395,19.95052749401657,364bbde180b363b88832a89e5db86474432bbc2164c2901ec7a8679468b6357c
posttrain_pnp_novel_from_placemat_to_bowl,tabletop,base,posttrain_pnp_novel_from_placemat_to_bowl__seed00006,6,0,45,3.748419672017917,20.428667985019274,364bbde180b363b88832a89e5db86474432bbc2164c2901ec7a8679468b6357c
posttrain_pnp_novel_from_placemat_to_bowl,tabletop,base,posttrain_pnp_novel_from_placemat_to_bowl__seed00007,7,0,45,3.7523257980064955,19.87973751698155,364bbde180b363b88832a89e5db86474432bbc2164c2901ec7a8679468b6357c
posttrain_pnp_novel_from_placemat_to_bowl,tabletop,base,posttrain_pnp_novel_from_placemat_to_bowl__seed00008,8,0,45,3.748136921058176,18.357743329979712,364bbde180b363b88832a89e5db86474432bbc2164c2901ec7a8679468b6357c
posttrain_pnp_novel_from_placemat_to_bowl,tabletop,base,posttrain_pnp_novel_from_placemat_to_bowl__seed00009,9,1,45,3.765440081944689,20.333681397984037,364bbde180b363b88832a89e5db86474432bbc2164c2901ec7a8679468b6357c
posttrain_pnp_novel_from_placemat_to_bowl,tabletop,base,posttrain_pnp_novel_from_placemat_to_bowl__seed00010,10,0,45,3.751775338052539,20.86264955700608,364bbde180b363b88832a89e5db86474432bbc2164c2901ec7a8679468b6357c
posttrain_pnp_novel_from_placemat_to_bowl,tabletop,base,posttrain_pnp_novel_from_placemat_to_bowl__seed00011,11,1,45,3.7859641020186245,21.834171420981875,364bbde180b363b88832a89e5db86474432bbc2164c2901ec7a8679468b6357c
posttrain_pnp_novel_from_placemat_to_bowl,tabletop,base,posttrain_pnp_novel_from_placemat_to_bowl__seed00012,12,1,45,3.75667045605951,21.529113107011653,364bbde180b363b88832a89e5db86474432bbc2164c2901ec7a8679468b6357c
posttrain_pnp_novel_from_placemat_to_bowl,tabletop,base,posttrain_pnp_novel_from_placemat_to_bowl__seed00013,13,0,45,3.7543964070209768,19.99632115798886,364bbde180b363b88832a89e5db86474432bbc2164c2901ec7a8679468b6357c
posttrain_pnp_novel_from_placemat_to_bowl,tabletop,base,posttrain_pnp_novel_from_placemat_to_bowl__seed00014,14,0,45,3.7475213370635174,19.669400815007975,364bbde180b363b88832a89e5db86474432bbc2164c2901ec7a8679468b6357c
posttrain_pnp_novel_from_placemat_to_bowl,tabletop,base,posttrain_pnp_novel_from_placemat_to_bowl__seed00015,15,1,45,3.7720697389158886,20.91416096899775,364bbde180b363b88832a89e5db86474432bbc2164c2901ec7a8679468b6357c
posttrain_pnp_novel_from_placemat_to_bowl,tabletop,base,posttrain_pnp_novel_from_placemat_to_bowl__seed00016,16,1,45,3.7595281610556412,18.997644974995637,364bbde180b363b88832a89e5db86474432bbc2164c2901ec7a8679468b6357c
posttrain_pnp_novel_from_placemat_to_bowl,tabletop,base,posttrain_pnp_novel_from_placemat_to_bowl__seed00017,17,0,45,3.7738723960355856,21.105921306007076,364bbde180b363b88832a89e5db86474432bbc2164c2901ec7a8679468b6357c
posttrain_pnp_novel_from_placemat_to_bowl,tabletop,base,posttrain_pnp_novel_from_placemat_to_bowl__seed00018,18,1,45,3.7664270070090424,19.511416841996834,364bbde180b363b88832a89e5db86474432bbc2164c2901ec7a8679468b6357c
posttrain_pnp_novel_from_placemat_to_bowl,tabletop,base,posttrain_pnp_novel_from_placemat_to_bowl__seed00019,19,0,45,3.770783672982361,20.49763357199845,364bbde180b363b88832a89e5db86474432bbc2164c2901ec7a8679468b6357c
posttrain_pnp_novel_from_placemat_to_bowl,tabletop,base,posttrain_pnp_novel_from_placemat_to_bowl__seed00020,20,1,45,3.7829026579856873,21.015184760006377,364bbde180b363b88832a89e5db86474432bbc2164c2901ec7a8679468b6357c
posttrain_pnp_novel_from_placemat_to_bowl,tabletop,base,posttrain_pnp_novel_from_placemat_to_bowl__seed00021,21,0,45,3.7640741539071314,26.20070586100337,364bbde180b363b88832a89e5db86474432bbc2164c2901ec7a8679468b6357c
posttrain_pnp_novel_from_placemat_to_bowl,tabletop,base,posttrain_pnp_novel_from_placemat_to_bowl__seed00022,22,0,45,3.755491341056768,19.143654878018424,364bbde180b363b88832a89e5db86474432bbc2164c2901ec7a8679468b6357c
posttrain_pnp_novel_from_placemat_to_bowl,tabletop,base,posttrain_pnp_novel_from_placemat_to_bowl__seed00023,23,0,45,3.7459996149409562,18.79455529799452,364bbde180b363b88832a89e5db86474432bbc2164c2901ec7a8679468b6357c
posttrain_pnp_novel_from_placemat_to_bowl,tabletop,base,posttrain_pnp_novel_from_placemat_to_bowl__seed00024,24,0,45,3.7618444530817214,20.569601168012014,364bbde180b363b88832a89e5db86474432bbc2164c2901ec7a8679468b6357c
posttrain_pnp_novel_from_placemat_to_bowl,tabletop,base,posttrain_pnp_novel_from_placemat_to_bowl__seed00025,25,1,45,3.7420420040143654,20.278124853008194,364bbde180b363b88832a89e5db86474432bbc2164c2901ec7a8679468b6357c
posttrain_pnp_novel_from_placemat_to_bowl,tabletop,base,posttrain_pnp_novel_from_placemat_to_bowl__seed00026,26,0,45,3.7550932091253344,19.52818804499111,364bbde180b363b88832a89e5db86474432bbc2164c2901ec7a8679468b6357c
posttrain_pnp_novel_from_placemat_to_bowl,tabletop,base,posttrain_pnp_novel_from_placemat_to_bowl__seed00027,27,0,45,3.7279437518736813,20.49015788399265,364bbde180b363b88832a89e5db86474432bbc2164c2901ec7a8679468b6357c
posttrain_pnp_novel_from_placemat_to_bowl,tabletop,base,posttrain_pnp_novel_from_placemat_to_bowl__seed00028,28,1,45,3.7490574219846167,19.537259596021613,364bbde180b363b88832a89e5db86474432bbc2164c2901ec7a8679468b6357c
posttrain_pnp_novel_from_placemat_to_bowl,tabletop,base,posttrain_pnp_novel_from_placemat_to_bowl__seed00029,29,0,45,3.7532707120699342,20.987314536992926,364bbde180b363b88832a89e5db86474432bbc2164c2901ec7a8679468b6357c
posttrain_pnp_novel_from_placemat_to_bowl,tabletop,base,posttrain_pnp_novel_from_placemat_to_bowl__seed00030,30,0,45,3.7563920760003384,18.26739037700463,364bbde180b363b88832a89e5db86474432bbc2164c2901ec7a8679468b6357c
posttrain_pnp_novel_from_placemat_to_bowl,tabletop,base,posttrain_pnp_novel_from_placemat_to_bowl__seed00031,31,0,45,3.752989923057612,18.424864906002767,364bbde180b363b88832a89e5db86474432bbc2164c2901ec7a8679468b6357c
posttrain_pnp_novel_from_placemat_to_bowl,tabletop,base,posttrain_pnp_novel_from_placemat_to_bowl__seed00032,32,0,45,3.769840567081701,28.13703702299972,364bbde180b363b88832a89e5db86474432bbc2164c2901ec7a8679468b6357c
posttrain_pnp_novel_from_placemat_to_bowl,tabletop,base,posttrain_pnp_novel_from_placemat_to_bowl__seed00033,33,0,45,3.7932977160671726,20.09607542102458,364bbde180b363b88832a89e5db86474432bbc2164c2901ec7a8679468b6357c
posttrain_pnp_novel_from_placemat_to_bowl,tabletop,base,posttrain_pnp_novel_from_placemat_to_bowl__seed00034,34,0,45,3.775822908122791,29.616595722007332,364bbde180b363b88832a89e5db86474432bbc2164c2901ec7a8679468b6357c
posttrain_pnp_novel_from_placemat_to_bowl,tabletop,base,posttrain_pnp_novel_from_placemat_to_bowl__seed00035,35,1,45,3.766222059057327,19.907125931000337,364bbde180b363b88832a89e5db86474432bbc2164c2901ec7a8679468b6357c
posttrain_pnp_novel_from_placemat_to_bowl,tabletop,base,posttrain_pnp_novel_from_placemat_to_bowl__seed00036,36,0,45,3.759863185812719,18.290165062004235,364bbde180b363b88832a89e5db86474432bbc2164c2901ec7a8679468b6357c
posttrain_pnp_novel_from_placemat_to_bowl,tabletop,base,posttrain_pnp_novel_from_placemat_to_bowl__seed00037,37,1,45,3.863641172007192,27.257629997999175,364bbde180b363b88832a89e5db86474432bbc2164c2901ec7a8679468b6357c
posttrain_pnp_novel_from_placemat_to_bowl,tabletop,base,posttrain_pnp_novel_from_placemat_to_bowl__seed00038,38,0,45,3.732937462074915,18.22632834498654,364bbde180b363b88832a89e5db86474432bbc2164c2901ec7a8679468b6357c
posttrain_pnp_novel_from_placemat_to_bowl,tabletop,base,posttrain_pnp_novel_from_placemat_to_bowl__seed00039,39,0,45,3.750027595902793,24.62583034700947,364bbde180b363b88832a89e5db86474432bbc2164c2901ec7a8679468b6357c
posttrain_pnp_novel_from_placemat_to_bowl,tabletop,base,posttrain_pnp_novel_from_placemat_to_bowl__seed00040,40,1,45,3.763886439061025,19.317112299002474,364bbde180b363b88832a89e5db86474432bbc2164c2901ec7a8679468b6357c
posttrain_pnp_novel_from_placemat_to_bowl,tabletop,base,posttrain_pnp_novel_from_placemat_to_bowl__seed00041,41,0,45,3.74006625203765,24.92359354600194,364bbde180b363b88832a89e5db86474432bbc2164c2901ec7a8679468b6357c
posttrain_pnp_novel_from_placemat_to_bowl,tabletop,base,posttrain_pnp_novel_from_placemat_to_bowl__seed00042,42,0,45,3.7428658080170862,20.412634873006027,364bbde180b363b88832a89e5db86474432bbc2164c2901ec7a8679468b6357c
posttrain_pnp_novel_from_placemat_to_bowl,tabletop,base,posttrain_pnp_novel_from_placemat_to_bowl__seed00043,43,0,45,3.743877962202532,24.25933582399739,364bbde180b363b88832a89e5db86474432bbc2164c2901ec7a8679468b6357c
posttrain_pnp_novel_from_placemat_to_bowl,tabletop,base,posttrain_pnp_novel_from_placemat_to_bowl__seed00044,44,0,45,3.769730853062356,19.582764321006835,364bbde180b363b88832a89e5db86474432bbc2164c2901ec7a8679468b6357c
posttrain_pnp_novel_from_placemat_to_bowl,tabletop,base,posttrain_pnp_novel_from_placemat_to_bowl__seed00045,45,1,45,3.7662102208996657,18.417713536007795,364bbde180b363b88832a89e5db86474432bbc2164c2901ec7a8679468b6357c
posttrain_pnp_novel_from_placemat_to_bowl,tabletop,base,posttrain_pnp_novel_from_placemat_to_bowl__seed00046,46,1,45,3.7743579659145325,18.316828912007622,364bbde180b363b88832a89e5db86474432bbc2164c2901ec7a8679468b6357c
posttrain_pnp_novel_from_placemat_to_bowl,tabletop,base,posttrain_pnp_novel_from_placemat_to_bowl__seed00047,47,0,45,3.763383020006586,20.308122339018155,364bbde180b363b88832a89e5db86474432bbc2164c2901ec7a8679468b6357c
posttrain_pnp_novel_from_placemat_to_bowl,tabletop,base,posttrain_pnp_novel_from_placemat_to_bowl__seed00048,48,0,45,3.766009698068956,22.74691071000416,364bbde180b363b88832a89e5db86474432bbc2164c2901ec7a8679468b6357c
posttrain_pnp_novel_from_placemat_to_bowl,tabletop,base,posttrain_pnp_novel_from_placemat_to_bowl__seed00049,49,0,45,3.741220230876934,19.326217380003072,364bbde180b363b88832a89e5db86474432bbc2164c2901ec7a8679468b6357c
posttrain_pnp_novel_from_placemat_to_plate,tabletop,base,posttrain_pnp_novel_from_placemat_to_plate__seed00000,0,1,45,3.7597667939553503,18.646019350009738,01c1f36fdcfb6f9c94a079cf38f38be6ed21df60c4bbde7df860ced8ae0cdf17
posttrain_pnp_novel_from_placemat_to_plate,tabletop,base,posttrain_pnp_novel_from_placemat_to_plate__seed00001,1,0,45,3.7491683099942748,19.149168711010134,01c1f36fdcfb6f9c94a079cf38f38be6ed21df60c4bbde7df860ced8ae0cdf17
posttrain_pnp_novel_from_placemat_to_plate,tabletop,base,posttrain_pnp_novel_from_placemat_to_plate__seed00002,2,0,45,3.7467767311027274,29.927962364978157,01c1f36fdcfb6f9c94a079cf38f38be6ed21df60c4bbde7df860ced8ae0cdf17
posttrain_pnp_novel_from_placemat_to_plate,tabletop,base,posttrain_pnp_novel_from_placemat_to_plate__seed00003,3,0,45,3.755309180880431,18.916575476992875,01c1f36fdcfb6f9c94a079cf38f38be6ed21df60c4bbde7df860ced8ae0cdf17
posttrain_pnp_novel_from_placemat_to_plate,tabletop,base,posttrain_pnp_novel_from_placemat_to_plate__seed00004,4,0,45,3.727130895043956,22.336462292005308,01c1f36fdcfb6f9c94a079cf38f38be6ed21df60c4bbde7df860ced8ae0cdf17
posttrain_pnp_novel_from_placemat_to_plate,tabletop,base,posttrain_pnp_novel_from_placemat_to_plate__seed00005,5,1,45,3.735452416964108,18.73549116399954,01c1f36fdcfb6f9c94a079cf38f38be6ed21df60c4bbde7df860ced8ae0cdf17
posttrain_pnp_novel_from_placemat_to_plate,tabletop,base,posttrain_pnp_novel_from_placemat_to_plate__seed00006,6,1,45,3.73387484086561,18.172188889002427,01c1f36fdcfb6f9c94a079cf38f38be6ed21df60c4bbde7df860ced8ae0cdf17
posttrain_pnp_novel_from_placemat_to_plate,tabletop,base,posttrain_pnp_novel_from_placemat_to_plate__seed00007,7,1,45,3.7341723388817627,18.785402630019234,01c1f36fdcfb6f9c94a079cf38f38be6ed21df60c4bbde7df860ced8ae0cdf17
posttrain_pnp_novel_from_placemat_to_plate,tabletop,base,posttrain_pnp_novel_from_placemat_to_plate__seed00008,8,0,45,3.750897473975783,17.655647893989226,01c1f36fdcfb6f9c94a079cf38f38be6ed21df60c4bbde7df860ced8ae0cdf17
posttrain_pnp_novel_from_placemat_to_plate,tabletop,base,posttrain_pnp_novel_from_placemat_to_plate__seed00009,9,0,45,3.74882916896604,21.74304151101387,01c1f36fdcfb6f9c94a079cf38f38be6ed21df60c4bbde7df860ced8ae0cdf17
posttrain_pnp_novel_from_placemat_to_plate,tabletop,base,posttrain_pnp_novel_from_placemat_to_plate__seed00010,10,1,45,3.7479727130557876,17.98274108301848,01c1f36fdcfb6f9c94a079cf38f38be6ed21df60c4bbde7df860ced8ae0cdf17
posttrain_pnp_novel_from_placemat_to_plate,tabletop,base,posttrain_pnp_novel_from_placemat_to_plate__seed00011,11,1,45,3.7561424440064,21.298777983000036,01c1f36fdcfb6f9c94a079cf38f38be6ed21df60c4bbde7df860ced8ae0cdf17
posttrain_pnp_novel_from_placemat_to_plate,tabletop,base,posttrain_pnp_novel_from_placemat_to_plate__seed00012,12,0,45,3.7570778488297947,17.971777407015907,01c1f36fdcfb6f9c94a079cf38f38be6ed21df60c4bbde7df860ced8ae0cdf17
posttrain_pnp_novel_from_placemat_to_plate,tabletop,base,posttrain_pnp_novel_from_placemat_to_plate__seed00013,13,0,45,3.745564334880328,19.862113234994467,01c1f36fdcfb6f9c94a079cf38f38be6ed21df60c4bbde7df860ced8ae0cdf17
posttrain_pnp_novel_from_placemat_to_plate,tabletop,base,posttrain_pnp_novel_from_placemat_to_plate__seed00014,14,0,45,3.753432184981648,19.593067650974263,01c1f36fdcfb6f9c94a079cf38f38be6ed21df60c4bbde7df860ced8ae0cdf17
posttrain_pnp_novel_from_placemat_to_plate,tabletop,base,posttrain_pnp_novel_from_placemat_to_plate__seed00015,15,0,45,3.763827403949108,18.309163994010305,01c1f36fdcfb6f9c94a079cf38f38be6ed21df60c4bbde7df860ced8ae0cdf17
posttrain_pnp_novel_from_placemat_to_plate,tabletop,base,posttrain_pnp_novel_from_placemat_to_plate__seed00016,16,0,45,3.748147197882645,18.392738375987392,01c1f36fdcfb6f9c94a079cf38f38be6ed21df60c4bbde7df860ced8ae0cdf17
posttrain_pnp_novel_from_placemat_to_plate,tabletop,base,posttrain_pnp_novel_from_placemat_to_plate__seed00017,17,1,45,3.7417679380159825,23.289260096004,01c1f36fdcfb6f9c94a079cf38f38be6ed21df60c4bbde7df860ced8ae0cdf17
posttrain_pnp_novel_from_placemat_to_plate,tabletop,base,posttrain_pnp_novel_from_placemat_to_plate__seed00018,18,0,45,3.7432604420755524,17.870109264011262,01c1f36fdcfb6f9c94a079cf38f38be6ed21df60c4bbde7df860ced8ae0cdf17
posttrain_pnp_novel_from_placemat_to_plate,tabletop,base,posttrain_pnp_novel_from_placemat_to_plate__seed00019,19,0,45,3.737187241058564,17.266226394014666,01c1f36fdcfb6f9c94a079cf38f38be6ed21df60c4bbde7df860ced8ae0cdf17
posttrain_pnp_novel_from_placemat_to_plate,tabletop,base,posttrain_pnp_novel_from_placemat_to_plate__seed00020,20,1,45,3.7324021789536346,17.739324937021593,01c1f36fdcfb6f9c94a079cf38f38be6ed21df60c4bbde7df860ced8ae0cdf17
posttrain_pnp_novel_from_placemat_to_plate,tabletop,base,posttrain_pnp_novel_from_placemat_to_plate__seed00021,21,1,45,3.7498028670961503,24.20835679199081,01c1f36fdcfb6f9c94a079cf38f38be6ed21df60c4bbde7df860ced8ae0cdf17
posttrain_pnp_novel_from_placemat_to_plate,tabletop,base,posttrain_pnp_novel_from_placemat_to_plate__seed00022,22,0,45,3.7475323939870577,17.525114730990026,01c1f36fdcfb6f9c94a079cf38f38be6ed21df60c4bbde7df860ced8ae0cdf17
posttrain_pnp_novel_from_placemat_to_plate,tabletop,base,posttrain_pnp_novel_from_placemat_to_plate__seed00023,23,1,45,3.7490451699413825,18.06891129197902,01c1f36fdcfb6f9c94a079cf38f38be6ed21df60c4bbde7df860ced8ae0cdf17
posttrain_pnp_novel_from_placemat_to_plate,tabletop,base,posttrain_pnp_novel_from_placemat_to_plate__seed00024,24,0,45,3.753684994910145,18.887706960987998,01c1f36fdcfb6f9c94a079cf38f38be6ed21df60c4bbde7df860ced8ae0cdf17
posttrain_pnp_novel_from_placemat_to_plate,tabletop,base,posttrain_pnp_novel_from_placemat_to_plate__seed00025,25,1,45,3.76107169201714,17.623796942993067,01c1f36fdcfb6f9c94a079cf38f38be6ed21df60c4bbde7df860ced8ae0cdf17
posttrain_pnp_novel_from_placemat_to_plate,tabletop,base,posttrain_pnp_novel_from_placemat_to_plate__seed00026,26,1,45,3.756555310857948,18.197685121995164,01c1f36fdcfb6f9c94a079cf38f38be6ed21df60c4bbde7df860ced8ae0cdf17
posttrain_pnp_novel_from_placemat_to_plate,tabletop,base,posttrain_pnp_novel_from_placemat_to_plate__seed00027,27,1,45,3.7537119480548427,19.0800511080015,01c1f36fdcfb6f9c94a079cf38f38be6ed21df60c4bbde7df860ced8ae0cdf17
posttrain_pnp_novel_from_placemat_to_plate,tabletop,base,posttrain_pnp_novel_from_placemat_to_plate__seed00028,28,0,45,3.7701664220076054,18.81056093799998,01c1f36fdcfb6f9c94a079cf38f38be6ed21df60c4bbde7df860ced8ae0cdf17
posttrain_pnp_novel_from_placemat_to_plate,tabletop,base,posttrain_pnp_novel_from_placemat_to_plate__seed00029,29,1,45,3.766430468938779,18.37160335801309,01c1f36fdcfb6f9c94a079cf38f38be6ed21df60c4bbde7df860ced8ae0cdf17
posttrain_pnp_novel_from_placemat_to_plate,tabletop,base,posttrain_pnp_novel_from_placemat_to_plate__seed00030,30,1,45,3.7760837041714694,18.915752786997473,01c1f36fdcfb6f9c94a079cf38f38be6ed21df60c4bbde7df860ced8ae0cdf17
posttrain_pnp_novel_from_placemat_to_plate,tabletop,base,posttrain_pnp_novel_from_placemat_to_plate__seed00031,31,0,45,3.7513514890160877,18.154060651984764,01c1f36fdcfb6f9c94a079cf38f38be6ed21df60c4bbde7df860ced8ae0cdf17
posttrain_pnp_novel_from_placemat_to_plate,tabletop,base,posttrain_pnp_novel_from_placemat_to_plate__seed00032,32,0,45,3.735948011133587,17.8380007710075,01c1f36fdcfb6f9c94a079cf38f38be6ed21df60c4bbde7df860ced8ae0cdf17
posttrain_pnp_novel_from_placemat_to_plate,tabletop,base,posttrain_pnp_novel_from_placemat_to_plate__seed00033,33,1,45,3.74798630195437,18.370339209010126,01c1f36fdcfb6f9c94a079cf38f38be6ed21df60c4bbde7df860ced8ae0cdf17
posttrain_pnp_novel_from_placemat_to_plate,tabletop,base,posttrain_pnp_novel_from_placemat_to_plate__seed00034,34,1,45,3.7421878378954716,23.620405774010578,01c1f36fdcfb6f9c94a079cf38f38be6ed21df60c4bbde7df860ced8ae0cdf17
posttrain_pnp_novel_from_placemat_to_plate,tabletop,base,posttrain_pnp_novel_from_placemat_to_plate__seed00035,35,1,45,3.7258356250240467,19.412235196999973,01c1f36fdcfb6f9c94a079cf38f38be6ed21df60c4bbde7df860ced8ae0cdf17
posttrain_pnp_novel_from_placemat_to_plate,tabletop,base,posttrain_pnp_novel_from_placemat_to_plate__seed00036,36,0,45,3.7605504620296415,18.034392549976474,01c1f36fdcfb6f9c94a079cf38f38be6ed21df60c4bbde7df860ced8ae0cdf17
posttrain_pnp_novel_from_placemat_to_plate,tabletop,base,posttrain_pnp_novel_from_placemat_to_plate__seed00037,37,1,45,3.74617408803897,17.46028239899897,01c1f36fdcfb6f9c94a079cf38f38be6ed21df60c4bbde7df860ced8ae0cdf17
posttrain_pnp_novel_from_placemat_to_plate,tabletop,base,posttrain_pnp_novel_from_placemat_to_plate__seed00038,38,1,45,3.7368280028458685,17.48223958699964,01c1f36fdcfb6f9c94a079cf38f38be6ed21df60c4bbde7df860ced8ae0cdf17
posttrain_pnp_novel_from_placemat_to_plate,tabletop,base,posttrain_pnp_novel_from_placemat_to_plate__seed00039,39,0,45,3.7393976040475536,24.491043434973108,01c1f36fdcfb6f9c94a079cf38f38be6ed21df60c4bbde7df860ced8ae0cdf17
posttrain_pnp_novel_from_placemat_to_plate,tabletop,base,posttrain_pnp_novel_from_placemat_to_plate__seed00040,40,1,45,3.755877545918338,17.22050130899879,01c1f36fdcfb6f9c94a079cf38f38be6ed21df60c4bbde7df860ced8ae0cdf17
posttrain_pnp_novel_from_placemat_to_plate,tabletop,base,posttrain_pnp_novel_from_placemat_to_plate__seed00041,41,0,45,3.733617139980197,22.553672320995247,01c1f36fdcfb6f9c94a079cf38f38be6ed21df60c4bbde7df860ced8ae0cdf17
posttrain_pnp_novel_from_placemat_to_plate,tabletop,base,posttrain_pnp_novel_from_placemat_to_plate__seed00042,42,0,45,3.7599958939827047,19.413832182995975,01c1f36fdcfb6f9c94a079cf38f38be6ed21df60c4bbde7df860ced8ae0cdf17
posttrain_pnp_novel_from_placemat_to_plate,tabletop,base,posttrain_pnp_novel_from_placemat_to_plate__seed00043,43,1,45,3.7466978159209248,18.28696382799535,01c1f36fdcfb6f9c94a079cf38f38be6ed21df60c4bbde7df860ced8ae0cdf17
posttrain_pnp_novel_from_placemat_to_plate,tabletop,base,posttrain_pnp_novel_from_placemat_to_plate__seed00044,44,0,45,3.764847915037535,17.488724763999926,01c1f36fdcfb6f9c94a079cf38f38be6ed21df60c4bbde7df860ced8ae0cdf17
posttrain_pnp_novel_from_placemat_to_plate,tabletop,base,posttrain_pnp_novel_from_placemat_to_plate__seed00045,45,0,45,3.771105207997607,17.3893239510071,01c1f36fdcfb6f9c94a079cf38f38be6ed21df60c4bbde7df860ced8ae0cdf17
posttrain_pnp_novel_from_placemat_to_plate,tabletop,base,posttrain_pnp_novel_from_placemat_to_plate__seed00046,46,1,45,3.7628227660025004,18.062254633987322,01c1f36fdcfb6f9c94a079cf38f38be6ed21df60c4bbde7df860ced8ae0cdf17
posttrain_pnp_novel_from_placemat_to_plate,tabletop,base,posttrain_pnp_novel_from_placemat_to_plate__seed00047,47,0,45,3.7605351080128457,17.165246499993373,01c1f36fdcfb6f9c94a079cf38f38be6ed21df60c4bbde7df860ced8ae0cdf17
posttrain_pnp_novel_from_placemat_to_plate,tabletop,base,posttrain_pnp_novel_from_placemat_to_plate__seed00048,48,0,45,3.7620500520570204,19.145587902981788,01c1f36fdcfb6f9c94a079cf38f38be6ed21df60c4bbde7df860ced8ae0cdf17
posttrain_pnp_novel_from_placemat_to_plate,tabletop,base,posttrain_pnp_novel_from_placemat_to_plate__seed00049,49,0,45,3.751156091951998,18.586172278999584,01c1f36fdcfb6f9c94a079cf38f38be6ed21df60c4bbde7df860ced8ae0cdf17
posttrain_pnp_novel_from_placemat_to_tieredshelf,tabletop,base,posttrain_pnp_novel_from_placemat_to_tieredshelf__seed00000,0,0,45,3.74898012902122,19.331236102007097,364bbde180b363b88832a89e5db86474432bbc2164c2901ec7a8679468b6357c
posttrain_pnp_novel_from_placemat_to_tieredshelf,tabletop,base,posttrain_pnp_novel_from_placemat_to_tieredshelf__seed00001,1,0,45,3.758070619078353,19.36306745102047,364bbde180b363b88832a89e5db86474432bbc2164c2901ec7a8679468b6357c
posttrain_pnp_novel_from_placemat_to_tieredshelf,tabletop,base,posttrain_pnp_novel_from_placemat_to_tieredshelf__seed00002,2,1,45,3.7421804670011625,18.564708161982708,364bbde180b363b88832a89e5db86474432bbc2164c2901ec7a8679468b6357c
posttrain_pnp_novel_from_placemat_to_tieredshelf,tabletop,base,posttrain_pnp_novel_from_placemat_to_tieredshelf__seed00003,3,0,45,3.7500928600493353,20.97376713200356,364bbde180b363b88832a89e5db86474432bbc2164c2901ec7a8679468b6357c
posttrain_pnp_novel_from_placemat_to_tieredshelf,tabletop,base,posttrain_pnp_novel_from_placemat_to_tieredshelf__seed00004,4,1,45,3.7363929870771244,25.42354084001272,364bbde180b363b88832a89e5db86474432bbc2164c2901ec7a8679468b6357c
posttrain_pnp_novel_from_placemat_to_tieredshelf,tabletop,base,posttrain_pnp_novel_from_placemat_to_tieredshelf__seed00005,5,1,45,3.7274562509555835,20.50851421401603,364bbde180b363b88832a89e5db86474432bbc2164c2901ec7a8679468b6357c
posttrain_pnp_novel_from_placemat_to_tieredshelf,tabletop,base,posttrain_pnp_novel_from_placemat_to_tieredshelf__seed00006,6,1,45,3.7501770000963006,20.812681341019925,364bbde180b363b88832a89e5db86474432bbc2164c2901ec7a8679468b6357c
posttrain_pnp_novel_from_placemat_to_tieredshelf,tabletop,base,posttrain_pnp_novel_from_placemat_to_tieredshelf__seed00007,7,0,45,3.758235217042966,20.072065832006047,364bbde180b363b88832a89e5db86474432bbc2164c2901ec7a8679468b6357c
posttrain_pnp_novel_from_placemat_to_tieredshelf,tabletop,base,posttrain_pnp_novel_from_placemat_to_tieredshelf__seed00008,8,0,45,3.7773759760311805,20.47743639399414,364bbde180b363b88832a89e5db86474432bbc2164c2901ec7a8679468b6357c
posttrain_pnp_novel_from_placemat_to_tieredshelf,tabletop,base,posttrain_pnp_novel_from_placemat_to_tieredshelf__seed00009,9,0,45,3.760623572015902,21.715256547002355,364bbde180b363b88832a89e5db86474432bbc2164c2901ec7a8679468b6357c
posttrain_pnp_novel_from_placemat_to_tieredshelf,tabletop,base,posttrain_pnp_novel_from_placemat_to_tieredshelf__seed00010,10,0,45,3.7747191718954127,19.54867371401633,364bbde180b363b88832a89e5db86474432bbc2164c2901ec7a8679468b6357c
posttrain_pnp_novel_from_placemat_to_tieredshelf,tabletop,base,posttrain_pnp_novel_from_placemat_to_tieredshelf__seed00011,11,0,45,3.7767239900131244,18.812857109995093,364bbde180b363b88832a89e5db86474432bbc2164c2901ec7a8679468b6357c
posttrain_pnp_novel_from_placemat_to_tieredshelf,tabletop,base,posttrain_pnp_novel_from_placemat_to_tieredshelf__seed00012,12,0,45,3.7653293428884353,23.944568156992318,364bbde180b363b88832a89e5db86474432bbc2164c2901ec7a8679468b6357c
posttrain_pnp_novel_from_placemat_to_tieredshelf,tabletop,base,posttrain_pnp_novel_from_placemat_to_tieredshelf__seed00013,13,0,45,3.7536151919630356,18.751195043994812,364bbde180b363b88832a89e5db86474432bbc2164c2901ec7a8679468b6357c
posttrain_pnp_novel_from_placemat_to_tieredshelf,tabletop,base,posttrain_pnp_novel_from_placemat_to_tieredshelf__seed00014,14,1,45,3.7471343869692646,20.35685295899748,364bbde180b363b88832a89e5db86474432bbc2164c2901ec7a8679468b6357c
posttrain_pnp_novel_from_placemat_to_tieredshelf,tabletop,base,posttrain_pnp_novel_from_placemat_to_tieredshelf__seed00015,15,0,45,3.7583149170095567,23.17531489999965,364bbde180b363b88832a89e5db86474432bbc2164c2901ec7a8679468b6357c
posttrain_pnp_novel_from_placemat_to_tieredshelf,tabletop,base,posttrain_pnp_novel_from_placemat_to_tieredshelf__seed00016,16,0,45,3.759456150000915,20.72812069900101,364bbde180b363b88832a89e5db86474432bbc2164c2901ec7a8679468b6357c
posttrain_pnp_novel_from_placemat_to_tieredshelf,tabletop,base,posttrain_pnp_novel_from_placemat_to_tieredshelf__seed00017,17,0,45,3.735934157972224,26.361707952979486,364bbde180b363b88832a89e5db86474432bbc2164c2901ec7a8679468b6357c
posttrain_pnp_novel_from_placemat_to_tieredshelf,tabletop,base,posttrain_pnp_novel_from_placemat_to_tieredshelf__seed00018,18,0,45,3.7451472980028484,18.998417069989955,364bbde180b363b88832a89e5db86474432bbc2164c2901ec7a8679468b6357c
posttrain_pnp_novel_from_placemat_to_tieredshelf,tabletop,base,posttrain_pnp_novel_from_placemat_to_tieredshelf__seed00019,19,0,45,3.761806084046839,20.99386880698148,364bbde180b363b88832a89e5db86474432bbc2164c2901ec7a8679468b6357c
posttrain_pnp_novel_from_placemat_to_tieredshelf,tabletop,base,posttrain_pnp_novel_from_placemat_to_tieredshelf__seed00020,20,1,45,3.7644929199886974,27.691961719974643,364bbde180b363b88832a89e5db86474432bbc2164c2901ec7a8679468b6357c
posttrain_pnp_novel_from_placemat_to_tieredshelf,tabletop,base,posttrain_pnp_novel_from_placemat_to_tieredshelf__seed00021,21,0,45,3.7515634629526176,28.949149299005512,364bbde180b363b88832a89e5db86474432bbc2164c2901ec7a8679468b6357c
posttrain_pnp_novel_from_placemat_to_tieredshelf,tabletop,base,posttrain_pnp_novel_from_placemat_to_tieredshelf__seed00022,22,1,45,3.759075797017431,19.50658419399406,364bbde180b363b88832a89e5db86474432bbc2164c2901ec7a8679468b6357c
posttrain_pnp_novel_from_placemat_to_tieredshelf,tabletop,base,posttrain_pnp_novel_from_placemat_to_tieredshelf__seed00023,23,1,45,3.8100190900440793,20.849966130015673,364bbde180b363b88832a89e5db86474432bbc2164c2901ec7a8679468b6357c
posttrain_pnp_novel_from_placemat_to_tieredshelf,tabletop,base,posttrain_pnp_novel_from_placemat_to_tieredshelf__seed00024,24,0,45,3.7733661390957423,19.982329532998847,364bbde180b363b88832a89e5db86474432bbc2164c2901ec7a8679468b6357c
posttrain_pnp_novel_from_placemat_to_tieredshelf,tabletop,base,posttrain_pnp_novel_from_placemat_to_tieredshelf__seed00025,25,0,45,3.760365959140472,20.69477616698714,364bbde180b363b88832a89e5db86474432bbc2164c2901ec7a8679468b6357c
posttrain_pnp_novel_from_placemat_to_tieredshelf,tabletop,base,posttrain_pnp_novel_from_placemat_to_tieredshelf__seed00026,26,1,45,3.7825819599966053,21.448414999002125,364bbde180b363b88832a89e5db86474432bbc2164c2901ec7a8679468b6357c
posttrain_pnp_novel_from_placemat_to_tieredshelf,tabletop,base,posttrain_pnp_novel_from_placemat_to_tieredshelf__seed00027,27,0,45,3.7673445371328853,20.528824314009398,364bbde180b363b88832a89e5db86474432bbc2164c2901ec7a8679468b6357c
posttrain_pnp_novel_from_placemat_to_tieredshelf,tabletop,base,posttrain_pnp_novel_from_placemat_to_tieredshelf__seed00028,28,0,45,3.746918011078378,18.6764851330081,364bbde180b363b88832a89e5db86474432bbc2164c2901ec7a8679468b6357c
posttrain_pnp_novel_from_placemat_to_tieredshelf,tabletop,base,posttrain_pnp_novel_from_placemat_to_tieredshelf__seed00029,29,1,45,3.7292000658635516,20.623499476991128,364bbde180b363b88832a89e5db86474432bbc2164c2901ec7a8679468b6357c
posttrain_pnp_novel_from_placemat_to_tieredshelf,tabletop,base,posttrain_pnp_novel_from_placemat_to_tieredshelf__seed00030,30,0,45,3.770110912009841,21.490512511023553,364bbde180b363b88832a89e5db86474432bbc2164c2901ec7a8679468b6357c
posttrain_pnp_novel_from_placemat_to_tieredshelf,tabletop,base,posttrain_pnp_novel_from_placemat_to_tieredshelf__seed00031,31,0,45,3.748201404057909,19.13462493001134,364bbde180b363b88832a89e5db86474432bbc2164c2901ec7a8679468b6357c
posttrain_pnp_novel_from_placemat_to_tieredshelf,tabletop,base,posttrain_pnp_novel_from_placemat_to_tieredshelf__seed00032,32,0,45,3.756742314057192,18.4941203489725,364bbde180b363b88832a89e5db86474432bbc2164c2901ec7a8679468b6357c
posttrain_pnp_novel_from_placemat_to_tieredshelf,tabletop,base,posttrain_pnp_novel_from_placemat_to_tieredshelf__seed00033,33,1,45,3.7647267079155426,19.628117294982076,364bbde180b363b88832a89e5db86474432bbc2164c2901ec7a8679468b6357c
posttrain_pnp_novel_from_placemat_to_tieredshelf,tabletop,base,posttrain_pnp_novel_from_placemat_to_tieredshelf__seed00034,34,0,45,3.7680398321535904,25.235676949989283,364bbde180b363b88832a89e5db86474432bbc2164c2901ec7a8679468b6357c
posttrain_pnp_novel_from_placemat_to_tieredshelf,tabletop,base,posttrain_pnp_novel_from_placemat_to_tieredshelf__seed00035,35,1,45,3.7653298571531195,20.046890664991224,364bbde180b363b88832a89e5db86474432bbc2164c2901ec7a8679468b6357c
posttrain_pnp_novel_from_placemat_to_tieredshelf,tabletop,base,posttrain_pnp_novel_from_placemat_to_tieredshelf__seed00036,36,0,45,3.7792918761551846,20.25278246498783,364bbde180b363b88832a89e5db86474432bbc2164c2901ec7a8679468b6357c
posttrain_pnp_novel_from_placemat_to_tieredshelf,tabletop,base,posttrain_pnp_novel_from_placemat_to_tieredshelf__seed00037,37,0,45,3.768525923980633,20.615206996008055,364bbde180b363b88832a89e5db86474432bbc2164c2901ec7a8679468b6357c
posttrain_pnp_novel_from_placemat_to_tieredshelf,tabletop,base,posttrain_pnp_novel_from_placemat_to_tieredshelf__seed00038,38,1,45,3.7713410330179613,19.449749677994987,364bbde180b363b88832a89e5db86474432bbc2164c2901ec7a8679468b6357c
posttrain_pnp_novel_from_placemat_to_tieredshelf,tabletop,base,posttrain_pnp_novel_from_placemat_to_tieredshelf__seed00039,39,0,45,3.7673702380561735,26.214278667990584,364bbde180b363b88832a89e5db86474432bbc2164c2901ec7a8679468b6357c
posttrain_pnp_novel_from_placemat_to_tieredshelf,tabletop,base,posttrain_pnp_novel_from_placemat_to_tieredshelf__seed00040,40,0,45,3.7711313410836738,19.667159847012954,364bbde180b363b88832a89e5db86474432bbc2164c2901ec7a8679468b6357c
posttrain_pnp_novel_from_placemat_to_tieredshelf,tabletop,base,posttrain_pnp_novel_from_placemat_to_tieredshelf__seed00041,41,0,45,3.739261610113317,24.256014274986228,364bbde180b363b88832a89e5db86474432bbc2164c2901ec7a8679468b6357c
posttrain_pnp_novel_from_placemat_to_tieredshelf,tabletop,base,posttrain_pnp_novel_from_placemat_to_tieredshelf__seed00042,42,0,45,3.753700810018927,23.617902132013114,364bbde180b363b88832a89e5db86474432bbc2164c2901ec7a8679468b6357c
posttrain_pnp_novel_from_placemat_to_tieredshelf,tabletop,base,posttrain_pnp_novel_from_placemat_to_tieredshelf__seed00043,43,0,45,3.7454890198714565,27.706892076996155,364bbde180b363b88832a89e5db86474432bbc2164c2901ec7a8679468b6357c
posttrain_pnp_novel_from_placemat_to_tieredshelf,tabletop,base,posttrain_pnp_novel_from_placemat_to_tieredshelf__seed00044,44,0,45,3.7503906099009328,20.6880890080065,364bbde180b363b88832a89e5db86474432bbc2164c2901ec7a8679468b6357c
posttrain_pnp_novel_from_placemat_to_tieredshelf,tabletop,base,posttrain_pnp_novel_from_placemat_to_tieredshelf__seed00045,45,1,45,3.7541046760452446,18.62169255100889,364bbde180b363b88832a89e5db86474432bbc2164c2901ec7a8679468b6357c
posttrain_pnp_novel_from_placemat_to_tieredshelf,tabletop,base,posttrain_pnp_novel_from_placemat_to_tieredshelf__seed00046,46,0,45,3.743508849060163,19.87795821300824,364bbde180b363b88832a89e5db86474432bbc2164c2901ec7a8679468b6357c
posttrain_pnp_novel_from_placemat_to_tieredshelf,tabletop,base,posttrain_pnp_novel_from_placemat_to_tieredshelf__seed00047,47,0,45,3.756949173111934,17.506824717012933,364bbde180b363b88832a89e5db86474432bbc2164c2901ec7a8679468b6357c
posttrain_pnp_novel_from_placemat_to_tieredshelf,tabletop,base,posttrain_pnp_novel_from_placemat_to_tieredshelf__seed00048,48,0,45,3.753764614171814,21.922568932990544,364bbde180b363b88832a89e5db86474432bbc2164c2901ec7a8679468b6357c
posttrain_pnp_novel_from_placemat_to_tieredshelf,tabletop,base,posttrain_pnp_novel_from_placemat_to_tieredshelf__seed00049,49,0,45,3.757368083111942,20.703290129022207,364bbde180b363b88832a89e5db86474432bbc2164c2901ec7a8679468b6357c
posttrain_pnp_novel_from_plate_to_bowl,tabletop,base,posttrain_pnp_novel_from_plate_to_bowl__seed00000,0,1,45,8.528370601969073,24.242914361995645,e12183b0ba1eb420d8cfe97b6df9069e3f858d750c4f7168a72e89b5c232a75e
posttrain_pnp_novel_from_plate_to_bowl,tabletop,base,posttrain_pnp_novel_from_plate_to_bowl__seed00001,1,0,45,3.7413594509707764,19.620161947008455,e12183b0ba1eb420d8cfe97b6df9069e3f858d750c4f7168a72e89b5c232a75e
posttrain_pnp_novel_from_plate_to_bowl,tabletop,base,posttrain_pnp_novel_from_plate_to_bowl__seed00002,2,1,45,3.7440244869794697,19.284602357976837,e12183b0ba1eb420d8cfe97b6df9069e3f858d750c4f7168a72e89b5c232a75e
posttrain_pnp_novel_from_plate_to_bowl,tabletop,base,posttrain_pnp_novel_from_plate_to_bowl__seed00003,3,0,45,3.837538486113772,19.581553933006944,e12183b0ba1eb420d8cfe97b6df9069e3f858d750c4f7168a72e89b5c232a75e
posttrain_pnp_novel_from_plate_to_bowl,tabletop,base,posttrain_pnp_novel_from_plate_to_bowl__seed00004,4,0,45,3.7394927039567847,24.445136086986167,e12183b0ba1eb420d8cfe97b6df9069e3f858d750c4f7168a72e89b5c232a75e
posttrain_pnp_novel_from_plate_to_bowl,tabletop,base,posttrain_pnp_novel_from_plate_to_bowl__seed00005,5,1,45,3.7439152550068684,19.27968450100161,e12183b0ba1eb420d8cfe97b6df9069e3f858d750c4f7168a72e89b5c232a75e
posttrain_pnp_novel_from_plate_to_bowl,tabletop,base,posttrain_pnp_novel_from_plate_to_bowl__seed00006,6,0,45,3.757992091937922,20.039176086022053,e12183b0ba1eb420d8cfe97b6df9069e3f858d750c4f7168a72e89b5c232a75e
posttrain_pnp_novel_from_plate_to_bowl,tabletop,base,posttrain_pnp_novel_from_plate_to_bowl__seed00007,7,1,45,3.7478146920038853,19.219528846006142,e12183b0ba1eb420d8cfe97b6df9069e3f858d750c4f7168a72e89b5c232a75e
posttrain_pnp_novel_from_plate_to_bowl,tabletop,base,posttrain_pnp_novel_from_plate_to_bowl__seed00008,8,1,45,3.7383688939444255,19.238991080987034,e12183b0ba1eb420d8cfe97b6df9069e3f858d750c4f7168a72e89b5c232a75e
posttrain_pnp_novel_from_plate_to_bowl,tabletop,base,posttrain_pnp_novel_from_plate_to_bowl__seed00009,9,1,45,3.757866509113228,21.08177150398842,e12183b0ba1eb420d8cfe97b6df9069e3f858d750c4f7168a72e89b5c232a75e
posttrain_pnp_novel_from_plate_to_bowl,tabletop,base,posttrain_pnp_novel_from_plate_to_bowl__seed00010,10,0,45,3.772225740016438,20.539491181989433,e12183b0ba1eb420d8cfe97b6df9069e3f858d750c4f7168a72e89b5c232a75e
posttrain_pnp_novel_from_plate_to_bowl,tabletop,base,posttrain_pnp_novel_from_plate_to_bowl__seed00011,11,1,45,3.778178748092614,19.617154391977238,e12183b0ba1eb420d8cfe97b6df9069e3f858d750c4f7168a72e89b5c232a75e
posttrain_pnp_novel_from_plate_to_bowl,tabletop,base,posttrain_pnp_novel_from_plate_to_bowl__seed00012,12,1,45,3.779599693050841,20.34108184100478,e12183b0ba1eb420d8cfe97b6df9069e3f858d750c4f7168a72e89b5c232a75e
posttrain_pnp_novel_from_plate_to_bowl,tabletop,base,posttrain_pnp_novel_from_plate_to_bowl__seed00013,13,0,45,3.778074978123186,19.441082445002394,e12183b0ba1eb420d8cfe97b6df9069e3f858d750c4f7168a72e89b5c232a75e
posttrain_pnp_novel_from_plate_to_bowl,tabletop,base,posttrain_pnp_novel_from_plate_to_bowl__seed00014,14,0,45,3.7710674449335784,19.119673139997758,e12183b0ba1eb420d8cfe97b6df9069e3f858d750c4f7168a72e89b5c232a75e
posttrain_pnp_novel_from_plate_to_bowl,tabletop,base,posttrain_pnp_novel_from_plate_to_bowl__seed00015,15,0,45,3.7629017669241875,20.80114669800969,e12183b0ba1eb420d8cfe97b6df9069e3f858d750c4f7168a72e89b5c232a75e
posttrain_pnp_novel_from_plate_to_bowl,tabletop,base,posttrain_pnp_novel_from_plate_to_bowl__seed00016,16,0,45,3.763510718999896,20.942618306027725,e12183b0ba1eb420d8cfe97b6df9069e3f858d750c4f7168a72e89b5c232a75e
posttrain_pnp_novel_from_plate_to_bowl,tabletop,base,posttrain_pnp_novel_from_plate_to_bowl__seed00017,17,0,45,3.753828910063021,21.12975662399549,e12183b0ba1eb420d8cfe97b6df9069e3f858d750c4f7168a72e89b5c232a75e
posttrain_pnp_novel_from_plate_to_bowl,tabletop,base,posttrain_pnp_novel_from_plate_to_bowl__seed00018,18,1,45,3.7449961360543966,19.752945287997136,e12183b0ba1eb420d8cfe97b6df9069e3f858d750c4f7168a72e89b5c232a75e
posttrain_pnp_novel_from_plate_to_bowl,tabletop,base,posttrain_pnp_novel_from_plate_to_bowl__seed00019,19,1,45,3.7703314679092728,21.274826876004227,e12183b0ba1eb420d8cfe97b6df9069e3f858d750c4f7168a72e89b5c232a75e
posttrain_pnp_novel_from_plate_to_bowl,tabletop,base,posttrain_pnp_novel_from_plate_to_bowl__seed00020,20,1,45,3.729716589936288,24.87548300702474,e12183b0ba1eb420d8cfe97b6df9069e3f858d750c4f7168a72e89b5c232a75e
posttrain_pnp_novel_from_plate_to_bowl,tabletop,base,posttrain_pnp_novel_from_plate_to_bowl__seed00021,21,0,45,3.734352398052579,26.206477877974976,e12183b0ba1eb420d8cfe97b6df9069e3f858d750c4f7168a72e89b5c232a75e
posttrain_pnp_novel_from_plate_to_bowl,tabletop,base,posttrain_pnp_novel_from_plate_to_bowl__seed00022,22,1,45,3.745792483940022,18.340686063980684,e12183b0ba1eb420d8cfe97b6df9069e3f858d750c4f7168a72e89b5c232a75e
posttrain_pnp_novel_from_plate_to_bowl,tabletop,base,posttrain_pnp_novel_from_plate_to_bowl__seed00023,23,1,45,3.740844834886957,18.94987147799111,e12183b0ba1eb420d8cfe97b6df9069e3f858d750c4f7168a72e89b5c232a75e
posttrain_pnp_novel_from_plate_to_bowl,tabletop,base,posttrain_pnp_novel_from_plate_to_bowl__seed00024,24,0,45,3.84091122681275,20.484410615987144,e12183b0ba1eb420d8cfe97b6df9069e3f858d750c4f7168a72e89b5c232a75e
posttrain_pnp_novel_from_plate_to_bowl,tabletop,base,posttrain_pnp_novel_from_plate_to_bowl__seed00025,25,1,45,3.7828821449365932,21.1599727650173,e12183b0ba1eb420d8cfe97b6df9069e3f858d750c4f7168a72e89b5c232a75e
posttrain_pnp_novel_from_plate_to_bowl,tabletop,base,posttrain_pnp_novel_from_plate_to_bowl__seed00026,26,0,45,3.7592088701494504,18.972813202999532,e12183b0ba1eb420d8cfe97b6df9069e3f858d750c4f7168a72e89b5c232a75e
posttrain_pnp_novel_from_plate_to_bowl,tabletop,base,posttrain_pnp_novel_from_plate_to_bowl__seed00027,27,0,45,3.772466879890999,21.03912512998795,e12183b0ba1eb420d8cfe97b6df9069e3f858d750c4f7168a72e89b5c232a75e
posttrain_pnp_novel_from_plate_to_bowl,tabletop,base,posttrain_pnp_novel_from_plate_to_bowl__seed00028,28,1,45,3.7683374869520776,27.682044132990995,e12183b0ba1eb420d8cfe97b6df9069e3f858d750c4f7168a72e89b5c232a75e
posttrain_pnp_novel_from_plate_to_bowl,tabletop,base,posttrain_pnp_novel_from_plate_to_bowl__seed00029,29,0,45,3.7584646800823975,20.25194131900207,e12183b0ba1eb420d8cfe97b6df9069e3f858d750c4f7168a72e89b5c232a75e
posttrain_pnp_novel_from_plate_to_bowl,tabletop,base,posttrain_pnp_novel_from_plate_to_bowl__seed00030,30,1,45,3.766590452985838,19.62850411600084,e12183b0ba1eb420d8cfe97b6df9069e3f858d750c4f7168a72e89b5c232a75e
posttrain_pnp_novel_from_plate_to_bowl,tabletop,base,posttrain_pnp_novel_from_plate_to_bowl__seed00031,31,0,45,3.7456134849926457,22.162593421002384,e12183b0ba1eb420d8cfe97b6df9069e3f858d750c4f7168a72e89b5c232a75e
posttrain_pnp_novel_from_plate_to_bowl,tabletop,base,posttrain_pnp_novel_from_plate_to_bowl__seed00032,32,1,45,3.7351580430404283,18.992165729985572,e12183b0ba1eb420d8cfe97b6df9069e3f858d750c4f7168a72e89b5c232a75e
posttrain_pnp_novel_from_plate_to_bowl,tabletop,base,posttrain_pnp_novel_from_plate_to_bowl__seed00033,33,0,45,3.73537089387537,19.68759338700329,e12183b0ba1eb420d8cfe97b6df9069e3f858d750c4f7168a72e89b5c232a75e
posttrain_pnp_novel_from_plate_to_bowl,tabletop,base,posttrain_pnp_novel_from_plate_to_bowl__seed00034,34,1,45,3.750632893992588,22.11516572200344,e12183b0ba1eb420d8cfe97b6df9069e3f858d750c4f7168a72e89b5c232a75e
posttrain_pnp_novel_from_plate_to_bowl,tabletop,base,posttrain_pnp_novel_from_plate_to_bowl__seed00035,35,0,45,3.761620326025877,20.355386203998933,e12183b0ba1eb420d8cfe97b6df9069e3f858d750c4f7168a72e89b5c232a75e
posttrain_pnp_novel_from_plate_to_bowl,tabletop,base,posttrain_pnp_novel_from_plate_to_bowl__seed00036,36,0,45,3.7498770160600543,19.592585434002103,e12183b0ba1eb420d8cfe97b6df9069e3f858d750c4f7168a72e89b5c232a75e
posttrain_pnp_novel_from_plate_to_bowl,tabletop,base,posttrain_pnp_novel_from_plate_to_bowl__seed00037,37,0,45,3.7544037069019396,17.582324327988317,e12183b0ba1eb420d8cfe97b6df9069e3f858d750c4f7168a72e89b5c232a75e
posttrain_pnp_novel_from_plate_to_bowl,tabletop,base,posttrain_pnp_novel_from_plate_to_bowl__seed00038,38,0,45,3.7857613028609194,21.77005871498841,e12183b0ba1eb420d8cfe97b6df9069e3f858d750c4f7168a72e89b5c232a75e
posttrain_pnp_novel_from_plate_to_bowl,tabletop,base,posttrain_pnp_novel_from_plate_to_bowl__seed00039,39,1,45,3.7643316399189644,24.751851720997365,e12183b0ba1eb420d8cfe97b6df9069e3f858d750c4f7168a72e89b5c232a75e
posttrain_pnp_novel_from_plate_to_bowl,tabletop,base,posttrain_pnp_novel_from_plate_to_bowl__seed00040,40,0,45,3.776389037811896,18.276900271011982,e12183b0ba1eb420d8cfe97b6df9069e3f858d750c4f7168a72e89b5c232a75e
posttrain_pnp_novel_from_plate_to_bowl,tabletop,base,posttrain_pnp_novel_from_plate_to_bowl__seed00041,41,0,45,3.771274054015521,24.418553365016123,e12183b0ba1eb420d8cfe97b6df9069e3f858d750c4f7168a72e89b5c232a75e
posttrain_pnp_novel_from_plate_to_bowl,tabletop,base,posttrain_pnp_novel_from_plate_to_bowl__seed00042,42,0,45,3.758049829804804,19.878505864006,e12183b0ba1eb420d8cfe97b6df9069e3f858d750c4f7168a72e89b5c232a75e
posttrain_pnp_novel_from_plate_to_bowl,tabletop,base,posttrain_pnp_novel_from_plate_to_bowl__seed00043,43,1,45,3.7531454109121114,25.242812390002655,e12183b0ba1eb420d8cfe97b6df9069e3f858d750c4f7168a72e89b5c232a75e
posttrain_pnp_novel_from_plate_to_bowl,tabletop,base,posttrain_pnp_novel_from_plate_to_bowl__seed00044,44,0,45,3.75571939809015,24.37627894000616,e12183b0ba1eb420d8cfe97b6df9069e3f858d750c4f7168a72e89b5c232a75e
posttrain_pnp_novel_from_plate_to_bowl,tabletop,base,posttrain_pnp_novel_from_plate_to_bowl__seed00045,45,1,45,3.7467525429674424,19.041433433972998,e12183b0ba1eb420d8cfe97b6df9069e3f858d750c4f7168a72e89b5c232a75e
posttrain_pnp_novel_from_plate_to_bowl,tabletop,base,posttrain_pnp_novel_from_plate_to_bowl__seed00046,46,0,45,3.7750766098324675,20.095131510985084,e12183b0ba1eb420d8cfe97b6df9069e3f858d750c4f7168a72e89b5c232a75e
posttrain_pnp_novel_from_plate_to_bowl,tabletop,base,posttrain_pnp_novel_from_plate_to_bowl__seed00047,47,0,45,3.7531740549893584,18.714868864015443,e12183b0ba1eb420d8cfe97b6df9069e3f858d750c4f7168a72e89b5c232a75e
posttrain_pnp_novel_from_plate_to_bowl,tabletop,base,posttrain_pnp_novel_from_plate_to_bowl__seed00048,48,0,45,3.7428428340062965,19.120160845981445,e12183b0ba1eb420d8cfe97b6df9069e3f858d750c4f7168a72e89b5c232a75e
posttrain_pnp_novel_from_plate_to_bowl,tabletop,base,posttrain_pnp_novel_from_plate_to_bowl__seed00049,49,0,45,3.7468071959738154,21.41288406899548,e12183b0ba1eb420d8cfe97b6df9069e3f858d750c4f7168a72e89b5c232a75e
posttrain_pnp_novel_from_plate_to_cardboardbox,tabletop,base,posttrain_pnp_novel_from_plate_to_cardboardbox__seed00000,0,0,45,3.768075578933349,18.50343363400316,01c1f36fdcfb6f9c94a079cf38f38be6ed21df60c4bbde7df860ced8ae0cdf17
posttrain_pnp_novel_from_plate_to_cardboardbox,tabletop,base,posttrain_pnp_novel_from_plate_to_cardboardbox__seed00001,1,1,45,3.7481618951715063,18.82103149901377,01c1f36fdcfb6f9c94a079cf38f38be6ed21df60c4bbde7df860ced8ae0cdf17
posttrain_pnp_novel_from_plate_to_cardboardbox,tabletop,base,posttrain_pnp_novel_from_plate_to_cardboardbox__seed00002,2,0,45,3.7283315701351967,18.512621269008378,01c1f36fdcfb6f9c94a079cf38f38be6ed21df60c4bbde7df860ced8ae0cdf17
posttrain_pnp_novel_from_plate_to_cardboardbox,tabletop,base,posttrain_pnp_novel_from_plate_to_cardboardbox__seed00003,3,1,45,3.746130609040847,17.905864913976984,01c1f36fdcfb6f9c94a079cf38f38be6ed21df60c4bbde7df860ced8ae0cdf17
posttrain_pnp_novel_from_plate_to_cardboardbox,tabletop,base,posttrain_pnp_novel_from_plate_to_cardboardbox__seed00004,4,1,45,3.735949372057803,22.79080139499274,01c1f36fdcfb6f9c94a079cf38f38be6ed21df60c4bbde7df860ced8ae0cdf17
posttrain_pnp_novel_from_plate_to_cardboardbox,tabletop,base,posttrain_pnp_novel_from_plate_to_cardboardbox__seed00005,5,0,45,3.7448827190091833,19.11041171097895,01c1f36fdcfb6f9c94a079cf38f38be6ed21df60c4bbde7df860ced8ae0cdf17
posttrain_pnp_novel_from_plate_to_cardboardbox,tabletop,base,posttrain_pnp_novel_from_plate_to_cardboardbox__seed00006,6,0,45,3.742542538064299,17.41038986798958,01c1f36fdcfb6f9c94a079cf38f38be6ed21df60c4bbde7df860ced8ae0cdf17
posttrain_pnp_novel_from_plate_to_cardboardbox,tabletop,base,posttrain_pnp_novel_from_plate_to_cardboardbox__seed00007,7,0,45,3.738365225988673,18.24491864000447,01c1f36fdcfb6f9c94a079cf38f38be6ed21df60c4bbde7df860ced8ae0cdf17
posttrain_pnp_novel_from_plate_to_cardboardbox,tabletop,base,posttrain_pnp_novel_from_plate_to_cardboardbox__seed00008,8,0,45,3.7351199849217664,17.293502997985343,01c1f36fdcfb6f9c94a079cf38f38be6ed21df60c4bbde7df860ced8ae0cdf17
posttrain_pnp_novel_from_plate_to_cardboardbox,tabletop,base,posttrain_pnp_novel_from_plate_to_cardboardbox__seed00009,9,0,45,3.751774891919922,23.83369496301748,01c1f36fdcfb6f9c94a079cf38f38be6ed21df60c4bbde7df860ced8ae0cdf17
posttrain_pnp_novel_from_plate_to_cardboardbox,tabletop,base,posttrain_pnp_novel_from_plate_to_cardboardbox__seed00010,10,0,45,3.7471925540303346,17.820515556028113,01c1f36fdcfb6f9c94a079cf38f38be6ed21df60c4bbde7df860ced8ae0cdf17
posttrain_pnp_novel_from_plate_to_cardboardbox,tabletop,base,posttrain_pnp_novel_from_plate_to_cardboardbox__seed00011,11,0,45,3.74658182694111,18.15885016397806,01c1f36fdcfb6f9c94a079cf38f38be6ed21df60c4bbde7df860ced8ae0cdf17
posttrain_pnp_novel_from_plate_to_cardboardbox,tabletop,base,posttrain_pnp_novel_from_plate_to_cardboardbox__seed00012,12,0,45,3.7659892069059424,18.845977663004305,01c1f36fdcfb6f9c94a079cf38f38be6ed21df60c4bbde7df860ced8ae0cdf17
posttrain_pnp_novel_from_plate_to_cardboardbox,tabletop,base,posttrain_pnp_novel_from_plate_to_cardboardbox__seed00013,13,1,45,3.743931228935253,17.542600463988492,01c1f36fdcfb6f9c94a079cf38f38be6ed21df60c4bbde7df860ced8ae0cdf17
posttrain_pnp_novel_from_plate_to_cardboardbox,tabletop,base,posttrain_pnp_novel_from_plate_to_cardboardbox__seed00014,14,0,45,3.755817823985126,19.404718400997808,01c1f36fdcfb6f9c94a079cf38f38be6ed21df60c4bbde7df860ced8ae0cdf17
posttrain_pnp_novel_from_plate_to_cardboardbox,tabletop,base,posttrain_pnp_novel_from_plate_to_cardboardbox__seed00015,15,0,45,3.7699100268946495,19.06794085900765,01c1f36fdcfb6f9c94a079cf38f38be6ed21df60c4bbde7df860ced8ae0cdf17
posttrain_pnp_novel_from_plate_to_cardboardbox,tabletop,base,posttrain_pnp_novel_from_plate_to_cardboardbox__seed00016,16,0,45,3.742219591018511,20.066631647991017,01c1f36fdcfb6f9c94a079cf38f38be6ed21df60c4bbde7df860ced8ae0cdf17
posttrain_pnp_novel_from_plate_to_cardboardbox,tabletop,base,posttrain_pnp_novel_from_plate_to_cardboardbox__seed00017,17,0,45,3.742056867107749,19.315282637981,01c1f36fdcfb6f9c94a079cf38f38be6ed21df60c4bbde7df860ced8ae0cdf17
posttrain_pnp_novel_from_plate_to_cardboardbox,tabletop,base,posttrain_pnp_novel_from_plate_to_cardboardbox__seed00018,18,0,45,3.7481729150458705,17.82176537901978,01c1f36fdcfb6f9c94a079cf38f38be6ed21df60c4bbde7df860ced8ae0cdf17
posttrain_pnp_novel_from_plate_to_cardboardbox,tabletop,base,posttrain_pnp_novel_from_plate_to_cardboardbox__seed00019,19,0,45,3.7424187860742677,17.803373100992758,01c1f36fdcfb6f9c94a079cf38f38be6ed21df60c4bbde7df860ced8ae0cdf17
posttrain_pnp_novel_from_plate_to_cardboardbox,tabletop,base,posttrain_pnp_novel_from_plate_to_cardboardbox__seed00020,20,0,45,3.7437128029414453,18.115675506007392,01c1f36fdcfb6f9c94a079cf38f38be6ed21df60c4bbde7df860ced8ae0cdf17
posttrain_pnp_novel_from_plate_to_cardboardbox,tabletop,base,posttrain_pnp_novel_from_plate_to_cardboardbox__seed00021,21,0,45,3.7282283359672874,25.21180321800057,01c1f36fdcfb6f9c94a079cf38f38be6ed21df60c4bbde7df860ced8ae0cdf17
posttrain_pnp_novel_from_plate_to_cardboardbox,tabletop,base,posttrain_pnp_novel_from_plate_to_cardboardbox__seed00022,22,1,45,3.734683979972033,17.559069024020573,01c1f36fdcfb6f9c94a079cf38f38be6ed21df60c4bbde7df860ced8ae0cdf17
posttrain_pnp_novel_from_plate_to_cardboardbox,tabletop,base,posttrain_pnp_novel_from_plate_to_cardboardbox__seed00023,23,0,45,3.754292992030969,18.161866234993795,01c1f36fdcfb6f9c94a079cf38f38be6ed21df60c4bbde7df860ced8ae0cdf17
posttrain_pnp_novel_from_plate_to_cardboardbox,tabletop,base,posttrain_pnp_novel_from_plate_to_cardboardbox__seed00024,24,1,45,3.751169674069388,18.48677229700843,01c1f36fdcfb6f9c94a079cf38f38be6ed21df60c4bbde7df860ced8ae0cdf17
posttrain_pnp_novel_from_plate_to_cardboardbox,tabletop,base,posttrain_pnp_novel_from_plate_to_cardboardbox__seed00025,25,0,45,3.748857397993561,19.909132300002966,01c1f36fdcfb6f9c94a079cf38f38be6ed21df60c4bbde7df860ced8ae0cdf17
posttrain_pnp_novel_from_plate_to_cardboardbox,tabletop,base,posttrain_pnp_novel_from_plate_to_cardboardbox__seed00026,26,0,45,3.7438301109941676,18.75504557500244,01c1f36fdcfb6f9c94a079cf38f38be6ed21df60c4bbde7df860ced8ae0cdf17
posttrain_pnp_novel_from_plate_to_cardboardbox,tabletop,base,posttrain_pnp_novel_from_plate_to_cardboardbox__seed00027,27,0,45,3.7452790370734874,19.6057189469866,01c1f36fdcfb6f9c94a079cf38f38be6ed21df60c4bbde7df860ced8ae0cdf17
posttrain_pnp_novel_from_plate_to_cardboardbox,tabletop,base,posttrain_pnp_novel_from_plate_to_cardboardbox__seed00028,28,0,45,3.7643549530184828,17.91487405600492,01c1f36fdcfb6f9c94a079cf38f38be6ed21df60c4bbde7df860ced8ae0cdf17
posttrain_pnp_novel_from_plate_to_cardboardbox,tabletop,base,posttrain_pnp_novel_from_plate_to_cardboardbox__seed00029,29,0,45,3.75703016895568,21.920471265999367,01c1f36fdcfb6f9c94a079cf38f38be6ed21df60c4bbde7df860ced8ae0cdf17
posttrain_pnp_novel_from_plate_to_cardboardbox,tabletop,base,posttrain_pnp_novel_from_plate_to_cardboardbox__seed00030,30,1,45,3.784106416889699,17.842596115980996,01c1f36fdcfb6f9c94a079cf38f38be6ed21df60c4bbde7df860ced8ae0cdf17
posttrain_pnp_novel_from_plate_to_cardboardbox,tabletop,base,posttrain_pnp_novel_from_plate_to_cardboardbox__seed00031,31,0,45,3.7648394120042212,18.57513205500436,01c1f36fdcfb6f9c94a079cf38f38be6ed21df60c4bbde7df860ced8ae0cdf17
posttrain_pnp_novel_from_plate_to_cardboardbox,tabletop,base,posttrain_pnp_novel_from_plate_to_cardboardbox__seed00032,32,0,45,3.7637023909774143,17.919045294984244,01c1f36fdcfb6f9c94a079cf38f38be6ed21df60c4bbde7df860ced8ae0cdf17
posttrain_pnp_novel_from_plate_to_cardboardbox,tabletop,base,posttrain_pnp_novel_from_plate_to_cardboardbox__seed00033,33,0,45,3.7763382340490352,18.26118644498638,01c1f36fdcfb6f9c94a079cf38f38be6ed21df60c4bbde7df860ced8ae0cdf17
posttrain_pnp_novel_from_plate_to_cardboardbox,tabletop,base,posttrain_pnp_novel_from_plate_to_cardboardbox__seed00034,34,1,45,3.7650417069671676,22.816220114997122,01c1f36fdcfb6f9c94a079cf38f38be6ed21df60c4bbde7df860ced8ae0cdf17
posttrain_pnp_novel_from_plate_to_cardboardbox,tabletop,base,posttrain_pnp_novel_from_plate_to_cardboardbox__seed00035,35,0,45,3.745236470917007,18.811148950015195,01c1f36fdcfb6f9c94a079cf38f38be6ed21df60c4bbde7df860ced8ae0cdf17
posttrain_pnp_novel_from_plate_to_cardboardbox,tabletop,base,posttrain_pnp_novel_from_plate_to_cardboardbox__seed00036,36,0,45,3.7438079821004067,17.239717090997146,01c1f36fdcfb6f9c94a079cf38f38be6ed21df60c4bbde7df860ced8ae0cdf17
posttrain_pnp_novel_from_plate_to_cardboardbox,tabletop,base,posttrain_pnp_novel_from_plate_to_cardboardbox__seed00037,37,0,45,3.7520104551222175,17.666562019003322,01c1f36fdcfb6f9c94a079cf38f38be6ed21df60c4bbde7df860ced8ae0cdf17
posttrain_pnp_novel_from_plate_to_cardboardbox,tabletop,base,posttrain_pnp_novel_from_plate_to_cardboardbox__seed00038,38,1,45,3.7422328109678347,18.42214416700881,01c1f36fdcfb6f9c94a079cf38f38be6ed21df60c4bbde7df860ced8ae0cdf17
posttrain_pnp_novel_from_plate_to_cardboardbox,tabletop,base,posttrain_pnp_novel_from_plate_to_cardboardbox__seed00039,39,1,45,3.733865119982511,23.068648427986773,01c1f36fdcfb6f9c94a079cf38f38be6ed21df60c4bbde7df860ced8ae0cdf17
posttrain_pnp_novel_from_plate_to_cardboardbox,tabletop,base,posttrain_pnp_novel_from_plate_to_cardboardbox__seed00040,40,1,45,3.7467915429442655,16.99739031100762,01c1f36fdcfb6f9c94a079cf38f38be6ed21df60c4bbde7df860ced8ae0cdf17
posttrain_pnp_novel_from_plate_to_cardboardbox,tabletop,base,posttrain_pnp_novel_from_plate_to_cardboardbox__seed00041,41,0,45,3.751771127077518,22.553005335998023,01c1f36fdcfb6f9c94a079cf38f38be6ed21df60c4bbde7df860ced8ae0cdf17
posttrain_pnp_novel_from_plate_to_cardboardbox,tabletop,base,posttrain_pnp_novel_from_plate_to_cardboardbox__seed00042,42,1,45,3.731420444120886,19.16701520801871,01c1f36fdcfb6f9c94a079cf38f38be6ed21df60c4bbde7df860ced8ae0cdf17
posttrain_pnp_novel_from_plate_to_cardboardbox,tabletop,base,posttrain_pnp_novel_from_plate_to_cardboardbox__seed00043,43,0,45,3.7560734750295524,18.784247625997523,01c1f36fdcfb6f9c94a079cf38f38be6ed21df60c4bbde7df860ced8ae0cdf17
posttrain_pnp_novel_from_plate_to_cardboardbox,tabletop,base,posttrain_pnp_novel_from_plate_to_cardboardbox__seed00044,44,1,45,3.7389694119628984,17.168095441011246,01c1f36fdcfb6f9c94a079cf38f38be6ed21df60c4bbde7df860ced8ae0cdf17
posttrain_pnp_novel_from_plate_to_cardboardbox,tabletop,base,posttrain_pnp_novel_from_plate_to_cardboardbox__seed00045,45,0,45,3.7495039869390894,18.899757031991612,01c1f36fdcfb6f9c94a079cf38f38be6ed21df60c4bbde7df860ced8ae0cdf17
posttrain_pnp_novel_from_plate_to_cardboardbox,tabletop,base,posttrain_pnp_novel_from_plate_to_cardboardbox__seed00046,46,0,45,3.7640246019582264,18.546200676995795,01c1f36fdcfb6f9c94a079cf38f38be6ed21df60c4bbde7df860ced8ae0cdf17
posttrain_pnp_novel_from_plate_to_cardboardbox,tabletop,base,posttrain_pnp_novel_from_plate_to_cardboardbox__seed00047,47,1,45,3.7548367349954788,17.949927581998054,01c1f36fdcfb6f9c94a079cf38f38be6ed21df60c4bbde7df860ced8ae0cdf17
posttrain_pnp_novel_from_plate_to_cardboardbox,tabletop,base,posttrain_pnp_novel_from_plate_to_cardboardbox__seed00048,48,0,45,3.7690485039784107,18.664813426992623,01c1f36fdcfb6f9c94a079cf38f38be6ed21df60c4bbde7df860ced8ae0cdf17
posttrain_pnp_novel_from_plate_to_cardboardbox,tabletop,base,posttrain_pnp_novel_from_plate_to_cardboardbox__seed00049,49,0,45,3.77794375596568,19.44068798000808,01c1f36fdcfb6f9c94a079cf38f38be6ed21df60c4bbde7df860ced8ae0cdf17
posttrain_pnp_novel_from_plate_to_pan,tabletop,base,posttrain_pnp_novel_from_plate_to_pan__seed00000,0,1,45,3.733850685937796,17.930578925006557,01c1f36fdcfb6f9c94a079cf38f38be6ed21df60c4bbde7df860ced8ae0cdf17
posttrain_pnp_novel_from_plate_to_pan,tabletop,base,posttrain_pnp_novel_from_plate_to_pan__seed00001,1,1,45,3.7272561321151443,18.814357472991105,01c1f36fdcfb6f9c94a079cf38f38be6ed21df60c4bbde7df860ced8ae0cdf17
posttrain_pnp_novel_from_plate_to_pan,tabletop,base,posttrain_pnp_novel_from_plate_to_pan__seed00002,2,0,45,3.7340165239875205,17.979804905015044,01c1f36fdcfb6f9c94a079cf38f38be6ed21df60c4bbde7df860ced8ae0cdf17
posttrain_pnp_novel_from_plate_to_pan,tabletop,base,posttrain_pnp_novel_from_plate_to_pan__seed00003,3,1,45,3.763524175126804,18.5026291940012,01c1f36fdcfb6f9c94a079cf38f38be6ed21df60c4bbde7df860ced8ae0cdf17
posttrain_pnp_novel_from_plate_to_pan,tabletop,base,posttrain_pnp_novel_from_plate_to_pan__seed00004,4,0,45,3.7497057880973443,24.779906356998254,01c1f36fdcfb6f9c94a079cf38f38be6ed21df60c4bbde7df860ced8ae0cdf17
posttrain_pnp_novel_from_plate_to_pan,tabletop,base,posttrain_pnp_novel_from_plate_to_pan__seed00005,5,1,45,3.763989669008879,19.395287062012358,01c1f36fdcfb6f9c94a079cf38f38be6ed21df60c4bbde7df860ced8ae0cdf17
posttrain_pnp_novel_from_plate_to_pan,tabletop,base,posttrain_pnp_novel_from_plate_to_pan__seed00006,6,1,45,3.767561381071573,18.760797171999002,01c1f36fdcfb6f9c94a079cf38f38be6ed21df60c4bbde7df860ced8ae0cdf17
posttrain_pnp_novel_from_plate_to_pan,tabletop,base,posttrain_pnp_novel_from_plate_to_pan__seed00007,7,0,45,3.767918903089594,20.333067815983668,01c1f36fdcfb6f9c94a079cf38f38be6ed21df60c4bbde7df860ced8ae0cdf17
posttrain_pnp_novel_from_plate_to_pan,tabletop,base,posttrain_pnp_novel_from_plate_to_pan__seed00008,8,0,45,3.7697622090927325,19.047345875005703,01c1f36fdcfb6f9c94a079cf38f38be6ed21df60c4bbde7df860ced8ae0cdf17
posttrain_pnp_novel_from_plate_to_pan,tabletop,base,posttrain_pnp_novel_from_plate_to_pan__seed00009,9,0,45,3.776237064070301,23.545885835017543,01c1f36fdcfb6f9c94a079cf38f38be6ed21df60c4bbde7df860ced8ae0cdf17
posttrain_pnp_novel_from_plate_to_pan,tabletop,base,posttrain_pnp_novel_from_plate_to_pan__seed00010,10,0,45,3.73623933995259,18.32034876898979,01c1f36fdcfb6f9c94a079cf38f38be6ed21df60c4bbde7df860ced8ae0cdf17
posttrain_pnp_novel_from_plate_to_pan,tabletop,base,posttrain_pnp_novel_from_plate_to_pan__seed00011,11,0,45,3.7438488939369563,19.914769094000803,01c1f36fdcfb6f9c94a079cf38f38be6ed21df60c4bbde7df860ced8ae0cdf17
posttrain_pnp_novel_from_plate_to_pan,tabletop,base,posttrain_pnp_novel_from_plate_to_pan__seed00012,12,0,45,3.7351448310364503,19.73808805801673,01c1f36fdcfb6f9c94a079cf38f38be6ed21df60c4bbde7df860ced8ae0cdf17
posttrain_pnp_novel_from_plate_to_pan,tabletop,base,posttrain_pnp_novel_from_plate_to_pan__seed00013,13,0,45,3.7606599110295065,18.55507775399019,01c1f36fdcfb6f9c94a079cf38f38be6ed21df60c4bbde7df860ced8ae0cdf17
posttrain_pnp_novel_from_plate_to_pan,tabletop,base,posttrain_pnp_novel_from_plate_to_pan__seed00014,14,0,45,3.7432920119608752,19.53588130098069,01c1f36fdcfb6f9c94a079cf38f38be6ed21df60c4bbde7df860ced8ae0cdf17
posttrain_pnp_novel_from_plate_to_pan,tabletop,base,posttrain_pnp_novel_from_plate_to_pan__seed00015,15,0,45,3.7419068540330045,18.3362942179956,01c1f36fdcfb6f9c94a079cf38f38be6ed21df60c4bbde7df860ced8ae0cdf17
posttrain_pnp_novel_from_plate_to_pan,tabletop,base,posttrain_pnp_novel_from_plate_to_pan__seed00016,16,0,45,3.7610850769269746,20.415364504005993,01c1f36fdcfb6f9c94a079cf38f38be6ed21df60c4bbde7df860ced8ae0cdf17
posttrain_pnp_novel_from_plate_to_pan,tabletop,base,posttrain_pnp_novel_from_plate_to_pan__seed00017,17,1,45,3.7536756230401807,19.034245329006808,01c1f36fdcfb6f9c94a079cf38f38be6ed21df60c4bbde7df860ced8ae0cdf17
posttrain_pnp_novel_from_plate_to_pan,tabletop,base,posttrain_pnp_novel_from_plate_to_pan__seed00018,18,0,45,3.744275944918627,17.58651351201115,01c1f36fdcfb6f9c94a079cf38f38be6ed21df60c4bbde7df860ced8ae0cdf17
posttrain_pnp_novel_from_plate_to_pan,tabletop,base,posttrain_pnp_novel_from_plate_to_pan__seed00019,19,0,45,3.742819265986327,18.298135524004465,01c1f36fdcfb6f9c94a079cf38f38be6ed21df60c4bbde7df860ced8ae0cdf17
posttrain_pnp_novel_from_plate_to_pan,tabletop,base,posttrain_pnp_novel_from_plate_to_pan__seed00020,20,0,45,3.7451705921266694,18.47109994100174,01c1f36fdcfb6f9c94a079cf38f38be6ed21df60c4bbde7df860ced8ae0cdf17
posttrain_pnp_novel_from_plate_to_pan,tabletop,base,posttrain_pnp_novel_from_plate_to_pan__seed00021,21,1,45,3.7434434929746203,24.659278292994713,01c1f36fdcfb6f9c94a079cf38f38be6ed21df60c4bbde7df860ced8ae0cdf17
posttrain_pnp_novel_from_plate_to_pan,tabletop,base,posttrain_pnp_novel_from_plate_to_pan__seed00022,22,0,45,3.7447327880654484,17.45733175901114,01c1f36fdcfb6f9c94a079cf38f38be6ed21df60c4bbde7df860ced8ae0cdf17
posttrain_pnp_novel_from_plate_to_pan,tabletop,base,posttrain_pnp_novel_from_plate_to_pan__seed00023,23,0,45,3.7652514820510987,17.835111330990912,01c1f36fdcfb6f9c94a079cf38f38be6ed21df60c4bbde7df860ced8ae0cdf17
posttrain_pnp_novel_from_plate_to_pan,tabletop,base,posttrain_pnp_novel_from_plate_to_pan__seed00024,24,0,45,3.7659933469840325,19.21209128201008,01c1f36fdcfb6f9c94a079cf38f38be6ed21df60c4bbde7df860ced8ae0cdf17
posttrain_pnp_novel_from_plate_to_pan,tabletop,base,posttrain_pnp_novel_from_plate_to_pan__seed00025,25,1,45,3.7727274978824425,19.054728352988604,01c1f36fdcfb6f9c94a079cf38f38be6ed21df60c4bbde7df860ced8ae0cdf17
posttrain_pnp_novel_from_plate_to_pan,tabletop,base,posttrain_pnp_novel_from_plate_to_pan__seed00026,26,0,45,3.7572222729795612,18.17884155898355,01c1f36fdcfb6f9c94a079cf38f38be6ed21df60c4bbde7df860ced8ae0cdf17
posttrain_pnp_novel_from_plate_to_pan,tabletop,base,posttrain_pnp_novel_from_plate_to_pan__seed00027,27,0,45,3.7711233130830806,19.600310473993886,01c1f36fdcfb6f9c94a079cf38f38be6ed21df60c4bbde7df860ced8ae0cdf17
posttrain_pnp_novel_from_plate_to_pan,tabletop,base,posttrain_pnp_novel_from_plate_to_pan__seed00028,28,0,45,3.7504554070183076,17.433027453022078,01c1f36fdcfb6f9c94a079cf38f38be6ed21df60c4bbde7df860ced8ae0cdf17
posttrain_pnp_novel_from_plate_to_pan,tabletop,base,posttrain_pnp_novel_from_plate_to_pan__seed00029,29,1,45,3.727069370856043,19.997059715009527,01c1f36fdcfb6f9c94a079cf38f38be6ed21df60c4bbde7df860ced8ae0cdf17
posttrain_pnp_novel_from_plate_to_pan,tabletop,base,posttrain_pnp_novel_from_plate_to_pan__seed00030,30,0,45,3.7593718869320583,19.280645554012153,01c1f36fdcfb6f9c94a079cf38f38be6ed21df60c4bbde7df860ced8ae0cdf17
posttrain_pnp_novel_from_plate_to_pan,tabletop,base,posttrain_pnp_novel_from_plate_to_pan__seed00031,31,0,45,3.7384279198595323,16.917042387009133,01c1f36fdcfb6f9c94a079cf38f38be6ed21df60c4bbde7df860ced8ae0cdf17
posttrain_pnp_novel_from_plate_to_pan,tabletop,base,posttrain_pnp_novel_from_plate_to_pan__seed00032,32,0,45,3.748611944000004,18.775392105977517,01c1f36fdcfb6f9c94a079cf38f38be6ed21df60c4bbde7df860ced8ae0cdf17
posttrain_pnp_novel_from_plate_to_pan,tabletop,base,posttrain_pnp_novel_from_plate_to_pan__seed00033,33,1,45,3.74579819405335,17.775635221012635,01c1f36fdcfb6f9c94a079cf38f38be6ed21df60c4bbde7df860ced8ae0cdf17
posttrain_pnp_novel_from_plate_to_pan,tabletop,base,posttrain_pnp_novel_from_plate_to_pan__seed00034,34,1,45,3.7208671910047997,24.0191640839912,01c1f36fdcfb6f9c94a079cf38f38be6ed21df60c4bbde7df860ced8ae0cdf17
posttrain_pnp_novel_from_plate_to_pan,tabletop,base,posttrain_pnp_novel_from_plate_to_pan__seed00035,35,0,45,3.7389726978726685,18.40329375001602,01c1f36fdcfb6f9c94a079cf38f38be6ed21df60c4bbde7df860ced8ae0cdf17
posttrain_pnp_novel_from_plate_to_pan,tabletop,base,posttrain_pnp_novel_from_plate_to_pan__seed00036,36,0,45,3.7411922950705048,19.197109797998564,01c1f36fdcfb6f9c94a079cf38f38be6ed21df60c4bbde7df860ced8ae0cdf17
posttrain_pnp_novel_from_plate_to_pan,tabletop,base,posttrain_pnp_novel_from_plate_to_pan__seed00037,37,1,45,3.745788508094847,17.840777703007916,01c1f36fdcfb6f9c94a079cf38f38be6ed21df60c4bbde7df860ced8ae0cdf17
posttrain_pnp_novel_from_plate_to_pan,tabletop,base,posttrain_pnp_novel_from_plate_to_pan__seed00038,38,1,45,3.752726176957367,18.966067380999448,01c1f36fdcfb6f9c94a079cf38f38be6ed21df60c4bbde7df860ced8ae0cdf17
posttrain_pnp_novel_from_plate_to_pan,tabletop,base,posttrain_pnp_novel_from_plate_to_pan__seed00039,39,1,45,3.7419825769902673,24.22986642399337,01c1f36fdcfb6f9c94a079cf38f38be6ed21df60c4bbde7df860ced8ae0cdf17
posttrain_pnp_novel_from_plate_to_pan,tabletop,base,posttrain_pnp_novel_from_plate_to_pan__seed00040,40,0,45,3.749175692850258,17.96457715201541,01c1f36fdcfb6f9c94a079cf38f38be6ed21df60c4bbde7df860ced8ae0cdf17
posttrain_pnp_novel_from_plate_to_pan,tabletop,base,posttrain_pnp_novel_from_plate_to_pan__seed00041,41,0,45,3.764533310139086,24.772194155986654,01c1f36fdcfb6f9c94a079cf38f38be6ed21df60c4bbde7df860ced8ae0cdf17
posttrain_pnp_novel_from_plate_to_pan,tabletop,base,posttrain_pnp_novel_from_plate_to_pan__seed00042,42,1,45,3.768285875150468,19.666775608988246,01c1f36fdcfb6f9c94a079cf38f38be6ed21df60c4bbde7df860ced8ae0cdf17
posttrain_pnp_novel_from_plate_to_pan,tabletop,base,posttrain_pnp_novel_from_plate_to_pan__seed00043,43,0,45,3.7602068640990183,18.88772155798506,01c1f36fdcfb6f9c94a079cf38f38be6ed21df60c4bbde7df860ced8ae0cdf17
posttrain_pnp_novel_from_plate_to_pan,tabletop,base,posttrain_pnp_novel_from_plate_to_pan__seed00044,44,0,45,3.7478018310503103,17.42490509597701,01c1f36fdcfb6f9c94a079cf38f38be6ed21df60c4bbde7df860ced8ae0cdf17
posttrain_pnp_novel_from_plate_to_pan,tabletop,base,posttrain_pnp_novel_from_plate_to_pan__seed00045,45,0,45,3.755229285801761,18.920830132992705,01c1f36fdcfb6f9c94a079cf38f38be6ed21df60c4bbde7df860ced8ae0cdf17
posttrain_pnp_novel_from_plate_to_pan,tabletop,base,posttrain_pnp_novel_from_plate_to_pan__seed00046,46,1,45,3.743521688040346,18.865783390996512,01c1f36fdcfb6f9c94a079cf38f38be6ed21df60c4bbde7df860ced8ae0cdf17
posttrain_pnp_novel_from_plate_to_pan,tabletop,base,posttrain_pnp_novel_from_plate_to_pan__seed00047,47,0,45,3.735947582143126,18.155630452005425,01c1f36fdcfb6f9c94a079cf38f38be6ed21df60c4bbde7df860ced8ae0cdf17
posttrain_pnp_novel_from_plate_to_pan,tabletop,base,posttrain_pnp_novel_from_plate_to_pan__seed00048,48,0,45,3.741154917195672,18.146535862993915,01c1f36fdcfb6f9c94a079cf38f38be6ed21df60c4bbde7df860ced8ae0cdf17
posttrain_pnp_novel_from_plate_to_pan,tabletop,base,posttrain_pnp_novel_from_plate_to_pan__seed00049,49,0,45,3.731528301083017,19.074896965990774,01c1f36fdcfb6f9c94a079cf38f38be6ed21df60c4bbde7df860ced8ae0cdf17
posttrain_pnp_novel_from_plate_to_plate,tabletop,base,posttrain_pnp_novel_from_plate_to_plate__seed00000,0,0,45,3.7661295509606134,16.1773618409934,01c1f36fdcfb6f9c94a079cf38f38be6ed21df60c4bbde7df860ced8ae0cdf17
posttrain_pnp_novel_from_plate_to_plate,tabletop,base,posttrain_pnp_novel_from_plate_to_plate__seed00001,1,1,45,3.763113483961206,17.640561276988592,01c1f36fdcfb6f9c94a079cf38f38be6ed21df60c4bbde7df860ced8ae0cdf17
posttrain_pnp_novel_from_plate_to_plate,tabletop,base,posttrain_pnp_novel_from_plate_to_plate__seed00002,2,1,45,3.768558280891739,17.065704570995877,01c1f36fdcfb6f9c94a079cf38f38be6ed21df60c4bbde7df860ced8ae0cdf17
posttrain_pnp_novel_from_plate_to_plate,tabletop,base,posttrain_pnp_novel_from_plate_to_plate__seed00003,3,0,45,3.757322447898332,17.72347285001888,01c1f36fdcfb6f9c94a079cf38f38be6ed21df60c4bbde7df860ced8ae0cdf17
posttrain_pnp_novel_from_plate_to_plate,tabletop,base,posttrain_pnp_novel_from_plate_to_plate__seed00004,4,0,45,3.74804927103105,21.003814092982793,01c1f36fdcfb6f9c94a079cf38f38be6ed21df60c4bbde7df860ced8ae0cdf17
posttrain_pnp_novel_from_plate_to_plate,tabletop,base,posttrain_pnp_novel_from_plate_to_plate__seed00005,5,1,45,3.750979939068202,16.85172521698405,01c1f36fdcfb6f9c94a079cf38f38be6ed21df60c4bbde7df860ced8ae0cdf17
posttrain_pnp_novel_from_plate_to_plate,tabletop,base,posttrain_pnp_novel_from_plate_to_plate__seed00006,6,0,45,3.7406878450128715,16.511389577004593,01c1f36fdcfb6f9c94a079cf38f38be6ed21df60c4bbde7df860ced8ae0cdf17
posttrain_pnp_novel_from_plate_to_plate,tabletop,base,posttrain_pnp_novel_from_plate_to_plate__seed00007,7,1,45,3.748366949032061,16.943508413998643,01c1f36fdcfb6f9c94a079cf38f38be6ed21df60c4bbde7df860ced8ae0cdf17
posttrain_pnp_novel_from_plate_to_plate,tabletop,base,posttrain_pnp_novel_from_plate_to_plate__seed00008,8,1,45,3.7403347799845506,16.20839702800731,01c1f36fdcfb6f9c94a079cf38f38be6ed21df60c4bbde7df860ced8ae0cdf17
posttrain_pnp_novel_from_plate_to_plate,tabletop,base,posttrain_pnp_novel_from_plate_to_plate__seed00009,9,1,45,3.7380298449716065,17.693207639007596,01c1f36fdcfb6f9c94a079cf38f38be6ed21df60c4bbde7df860ced8ae0cdf17
posttrain_pnp_novel_from_plate_to_plate,tabletop,base,posttrain_pnp_novel_from_plate_to_plate__seed00010,10,0,45,3.7478457820252515,15.865886462997878,01c1f36fdcfb6f9c94a079cf38f38be6ed21df60c4bbde7df860ced8ae0cdf17
posttrain_pnp_novel_from_plate_to_plate,tabletop,base,posttrain_pnp_novel_from_plate_to_plate__seed00011,11,1,45,3.74505600813427,17.75239542199415,01c1f36fdcfb6f9c94a079cf38f38be6ed21df60c4bbde7df860ced8ae0cdf17
posttrain_pnp_novel_from_plate_to_plate,tabletop,base,posttrain_pnp_novel_from_plate_to_plate__seed00012,12,0,45,3.750718648923794,17.137391277006827,01c1f36fdcfb6f9c94a079cf38f38be6ed21df60c4bbde7df860ced8ae0cdf17
posttrain_pnp_novel_from_plate_to_plate,tabletop,base,posttrain_pnp_novel_from_plate_to_plate__seed00013,13,0,45,3.743877346016234,17.275668121001218,01c1f36fdcfb6f9c94a079cf38f38be6ed21df60c4bbde7df860ced8ae0cdf17
posttrain_pnp_novel_from_plate_to_plate,tabletop,base,posttrain_pnp_novel_from_plate_to_plate__seed00014,14,0,45,3.734054888947867,17.592213497002376,01c1f36fdcfb6f9c94a079cf38f38be6ed21df60c4bbde7df860ced8ae0cdf17
posttrain_pnp_novel_from_plate_to_plate,tabletop,base,posttrain_pnp_novel_from_plate_to_plate__seed00015,15,0,45,3.738578711898299,16.281913706014166,01c1f36fdcfb6f9c94a079cf38f38be6ed21df60c4bbde7df860ced8ae0cdf17
posttrain_pnp_novel_from_plate_to_plate,tabletop,base,posttrain_pnp_novel_from_plate_to_plate__seed00016,16,0,45,3.7558351670741104,16.538209024991374,01c1f36fdcfb6f9c94a079cf38f38be6ed21df60c4bbde7df860ced8ae0cdf17
posttrain_pnp_novel_from_plate_to_plate,tabletop,base,posttrain_pnp_novel_from_plate_to_plate__seed00017,17,0,45,3.736362682073377,17.81317664400558,01c1f36fdcfb6f9c94a079cf38f38be6ed21df60c4bbde7df860ced8ae0cdf17
posttrain_pnp_novel_from_plate_to_plate,tabletop,base,posttrain_pnp_novel_from_plate_to_plate__seed00018,18,0,45,3.7660212690534536,15.817809215019224,01c1f36fdcfb6f9c94a079cf38f38be6ed21df60c4bbde7df860ced8ae0cdf17
posttrain_pnp_novel_from_plate_to_plate,tabletop,base,posttrain_pnp_novel_from_plate_to_plate__seed00019,19,0,45,3.7701915979851037,15.829384412994841,01c1f36fdcfb6f9c94a079cf38f38be6ed21df60c4bbde7df860ced8ae0cdf17
posttrain_pnp_novel_from_plate_to_plate,tabletop,base,posttrain_pnp_novel_from_plate_to_plate__seed00020,20,1,45,3.7715900550829247,16.59272675900138,01c1f36fdcfb6f9c94a079cf38f38be6ed21df60c4bbde7df860ced8ae0cdf17
posttrain_pnp_novel_from_plate_to_plate,tabletop,base,posttrain_pnp_novel_from_plate_to_plate__seed00021,21,1,45,3.7711367420561146,19.051670137007022,01c1f36fdcfb6f9c94a079cf38f38be6ed21df60c4bbde7df860ced8ae0cdf17
posttrain_pnp_novel_from_plate_to_plate,tabletop,base,posttrain_pnp_novel_from_plate_to_plate__seed00022,22,0,45,3.7634350931912195,15.762765733001288,01c1f36fdcfb6f9c94a079cf38f38be6ed21df60c4bbde7df860ced8ae0cdf17
posttrain_pnp_novel_from_plate_to_plate,tabletop,base,posttrain_pnp_novel_from_plate_to_plate__seed00023,23,1,45,3.7535856350150425,15.925621182017494,01c1f36fdcfb6f9c94a079cf38f38be6ed21df60c4bbde7df860ced8ae0cdf17
posttrain_pnp_novel_from_plate_to_plate,tabletop,base,posttrain_pnp_novel_from_plate_to_plate__seed00024,24,1,45,3.7583542109350674,16.911130102002062,01c1f36fdcfb6f9c94a079cf38f38be6ed21df60c4bbde7df860ced8ae0cdf17
posttrain_pnp_novel_from_plate_to_plate,tabletop,base,posttrain_pnp_novel_from_plate_to_plate__seed00025,25,1,45,3.758691883063875,17.467534011986572,01c1f36fdcfb6f9c94a079cf38f38be6ed21df60c4bbde7df860ced8ae0cdf17
posttrain_pnp_novel_from_plate_to_plate,tabletop,base,posttrain_pnp_novel_from_plate_to_plate__seed00026,26,1,45,3.7372751749353483,17.07747592800297,01c1f36fdcfb6f9c94a079cf38f38be6ed21df60c4bbde7df860ced8ae0cdf17
posttrain_pnp_novel_from_plate_to_plate,tabletop,base,posttrain_pnp_novel_from_plate_to_plate__seed00027,27,1,45,3.732451216026675,18.015886318986304,01c1f36fdcfb6f9c94a079cf38f38be6ed21df60c4bbde7df860ced8ae0cdf17
posttrain_pnp_novel_from_plate_to_plate,tabletop,base,posttrain_pnp_novel_from_plate_to_plate__seed00028,28,1,45,3.732522152888123,16.356798779015662,01c1f36fdcfb6f9c94a079cf38f38be6ed21df60c4bbde7df860ced8ae0cdf17
posttrain_pnp_novel_from_plate_to_plate,tabletop,base,posttrain_pnp_novel_from_plate_to_plate__seed00029,29,1,45,3.746135605877498,18.149007911997614,01c1f36fdcfb6f9c94a079cf38f38be6ed21df60c4bbde7df860ced8ae0cdf17
posttrain_pnp_novel_from_plate_to_plate,tabletop,base,posttrain_pnp_novel_from_plate_to_plate__seed00030,30,0,45,3.749200380902039,16.659042685001623,01c1f36fdcfb6f9c94a079cf38f38be6ed21df60c4bbde7df860ced8ae0cdf17
posttrain_pnp_novel_from_plate_to_plate,tabletop,base,posttrain_pnp_novel_from_plate_to_plate__seed00031,31,1,45,3.7371139139286242,16.172524695983157,01c1f36fdcfb6f9c94a079cf38f38be6ed21df60c4bbde7df860ced8ae0cdf17
posttrain_pnp_novel_from_plate_to_plate,tabletop,base,posttrain_pnp_novel_from_plate_to_plate__seed00032,32,1,45,3.7072731809457764,17.17206071401597,01c1f36fdcfb6f9c94a079cf38f38be6ed21df60c4bbde7df860ced8ae0cdf17
posttrain_pnp_novel_from_plate_to_plate,tabletop,base,posttrain_pnp_novel_from_plate_to_plate__seed00033,33,1,45,3.7452816399745643,16.477248502982548,01c1f36fdcfb6f9c94a079cf38f38be6ed21df60c4bbde7df860ced8ae0cdf17
posttrain_pnp_novel_from_plate_to_plate,tabletop,base,posttrain_pnp_novel_from_plate_to_plate__seed00034,34,0,45,3.7438028900069185,17.114966822002316,01c1f36fdcfb6f9c94a079cf38f38be6ed21df60c4bbde7df860ced8ae0cdf17
posttrain_pnp_novel_from_plate_to_plate,tabletop,base,posttrain_pnp_novel_from_plate_to_plate__seed00035,35,1,45,3.74150722505874,16.988951177016133,01c1f36fdcfb6f9c94a079cf38f38be6ed21df60c4bbde7df860ced8ae0cdf17
posttrain_pnp_novel_from_plate_to_plate,tabletop,base,posttrain_pnp_novel_from_plate_to_plate__seed00036,36,0,45,3.7516555550100747,17.096093765983824,01c1f36fdcfb6f9c94a079cf38f38be6ed21df60c4bbde7df860ced8ae0cdf17
posttrain_pnp_novel_from_plate_to_plate,tabletop,base,posttrain_pnp_novel_from_plate_to_plate__seed00037,37,1,45,3.753481417952571,16.439236371021252,01c1f36fdcfb6f9c94a079cf38f38be6ed21df60c4bbde7df860ced8ae0cdf17
posttrain_pnp_novel_from_plate_to_plate,tabletop,base,posttrain_pnp_novel_from_plate_to_plate__seed00038,38,0,45,3.7609306410013232,18.529389595991233,01c1f36fdcfb6f9c94a079cf38f38be6ed21df60c4bbde7df860ced8ae0cdf17
posttrain_pnp_novel_from_plate_to_plate,tabletop,base,posttrain_pnp_novel_from_plate_to_plate__seed00039,39,0,45,3.7637396570062265,22.635100927000167,01c1f36fdcfb6f9c94a079cf38f38be6ed21df60c4bbde7df860ced8ae0cdf17
posttrain_pnp_novel_from_plate_to_plate,tabletop,base,posttrain_pnp_novel_from_plate_to_plate__seed00040,40,1,45,3.760873726918362,15.77007222600514,01c1f36fdcfb6f9c94a079cf38f38be6ed21df60c4bbde7df860ced8ae0cdf17
posttrain_pnp_novel_from_plate_to_plate,tabletop,base,posttrain_pnp_novel_from_plate_to_plate__seed00041,41,1,45,3.762414580996847,21.142946261999896,01c1f36fdcfb6f9c94a079cf38f38be6ed21df60c4bbde7df860ced8ae0cdf17
posttrain_pnp_novel_from_plate_to_plate,tabletop,base,posttrain_pnp_novel_from_plate_to_plate__seed00042,42,1,45,3.7528450850513764,18.423978699021973,01c1f36fdcfb6f9c94a079cf38f38be6ed21df60c4bbde7df860ced8ae0cdf17
posttrain_pnp_novel_from_plate_to_plate,tabletop,base,posttrain_pnp_novel_from_plate_to_plate__seed00043,43,1,45,3.7038583250250667,17.03699064301327,01c1f36fdcfb6f9c94a079cf38f38be6ed21df60c4bbde7df860ced8ae0cdf17
posttrain_pnp_novel_from_plate_to_plate,tabletop,base,posttrain_pnp_novel_from_plate_to_plate__seed00044,44,1,45,3.745905329094967,16.310401294002077,01c1f36fdcfb6f9c94a079cf38f38be6ed21df60c4bbde7df860ced8ae0cdf17
posttrain_pnp_novel_from_plate_to_plate,tabletop,base,posttrain_pnp_novel_from_plate_to_plate__seed00045,45,1,45,3.7453301018394995,16.646911810006713,01c1f36fdcfb6f9c94a079cf38f38be6ed21df60c4bbde7df860ced8ae0cdf17
posttrain_pnp_novel_from_plate_to_plate,tabletop,base,posttrain_pnp_novel_from_plate_to_plate__seed00046,46,0,45,3.7468881519453134,17.086798631004058,01c1f36fdcfb6f9c94a079cf38f38be6ed21df60c4bbde7df860ced8ae0cdf17
posttrain_pnp_novel_from_plate_to_plate,tabletop,base,posttrain_pnp_novel_from_plate_to_plate__seed00047,47,1,45,3.743989960057661,16.807596932980232,01c1f36fdcfb6f9c94a079cf38f38be6ed21df60c4bbde7df860ced8ae0cdf17
posttrain_pnp_novel_from_plate_to_plate,tabletop,base,posttrain_pnp_novel_from_plate_to_plate__seed00048,48,1,45,3.7476913470891304,16.48829132699757,01c1f36fdcfb6f9c94a079cf38f38be6ed21df60c4bbde7df860ced8ae0cdf17
posttrain_pnp_novel_from_plate_to_plate,tabletop,base,posttrain_pnp_novel_from_plate_to_plate__seed00049,49,1,45,3.739657668978907,17.01397447398631,01c1f36fdcfb6f9c94a079cf38f38be6ed21df60c4bbde7df860ced8ae0cdf17
posttrain_pnp_novel_from_tray_to_cardboardbox,tabletop,base,posttrain_pnp_novel_from_tray_to_cardboardbox__seed00000,0,0,45,3.7147046499012504,17.172589647991117,01c1f36fdcfb6f9c94a079cf38f38be6ed21df60c4bbde7df860ced8ae0cdf17
posttrain_pnp_novel_from_tray_to_cardboardbox,tabletop,base,posttrain_pnp_novel_from_tray_to_cardboardbox__seed00001,1,1,45,3.7226652989629656,17.29924904802465,01c1f36fdcfb6f9c94a079cf38f38be6ed21df60c4bbde7df860ced8ae0cdf17
posttrain_pnp_novel_from_tray_to_cardboardbox,tabletop,base,posttrain_pnp_novel_from_tray_to_cardboardbox__seed00002,2,0,45,3.746926575084217,22.1088407470088,01c1f36fdcfb6f9c94a079cf38f38be6ed21df60c4bbde7df860ced8ae0cdf17
posttrain_pnp_novel_from_tray_to_cardboardbox,tabletop,base,posttrain_pnp_novel_from_tray_to_cardboardbox__seed00003,3,0,45,3.7507905320380814,15.612851874990156,01c1f36fdcfb6f9c94a079cf38f38be6ed21df60c4bbde7df860ced8ae0cdf17
posttrain_pnp_novel_from_tray_to_cardboardbox,tabletop,base,posttrain_pnp_novel_from_tray_to_cardboardbox__seed00004,4,0,45,3.763744354888331,22.847661392996088,01c1f36fdcfb6f9c94a079cf38f38be6ed21df60c4bbde7df860ced8ae0cdf17
posttrain_pnp_novel_from_tray_to_cardboardbox,tabletop,base,posttrain_pnp_novel_from_tray_to_cardboardbox__seed00005,5,1,45,3.7653546701185405,17.57019046798814,01c1f36fdcfb6f9c94a079cf38f38be6ed21df60c4bbde7df860ced8ae0cdf17
posttrain_pnp_novel_from_tray_to_cardboardbox,tabletop,base,posttrain_pnp_novel_from_tray_to_cardboardbox__seed00006,6,0,45,3.7686303699738346,16.36543161800364,01c1f36fdcfb6f9c94a079cf38f38be6ed21df60c4bbde7df860ced8ae0cdf17
posttrain_pnp_novel_from_tray_to_cardboardbox,tabletop,base,posttrain_pnp_novel_from_tray_to_cardboardbox__seed00007,7,1,45,3.7608515791071113,16.496107257000403,01c1f36fdcfb6f9c94a079cf38f38be6ed21df60c4bbde7df860ced8ae0cdf17
posttrain_pnp_novel_from_tray_to_cardboardbox,tabletop,base,posttrain_pnp_novel_from_tray_to_cardboardbox__seed00008,8,1,45,3.759653465007432,16.83193956897594,01c1f36fdcfb6f9c94a079cf38f38be6ed21df60c4bbde7df860ced8ae0cdf17
posttrain_pnp_novel_from_tray_to_cardboardbox,tabletop,base,posttrain_pnp_novel_from_tray_to_cardboardbox__seed00009,9,0,45,3.7562696758832317,17.048573954001768,01c1f36fdcfb6f9c94a079cf38f38be6ed21df60c4bbde7df860ced8ae0cdf17
posttrain_pnp_novel_from_tray_to_cardboardbox,tabletop,base,posttrain_pnp_novel_from_tray_to_cardboardbox__seed00010,10,0,45,3.758083069929853,16.695623609994072,01c1f36fdcfb6f9c94a079cf38f38be6ed21df60c4bbde7df860ced8ae0cdf17
posttrain_pnp_novel_from_tray_to_cardboardbox,tabletop,base,posttrain_pnp_novel_from_tray_to_cardboardbox__seed00011,11,1,45,3.739110407012049,16.57776367297629,01c1f36fdcfb6f9c94a079cf38f38be6ed21df60c4bbde7df860ced8ae0cdf17
posttrain_pnp_novel_from_tray_to_cardboardbox,tabletop,base,posttrain_pnp_novel_from_tray_to_cardboardbox__seed00012,12,1,45,3.7256133499904536,22.123764563992154,01c1f36fdcfb6f9c94a079cf38f38be6ed21df60c4bbde7df860ced8ae0cdf17
posttrain_pnp_novel_from_tray_to_cardboardbox,tabletop,base,posttrain_pnp_novel_from_tray_to_cardboardbox__seed00013,13,0,45,3.7388727339566685,16.013418905000435,01c1f36fdcfb6f9c94a079cf38f38be6ed21df60c4bbde7df860ced8ae0cdf17
posttrain_pnp_novel_from_tray_to_cardboardbox,tabletop,base,posttrain_pnp_novel_from_tray_to_cardboardbox__seed00014,14,1,45,3.7266421940294094,17.307900115003577,01c1f36fdcfb6f9c94a079cf38f38be6ed21df60c4bbde7df860ced8ae0cdf17
posttrain_pnp_novel_from_tray_to_cardboardbox,tabletop,base,posttrain_pnp_novel_from_tray_to_cardboardbox__seed00015,15,1,45,3.755057801899966,22.690289947990095,01c1f36fdcfb6f9c94a079cf38f38be6ed21df60c4bbde7df860ced8ae0cdf17
posttrain_pnp_novel_from_tray_to_cardboardbox,tabletop,base,posttrain_pnp_novel_from_tray_to_cardboardbox__seed00016,16,0,45,3.733003145112889,16.31857994099846,01c1f36fdcfb6f9c94a079cf38f38be6ed21df60c4bbde7df860ced8ae0cdf17
posttrain_pnp_novel_from_tray_to_cardboardbox,tabletop,base,posttrain_pnp_novel_from_tray_to_cardboardbox__seed00017,17,0,45,3.731627229077276,18.025282593007432,01c1f36fdcfb6f9c94a079cf38f38be6ed21df60c4bbde7df860ced8ae0cdf17
posttrain_pnp_novel_from_tray_to_cardboardbox,tabletop,base,posttrain_pnp_novel_from_tray_to_cardboardbox__seed00018,18,1,45,3.7327991170750465,17.095162347977748,01c1f36fdcfb6f9c94a079cf38f38be6ed21df60c4bbde7df860ced8ae0cdf17
posttrain_pnp_novel_from_tray_to_cardboardbox,tabletop,base,posttrain_pnp_novel_from_tray_to_cardboardbox__seed00019,19,1,45,3.733382543985499,17.14698737001163,01c1f36fdcfb6f9c94a079cf38f38be6ed21df60c4bbde7df860ced8ae0cdf17
posttrain_pnp_novel_from_tray_to_cardboardbox,tabletop,base,posttrain_pnp_novel_from_tray_to_cardboardbox__seed00020,20,1,45,3.7536128319916315,16.697335106990067,01c1f36fdcfb6f9c94a079cf38f38be6ed21df60c4bbde7df860ced8ae0cdf17
posttrain_pnp_novel_from_tray_to_cardboardbox,tabletop,base,posttrain_pnp_novel_from_tray_to_cardboardbox__seed00021,21,0,45,3.7488370630017016,17.840103554015514,01c1f36fdcfb6f9c94a079cf38f38be6ed21df60c4bbde7df860ced8ae0cdf17
posttrain_pnp_novel_from_tray_to_cardboardbox,tabletop,base,posttrain_pnp_novel_from_tray_to_cardboardbox__seed00022,22,1,45,3.7480872340674978,17.48706281700288,01c1f36fdcfb6f9c94a079cf38f38be6ed21df60c4bbde7df860ced8ae0cdf17
posttrain_pnp_novel_from_tray_to_cardboardbox,tabletop,base,posttrain_pnp_novel_from_tray_to_cardboardbox__seed00023,23,0,45,3.7273414389928803,15.610041095002089,01c1f36fdcfb6f9c94a079cf38f38be6ed21df60c4bbde7df860ced8ae0cdf17
posttrain_pnp_novel_from_tray_to_cardboardbox,tabletop,base,posttrain_pnp_novel_from_tray_to_cardboardbox__seed00024,24,0,45,3.75297186410171,16.004712091002148,01c1f36fdcfb6f9c94a079cf38f38be6ed21df60c4bbde7df860ced8ae0cdf17
posttrain_pnp_novel_from_tray_to_cardboardbox,tabletop,base,posttrain_pnp_novel_from_tray_to_cardboardbox__seed00025,25,0,45,3.769944435043726,16.569453358999453,01c1f36fdcfb6f9c94a079cf38f38be6ed21df60c4bbde7df860ced8ae0cdf17
posttrain_pnp_novel_from_tray_to_cardboardbox,tabletop,base,posttrain_pnp_novel_from_tray_to_cardboardbox__seed00026,26,1,45,3.7735394489427563,16.925431236013537,01c1f36fdcfb6f9c94a079cf38f38be6ed21df60c4bbde7df860ced8ae0cdf17
posttrain_pnp_novel_from_tray_to_cardboardbox,tabletop,base,posttrain_pnp_novel_from_tray_to_cardboardbox__seed00027,27,0,45,3.764166878943797,20.813706112006912,01c1f36fdcfb6f9c94a079cf38f38be6ed21df60c4bbde7df860ced8ae0cdf17
posttrain_pnp_novel_from_tray_to_cardboardbox,tabletop,base,posttrain_pnp_novel_from_tray_to_cardboardbox__seed00028,28,1,45,3.7682067138666753,16.90083198598586,01c1f36fdcfb6f9c94a079cf38f38be6ed21df60c4bbde7df860ced8ae0cdf17
posttrain_pnp_novel_from_tray_to_cardboardbox,tabletop,base,posttrain_pnp_novel_from_tray_to_cardboardbox__seed00029,29,1,45,3.738350727886427,17.51603290901403,01c1f36fdcfb6f9c94a079cf38f38be6ed21df60c4bbde7df860ced8ae0cdf17
posttrain_pnp_novel_from_tray_to_cardboardbox,tabletop,base,posttrain_pnp_novel_from_tray_to_cardboardbox__seed00030,30,0,45,3.7530548429931514,16.301132557011442,01c1f36fdcfb6f9c94a079cf38f38be6ed21df60c4bbde7df860ced8ae0cdf17
posttrain_pnp_novel_from_tray_to_cardboardbox,tabletop,base,posttrain_pnp_novel_from_tray_to_cardboardbox__seed00031,31,0,45,3.7393134099256713,16.673683207976865,01c1f36fdcfb6f9c94a079cf38f38be6ed21df60c4bbde7df860ced8ae0cdf17
posttrain_pnp_novel_from_tray_to_cardboardbox,tabletop,base,posttrain_pnp_novel_from_tray_to_cardboardbox__seed00032,32,1,45,3.7368787979357876,16.35639850300504,01c1f36fdcfb6f9c94a079cf38f38be6ed21df60c4bbde7df860ced8ae0cdf17
posttrain_pnp_novel_from_tray_to_cardboardbox,tabletop,base,posttrain_pnp_novel_from_tray_to_cardboardbox__seed00033,33,1,45,3.737900366046233,16.157765468989965,01c1f36fdcfb6f9c94a079cf38f38be6ed21df60c4bbde7df860ced8ae0cdf17
posttrain_pnp_novel_from_tray_to_cardboardbox,tabletop,base,posttrain_pnp_novel_from_tray_to_cardboardbox__seed00034,34,0,45,3.7159531660436187,17.40242550399853,01c1f36fdcfb6f9c94a079cf38f38be6ed21df60c4bbde7df860ced8ae0cdf17
posttrain_pnp_novel_from_tray_to_cardboardbox,tabletop,base,posttrain_pnp_novel_from_tray_to_cardboardbox__seed00035,35,0,45,3.738262640108587,16.386539086000994,01c1f36fdcfb6f9c94a079cf38f38be6ed21df60c4bbde7df860ced8ae0cdf17
posttrain_pnp_novel_from_tray_to_cardboardbox,tabletop,base,posttrain_pnp_novel_from_tray_to_cardboardbox__seed00036,36,0,45,3.727917540934868,20.874796780000906,01c1f36fdcfb6f9c94a079cf38f38be6ed21df60c4bbde7df860ced8ae0cdf17
posttrain_pnp_novel_from_tray_to_cardboardbox,tabletop,base,posttrain_pnp_novel_from_tray_to_cardboardbox__seed00037,37,1,45,3.738854745053686,16.189620580989867,01c1f36fdcfb6f9c94a079cf38f38be6ed21df60c4bbde7df860ced8ae0cdf17
posttrain_pnp_novel_from_tray_to_cardboardbox,tabletop,base,posttrain_pnp_novel_from_tray_to_cardboardbox__seed00038,38,0,45,3.738276947027771,16.1809014500177,01c1f36fdcfb6f9c94a079cf38f38be6ed21df60c4bbde7df860ced8ae0cdf17
posttrain_pnp_novel_from_tray_to_cardboardbox,tabletop,base,posttrain_pnp_novel_from_tray_to_cardboardbox__seed00039,39,1,45,3.742537444079062,21.587146792007843,01c1f36fdcfb6f9c94a079cf38f38be6ed21df60c4bbde7df860ced8ae0cdf17
posttrain_pnp_novel_from_tray_to_cardboardbox,tabletop,base,posttrain_pnp_novel_from_tray_to_cardboardbox__seed00040,40,0,45,3.739764075988205,16.50043458698201,01c1f36fdcfb6f9c94a079cf38f38be6ed21df60c4bbde7df860ced8ae0cdf17
posttrain_pnp_novel_from_tray_to_cardboardbox,tabletop,base,posttrain_pnp_novel_from_tray_to_cardboardbox__seed00041,41,0,45,3.7628666330710985,20.682012824021513,01c1f36fdcfb6f9c94a079cf38f38be6ed21df60c4bbde7df860ced8ae0cdf17
posttrain_pnp_novel_from_tray_to_cardboardbox,tabletop,base,posttrain_pnp_novel_from_tray_to_cardboardbox__seed00042,42,1,45,3.757957885041833,19.05081799501204,01c1f36fdcfb6f9c94a079cf38f38be6ed21df60c4bbde7df860ced8ae0cdf17
posttrain_pnp_novel_from_tray_to_cardboardbox,tabletop,base,posttrain_pnp_novel_from_tray_to_cardboardbox__seed00043,43,0,45,3.750082530954387,17.580780838994542,01c1f36fdcfb6f9c94a079cf38f38be6ed21df60c4bbde7df860ced8ae0cdf17
posttrain_pnp_novel_from_tray_to_cardboardbox,tabletop,base,posttrain_pnp_novel_from_tray_to_cardboardbox__seed00044,44,1,45,3.7504611249896698,16.316807258001063,01c1f36fdcfb6f9c94a079cf38f38be6ed21df60c4bbde7df860ced8ae0cdf17
posttrain_pnp_novel_from_tray_to_cardboardbox,tabletop,base,posttrain_pnp_novel_from_tray_to_cardboardbox__seed00045,45,1,45,3.7653440388967283,17.14057322399458,01c1f36fdcfb6f9c94a079cf38f38be6ed21df60c4bbde7df860ced8ae0cdf17
posttrain_pnp_novel_from_tray_to_cardboardbox,tabletop,base,posttrain_pnp_novel_from_tray_to_cardboardbox__seed00046,46,0,45,3.7553596700599883,17.874241201992845,01c1f36fdcfb6f9c94a079cf38f38be6ed21df60c4bbde7df860ced8ae0cdf17
posttrain_pnp_novel_from_tray_to_cardboardbox,tabletop,base,posttrain_pnp_novel_from_tray_to_cardboardbox__seed00047,47,1,45,3.756087653018767,17.26044821998221,01c1f36fdcfb6f9c94a079cf38f38be6ed21df60c4bbde7df860ced8ae0cdf17
posttrain_pnp_novel_from_tray_to_cardboardbox,tabletop,base,posttrain_pnp_novel_from_tray_to_cardboardbox__seed00048,48,1,45,3.7430347930057906,17.472346316993935,01c1f36fdcfb6f9c94a079cf38f38be6ed21df60c4bbde7df860ced8ae0cdf17
posttrain_pnp_novel_from_tray_to_cardboardbox,tabletop,base,posttrain_pnp_novel_from_tray_to_cardboardbox__seed00049,49,0,45,3.7430247109441552,17.01332630298566,01c1f36fdcfb6f9c94a079cf38f38be6ed21df60c4bbde7df860ced8ae0cdf17
posttrain_pnp_novel_from_tray_to_plate,tabletop,base,posttrain_pnp_novel_from_tray_to_plate__seed00000,0,0,45,3.7284772801212966,17.37078243799624,01c1f36fdcfb6f9c94a079cf38f38be6ed21df60c4bbde7df860ced8ae0cdf17
posttrain_pnp_novel_from_tray_to_plate,tabletop,base,posttrain_pnp_novel_from_tray_to_plate__seed00001,1,0,45,3.7507487979892176,20.078042317007203,01c1f36fdcfb6f9c94a079cf38f38be6ed21df60c4bbde7df860ced8ae0cdf17
posttrain_pnp_novel_from_tray_to_plate,tabletop,base,posttrain_pnp_novel_from_tray_to_plate__seed00002,2,0,45,3.7439620969234966,20.35688702799962,01c1f36fdcfb6f9c94a079cf38f38be6ed21df60c4bbde7df860ced8ae0cdf17
posttrain_pnp_novel_from_tray_to_plate,tabletop,base,posttrain_pnp_novel_from_tray_to_plate__seed00003,3,0,45,3.749716459919,17.606567276001442,01c1f36fdcfb6f9c94a079cf38f38be6ed21df60c4bbde7df860ced8ae0cdf17
posttrain_pnp_novel_from_tray_to_plate,tabletop,base,posttrain_pnp_novel_from_tray_to_plate__seed00004,4,0,45,3.7352581349841785,22.117389927996555,01c1f36fdcfb6f9c94a079cf38f38be6ed21df60c4bbde7df860ced8ae0cdf17
posttrain_pnp_novel_from_tray_to_plate,tabletop,base,posttrain_pnp_novel_from_tray_to_plate__seed00005,5,0,45,3.762209387990879,18.730470139998943,01c1f36fdcfb6f9c94a079cf38f38be6ed21df60c4bbde7df860ced8ae0cdf17
posttrain_pnp_novel_from_tray_to_plate,tabletop,base,posttrain_pnp_novel_from_tray_to_plate__seed00006,6,1,45,3.757436223095283,17.470001449022675,01c1f36fdcfb6f9c94a079cf38f38be6ed21df60c4bbde7df860ced8ae0cdf17
posttrain_pnp_novel_from_tray_to_plate,tabletop,base,posttrain_pnp_novel_from_tray_to_plate__seed00007,7,1,45,3.753650941129308,18.45702277001692,01c1f36fdcfb6f9c94a079cf38f38be6ed21df60c4bbde7df860ced8ae0cdf17
posttrain_pnp_novel_from_tray_to_plate,tabletop,base,posttrain_pnp_novel_from_tray_to_plate__seed00008,8,1,45,3.7629563298542053,17.130676998000126,01c1f36fdcfb6f9c94a079cf38f38be6ed21df60c4bbde7df860ced8ae0cdf17
posttrain_pnp_novel_from_tray_to_plate,tabletop,base,posttrain_pnp_novel_from_tray_to_plate__seed00009,9,0,45,3.778154667990748,19.618451321002794,01c1f36fdcfb6f9c94a079cf38f38be6ed21df60c4bbde7df860ced8ae0cdf17
posttrain_pnp_novel_from_tray_to_plate,tabletop,base,posttrain_pnp_novel_from_tray_to_plate__seed00010,10,1,45,3.7583120769122615,16.868919394008117,01c1f36fdcfb6f9c94a079cf38f38be6ed21df60c4bbde7df860ced8ae0cdf17
posttrain_pnp_novel_from_tray_to_plate,tabletop,base,posttrain_pnp_novel_from_tray_to_plate__seed00011,11,0,45,3.760846234858036,21.0254223140073,01c1f36fdcfb6f9c94a079cf38f38be6ed21df60c4bbde7df860ced8ae0cdf17
posttrain_pnp_novel_from_tray_to_plate,tabletop,base,posttrain_pnp_novel_from_tray_to_plate__seed00012,12,0,45,3.756243230920518,22.57745860799332,01c1f36fdcfb6f9c94a079cf38f38be6ed21df60c4bbde7df860ced8ae0cdf17
posttrain_pnp_novel_from_tray_to_plate,tabletop,base,posttrain_pnp_novel_from_tray_to_plate__seed00013,13,0,45,3.7615992539504077,18.38944246599567,01c1f36fdcfb6f9c94a079cf38f38be6ed21df60c4bbde7df860ced8ae0cdf17
posttrain_pnp_novel_from_tray_to_plate,tabletop,base,posttrain_pnp_novel_from_tray_to_plate__seed00014,14,1,45,3.753932657011319,18.682558720000088,01c1f36fdcfb6f9c94a079cf38f38be6ed21df60c4bbde7df860ced8ae0cdf17
posttrain_pnp_novel_from_tray_to_plate,tabletop,base,posttrain_pnp_novel_from_tray_to_plate__seed00015,15,0,45,3.744142365991138,19.030799625004875,01c1f36fdcfb6f9c94a079cf38f38be6ed21df60c4bbde7df860ced8ae0cdf17
posttrain_pnp_novel_from_tray_to_plate,tabletop,base,posttrain_pnp_novel_from_tray_to_plate__seed00016,16,1,45,3.7354958419746254,20.689784974005306,01c1f36fdcfb6f9c94a079cf38f38be6ed21df60c4bbde7df860ced8ae0cdf17
posttrain_pnp_novel_from_tray_to_plate,tabletop,base,posttrain_pnp_novel_from_tray_to_plate__seed00017,17,1,45,3.733104434038978,18.636341632984113,01c1f36fdcfb6f9c94a079cf38f38be6ed21df60c4bbde7df860ced8ae0cdf17
posttrain_pnp_novel_from_tray_to_plate,tabletop,base,posttrain_pnp_novel_from_tray_to_plate__seed00018,18,1,45,3.744646922015818,17.36554897300084,01c1f36fdcfb6f9c94a079cf38f38be6ed21df60c4bbde7df860ced8ae0cdf17
posttrain_pnp_novel_from_tray_to_plate,tabletop,base,posttrain_pnp_novel_from_tray_to_plate__seed00019,19,1,45,3.746047622145852,18.19641830699402,01c1f36fdcfb6f9c94a079cf38f38be6ed21df60c4bbde7df860ced8ae0cdf17
posttrain_pnp_novel_from_tray_to_plate,tabletop,base,posttrain_pnp_novel_from_tray_to_plate__seed00020,20,1,45,3.7500333131465595,18.03142441099044,01c1f36fdcfb6f9c94a079cf38f38be6ed21df60c4bbde7df860ced8ae0cdf17
posttrain_pnp_novel_from_tray_to_plate,tabletop,base,posttrain_pnp_novel_from_tray_to_plate__seed00021,21,0,45,3.7355851011234336,17.893620233022375,01c1f36fdcfb6f9c94a079cf38f38be6ed21df60c4bbde7df860ced8ae0cdf17
posttrain_pnp_novel_from_tray_to_plate,tabletop,base,posttrain_pnp_novel_from_tray_to_plate__seed00022,22,0,45,3.7610220650967676,19.15721277499688,01c1f36fdcfb6f9c94a079cf38f38be6ed21df60c4bbde7df860ced8ae0cdf17
posttrain_pnp_novel_from_tray_to_plate,tabletop,base,posttrain_pnp_novel_from_tray_to_plate__seed00023,23,1,45,3.7607850389904343,17.92077617000905,01c1f36fdcfb6f9c94a079cf38f38be6ed21df60c4bbde7df860ced8ae0cdf17
posttrain_pnp_novel_from_tray_to_plate,tabletop,base,posttrain_pnp_novel_from_tray_to_plate__seed00024,24,1,45,3.750632623938145,18.076207923004404,01c1f36fdcfb6f9c94a079cf38f38be6ed21df60c4bbde7df860ced8ae0cdf17
posttrain_pnp_novel_from_tray_to_plate,tabletop,base,posttrain_pnp_novel_from_tray_to_plate__seed00025,25,1,45,3.7710761520138476,18.880150726006832,01c1f36fdcfb6f9c94a079cf38f38be6ed21df60c4bbde7df860ced8ae0cdf17
posttrain_pnp_novel_from_tray_to_plate,tabletop,base,posttrain_pnp_novel_from_tray_to_plate__seed00026,26,1,45,3.7475520449806936,17.5882016219839,01c1f36fdcfb6f9c94a079cf38f38be6ed21df60c4bbde7df860ced8ae0cdf17
posttrain_pnp_novel_from_tray_to_plate,tabletop,base,posttrain_pnp_novel_from_tray_to_plate__seed00027,27,1,45,3.7708611849229783,20.685164184018504,01c1f36fdcfb6f9c94a079cf38f38be6ed21df60c4bbde7df860ced8ae0cdf17
posttrain_pnp_novel_from_tray_to_plate,tabletop,base,posttrain_pnp_novel_from_tray_to_plate__seed00028,28,0,45,3.7732524618622847,16.947264177986654,01c1f36fdcfb6f9c94a079cf38f38be6ed21df60c4bbde7df860ced8ae0cdf17
posttrain_pnp_novel_from_tray_to_plate,tabletop,base,posttrain_pnp_novel_from_tray_to_plate__seed00029,29,1,45,3.756778484035749,18.302954913000576,01c1f36fdcfb6f9c94a079cf38f38be6ed21df60c4bbde7df860ced8ae0cdf17
posttrain_pnp_novel_from_tray_to_plate,tabletop,base,posttrain_pnp_novel_from_tray_to_plate__seed00030,30,1,45,3.7559779189759865,17.100813288998324,01c1f36fdcfb6f9c94a079cf38f38be6ed21df60c4bbde7df860ced8ae0cdf17
posttrain_pnp_novel_from_tray_to_plate,tabletop,base,posttrain_pnp_novel_from_tray_to_plate__seed00031,31,0,45,3.744864489941392,18.069698790000984,01c1f36fdcfb6f9c94a079cf38f38be6ed21df60c4bbde7df860ced8ae0cdf17
posttrain_pnp_novel_from_tray_to_plate,tabletop,base,posttrain_pnp_novel_from_tray_to_plate__seed00032,32,1,45,3.7491370889765676,19.866126203996828,01c1f36fdcfb6f9c94a079cf38f38be6ed21df60c4bbde7df860ced8ae0cdf17
posttrain_pnp_novel_from_tray_to_plate,tabletop,base,posttrain_pnp_novel_from_tray_to_plate__seed00033,33,0,45,3.7415226679004263,18.466613958997186,01c1f36fdcfb6f9c94a079cf38f38be6ed21df60c4bbde7df860ced8ae0cdf17
posttrain_pnp_novel_from_tray_to_plate,tabletop,base,posttrain_pnp_novel_from_tray_to_plate__seed00034,34,1,45,3.7225280939019285,19.495402283006115,01c1f36fdcfb6f9c94a079cf38f38be6ed21df60c4bbde7df860ced8ae0cdf17
posttrain_pnp_novel_from_tray_to_plate,tabletop,base,posttrain_pnp_novel_from_tray_to_plate__seed00035,35,0,45,3.734539302124176,17.22345440101344,01c1f36fdcfb6f9c94a079cf38f38be6ed21df60c4bbde7df860ced8ae0cdf17
posttrain_pnp_novel_from_tray_to_plate,tabletop,base,posttrain_pnp_novel_from_tray_to_plate__seed00036,36,1,45,3.752659104997292,22.01479711898719,01c1f36fdcfb6f9c94a079cf38f38be6ed21df60c4bbde7df860ced8ae0cdf17
posttrain_pnp_novel_from_tray_to_plate,tabletop,base,posttrain_pnp_novel_from_tray_to_plate__seed00037,37,1,45,3.735558213054901,17.38388933800161,01c1f36fdcfb6f9c94a079cf38f38be6ed21df60c4bbde7df860ced8ae0cdf17
posttrain_pnp_novel_from_tray_to_plate,tabletop,base,posttrain_pnp_novel_from_tray_to_plate__seed00038,38,1,45,3.729592750984011,17.90369444398675,01c1f36fdcfb6f9c94a079cf38f38be6ed21df60c4bbde7df860ced8ae0cdf17
posttrain_pnp_novel_from_tray_to_plate,tabletop,base,posttrain_pnp_novel_from_tray_to_plate__seed00039,39,0,45,3.7450196739810053,22.036955306015443,01c1f36fdcfb6f9c94a079cf38f38be6ed21df60c4bbde7df860ced8ae0cdf17
posttrain_pnp_novel_from_tray_to_plate,tabletop,base,posttrain_pnp_novel_from_tray_to_plate__seed00040,40,0,45,3.7541638830152806,18.64068568899529,01c1f36fdcfb6f9c94a079cf38f38be6ed21df60c4bbde7df860ced8ae0cdf17
posttrain_pnp_novel_from_tray_to_plate,tabletop,base,posttrain_pnp_novel_from_tray_to_plate__seed00041,41,0,45,3.751666113967076,23.142328140005702,01c1f36fdcfb6f9c94a079cf38f38be6ed21df60c4bbde7df860ced8ae0cdf17
posttrain_pnp_novel_from_tray_to_plate,tabletop,base,posttrain_pnp_novel_from_tray_to_plate__seed00042,42,1,45,3.762222038960317,17.415016521990765,01c1f36fdcfb6f9c94a079cf38f38be6ed21df60c4bbde7df860ced8ae0cdf17
posttrain_pnp_novel_from_tray_to_plate,tabletop,base,posttrain_pnp_novel_from_tray_to_plate__seed00043,43,0,45,3.75752501792158,17.3530978350027,01c1f36fdcfb6f9c94a079cf38f38be6ed21df60c4bbde7df860ced8ae0cdf17
posttrain_pnp_novel_from_tray_to_plate,tabletop,base,posttrain_pnp_novel_from_tray_to_plate__seed00044,44,0,45,3.7533427318558097,18.890486340009375,01c1f36fdcfb6f9c94a079cf38f38be6ed21df60c4bbde7df860ced8ae0cdf17
posttrain_pnp_novel_from_tray_to_plate,tabletop,base,posttrain_pnp_novel_from_tray_to_plate__seed00045,45,0,45,3.7697072019800544,17.146219388989266,01c1f36fdcfb6f9c94a079cf38f38be6ed21df60c4bbde7df860ced8ae0cdf17
posttrain_pnp_novel_from_tray_to_plate,tabletop,base,posttrain_pnp_novel_from_tray_to_plate__seed00046,46,1,45,3.7565775039838627,18.06016189098591,01c1f36fdcfb6f9c94a079cf38f38be6ed21df60c4bbde7df860ced8ae0cdf17
posttrain_pnp_novel_from_tray_to_plate,tabletop,base,posttrain_pnp_novel_from_tray_to_plate__seed00047,47,0,45,3.7554536819807254,18.662504796986468,01c1f36fdcfb6f9c94a079cf38f38be6ed21df60c4bbde7df860ced8ae0cdf17
posttrain_pnp_novel_from_tray_to_plate,tabletop,base,posttrain_pnp_novel_from_tray_to_plate__seed00048,48,1,45,3.753014047979377,18.521018494997406,01c1f36fdcfb6f9c94a079cf38f38be6ed21df60c4bbde7df860ced8ae0cdf17
posttrain_pnp_novel_from_tray_to_plate,tabletop,base,posttrain_pnp_novel_from_tray_to_plate__seed00049,49,0,45,3.739285636052955,17.42712929699337,01c1f36fdcfb6f9c94a079cf38f38be6ed21df60c4bbde7df860ced8ae0cdf17
posttrain_pnp_novel_from_tray_to_pot,tabletop,base,posttrain_pnp_novel_from_tray_to_pot__seed00000,0,0,45,3.728561560041271,16.116045617003692,01c1f36fdcfb6f9c94a079cf38f38be6ed21df60c4bbde7df860ced8ae0cdf17
posttrain_pnp_novel_from_tray_to_pot,tabletop,base,posttrain_pnp_novel_from_tray_to_pot__seed00001,1,1,45,3.7424911999551114,17.220820254005957,01c1f36fdcfb6f9c94a079cf38f38be6ed21df60c4bbde7df860ced8ae0cdf17
posttrain_pnp_novel_from_tray_to_pot,tabletop,base,posttrain_pnp_novel_from_tray_to_pot__seed00002,2,0,45,3.7436531248968095,21.744165857991902,01c1f36fdcfb6f9c94a079cf38f38be6ed21df60c4bbde7df860ced8ae0cdf17
posttrain_pnp_novel_from_tray_to_pot,tabletop,base,posttrain_pnp_novel_from_tray_to_pot__seed00003,3,0,45,3.748208046104992,15.585244218993466,01c1f36fdcfb6f9c94a079cf38f38be6ed21df60c4bbde7df860ced8ae0cdf17
posttrain_pnp_novel_from_tray_to_pot,tabletop,base,posttrain_pnp_novel_from_tray_to_pot__seed00004,4,0,45,3.75812772102654,20.945446939993417,01c1f36fdcfb6f9c94a079cf38f38be6ed21df60c4bbde7df860ced8ae0cdf17
posttrain_pnp_novel_from_tray_to_pot,tabletop,base,posttrain_pnp_novel_from_tray_to_pot__seed00005,5,1,45,3.765483751951251,17.591782853007317,01c1f36fdcfb6f9c94a079cf38f38be6ed21df60c4bbde7df860ced8ae0cdf17
posttrain_pnp_novel_from_tray_to_pot,tabletop,base,posttrain_pnp_novel_from_tray_to_pot__seed00006,6,1,45,3.7705523931072094,16.248200314992573,01c1f36fdcfb6f9c94a079cf38f38be6ed21df60c4bbde7df860ced8ae0cdf17
posttrain_pnp_novel_from_tray_to_pot,tabletop,base,posttrain_pnp_novel_from_tray_to_pot__seed00007,7,1,45,3.7578783200006,16.792662182007916,01c1f36fdcfb6f9c94a079cf38f38be6ed21df60c4bbde7df860ced8ae0cdf17
posttrain_pnp_novel_from_tray_to_pot,tabletop,base,posttrain_pnp_novel_from_tray_to_pot__seed00008,8,1,45,3.757769931049552,18.636161266011186,01c1f36fdcfb6f9c94a079cf38f38be6ed21df60c4bbde7df860ced8ae0cdf17
posttrain_pnp_novel_from_tray_to_pot,tabletop,base,posttrain_pnp_novel_from_tray_to_pot__seed00009,9,1,45,3.772585383965634,17.922057654010132,01c1f36fdcfb6f9c94a079cf38f38be6ed21df60c4bbde7df860ced8ae0cdf17
posttrain_pnp_novel_from_tray_to_pot,tabletop,base,posttrain_pnp_novel_from_tray_to_pot__seed00010,10,0,45,3.7375734370725695,16.40323804100626,01c1f36fdcfb6f9c94a079cf38f38be6ed21df60c4bbde7df860ced8ae0cdf17
posttrain_pnp_novel_from_tray_to_pot,tabletop,base,posttrain_pnp_novel_from_tray_to_pot__seed00011,11,0,45,3.7408309469465166,21.16043300801539,01c1f36fdcfb6f9c94a079cf38f38be6ed21df60c4bbde7df860ced8ae0cdf17
posttrain_pnp_novel_from_tray_to_pot,tabletop,base,posttrain_pnp_novel_from_tray_to_pot__seed00012,12,0,45,3.732411602308275,22.444207761989674,01c1f36fdcfb6f9c94a079cf38f38be6ed21df60c4bbde7df860ced8ae0cdf17
posttrain_pnp_novel_from_tray_to_pot,tabletop,base,posttrain_pnp_novel_from_tray_to_pot__seed00013,13,0,45,3.739064801047789,16.748324004991446,01c1f36fdcfb6f9c94a079cf38f38be6ed21df60c4bbde7df860ced8ae0cdf17
posttrain_pnp_novel_from_tray_to_pot,tabletop,base,posttrain_pnp_novel_from_tray_to_pot__seed00014,14,0,45,3.7418696080567315,17.55646951799281,01c1f36fdcfb6f9c94a079cf38f38be6ed21df60c4bbde7df860ced8ae0cdf17
posttrain_pnp_novel_from_tray_to_pot,tabletop,base,posttrain_pnp_novel_from_tray_to_pot__seed00015,15,0,45,3.74232206994202,21.979589310998563,01c1f36fdcfb6f9c94a079cf38f38be6ed21df60c4bbde7df860ced8ae0cdf17
posttrain_pnp_novel_from_tray_to_pot,tabletop,base,posttrain_pnp_novel_from_tray_to_pot__seed00016,16,1,45,3.722704723099014,19.352737187000457,01c1f36fdcfb6f9c94a079cf38f38be6ed21df60c4bbde7df860ced8ae0cdf17
posttrain_pnp_novel_from_tray_to_pot,tabletop,base,posttrain_pnp_novel_from_tray_to_pot__seed00017,17,1,45,3.721749664953677,17.584015864005778,01c1f36fdcfb6f9c94a079cf38f38be6ed21df60c4bbde7df860ced8ae0cdf17
posttrain_pnp_novel_from_tray_to_pot,tabletop,base,posttrain_pnp_novel_from_tray_to_pot__seed00018,18,0,45,3.744156715023564,17.416929889994208,01c1f36fdcfb6f9c94a079cf38f38be6ed21df60c4bbde7df860ced8ae0cdf17
posttrain_pnp_novel_from_tray_to_pot,tabletop,base,posttrain_pnp_novel_from_tray_to_pot__seed00019,19,1,45,3.736646352976095,16.94823713399819,01c1f36fdcfb6f9c94a079cf38f38be6ed21df60c4bbde7df860ced8ae0cdf17
posttrain_pnp_novel_from_tray_to_pot,tabletop,base,posttrain_pnp_novel_from_tray_to_pot__seed00020,20,1,45,3.7560042621626053,17.061541045986814,01c1f36fdcfb6f9c94a079cf38f38be6ed21df60c4bbde7df860ced8ae0cdf17
posttrain_pnp_novel_from_tray_to_pot,tabletop,base,posttrain_pnp_novel_from_tray_to_pot__seed00021,21,0,45,3.7635353029181715,18.63066134499968,01c1f36fdcfb6f9c94a079cf38f38be6ed21df60c4bbde7df860ced8ae0cdf17
posttrain_pnp_novel_from_tray_to_pot,tabletop,base,posttrain_pnp_novel_from_tray_to_pot__seed00022,22,1,45,3.7499094568483997,17.864892881014384,01c1f36fdcfb6f9c94a079cf38f38be6ed21df60c4bbde7df860ced8ae0cdf17
posttrain_pnp_novel_from_tray_to_pot,tabletop,base,posttrain_pnp_novel_from_tray_to_pot__seed00023,23,1,45,3.767065955005819,16.956156662025023,01c1f36fdcfb6f9c94a079cf38f38be6ed21df60c4bbde7df860ced8ae0cdf17
posttrain_pnp_novel_from_tray_to_pot,tabletop,base,posttrain_pnp_novel_from_tray_to_pot__seed00024,24,0,45,3.7578176639799494,16.088705898990156,01c1f36fdcfb6f9c94a079cf38f38be6ed21df60c4bbde7df860ced8ae0cdf17
posttrain_pnp_novel_from_tray_to_pot,tabletop,base,posttrain_pnp_novel_from_tray_to_pot__seed00025,25,1,45,3.7573270558787044,16.795931688015116,01c1f36fdcfb6f9c94a079cf38f38be6ed21df60c4bbde7df860ced8ae0cdf17
posttrain_pnp_novel_from_tray_to_pot,tabletop,base,posttrain_pnp_novel_from_tray_to_pot__seed00026,26,1,45,3.748810288903769,17.42919833198539,01c1f36fdcfb6f9c94a079cf38f38be6ed21df60c4bbde7df860ced8ae0cdf17
posttrain_pnp_novel_from_tray_to_pot,tabletop,base,posttrain_pnp_novel_from_tray_to_pot__seed00027,27,1,45,3.758676228026161,21.817669768992346,01c1f36fdcfb6f9c94a079cf38f38be6ed21df60c4bbde7df860ced8ae0cdf17
posttrain_pnp_novel_from_tray_to_pot,tabletop,base,posttrain_pnp_novel_from_tray_to_pot__seed00028,28,0,45,3.7433132970472798,16.760661993001122,01c1f36fdcfb6f9c94a079cf38f38be6ed21df60c4bbde7df860ced8ae0cdf17
posttrain_pnp_novel_from_tray_to_pot,tabletop,base,posttrain_pnp_novel_from_tray_to_pot__seed00029,29,1,45,3.7391717649879865,19.053483576979488,01c1f36fdcfb6f9c94a079cf38f38be6ed21df60c4bbde7df860ced8ae0cdf17
posttrain_pnp_novel_from_tray_to_pot,tabletop,base,posttrain_pnp_novel_from_tray_to_pot__seed00030,30,0,45,3.7337745712138712,19.978744794992963,01c1f36fdcfb6f9c94a079cf38f38be6ed21df60c4bbde7df860ced8ae0cdf17
posttrain_pnp_novel_from_tray_to_pot,tabletop,base,posttrain_pnp_novel_from_tray_to_pot__seed00031,31,1,45,3.7309495690860786,16.655109315004665,01c1f36fdcfb6f9c94a079cf38f38be6ed21df60c4bbde7df860ced8ae0cdf17
posttrain_pnp_novel_from_tray_to_pot,tabletop,base,posttrain_pnp_novel_from_tray_to_pot__seed00032,32,0,45,3.7434639718558174,15.62785064498894,01c1f36fdcfb6f9c94a079cf38f38be6ed21df60c4bbde7df860ced8ae0cdf17
posttrain_pnp_novel_from_tray_to_pot,tabletop,base,posttrain_pnp_novel_from_tray_to_pot__seed00033,33,0,45,3.73375196105917,15.904922638990683,01c1f36fdcfb6f9c94a079cf38f38be6ed21df60c4bbde7df860ced8ae0cdf17
posttrain_pnp_novel_from_tray_to_pot,tabletop,base,posttrain_pnp_novel_from_tray_to_pot__seed00034,34,1,45,3.7403572650509886,17.873381222976604,01c1f36fdcfb6f9c94a079cf38f38be6ed21df60c4bbde7df860ced8ae0cdf17
posttrain_pnp_novel_from_tray_to_pot,tabletop,base,posttrain_pnp_novel_from_tray_to_pot__seed00035,35,0,45,3.7123344649444334,16.341497108980548,01c1f36fdcfb6f9c94a079cf38f38be6ed21df60c4bbde7df860ced8ae0cdf17
posttrain_pnp_novel_from_tray_to_pot,tabletop,base,posttrain_pnp_novel_from_tray_to_pot__seed00036,36,0,45,3.7462447849393357,22.093259971996304,01c1f36fdcfb6f9c94a079cf38f38be6ed21df60c4bbde7df860ced8ae0cdf17
posttrain_pnp_novel_from_tray_to_pot,tabletop,base,posttrain_pnp_novel_from_tray_to_pot__seed00037,37,1,45,3.7528091419953853,16.54048162701656,01c1f36fdcfb6f9c94a079cf38f38be6ed21df60c4bbde7df860ced8ae0cdf17
posttrain_pnp_novel_from_tray_to_pot,tabletop,base,posttrain_pnp_novel_from_tray_to_pot__seed00038,38,0,45,3.749343274073908,18.174034700001357,01c1f36fdcfb6f9c94a079cf38f38be6ed21df60c4bbde7df860ced8ae0cdf17
posttrain_pnp_novel_from_tray_to_pot,tabletop,base,posttrain_pnp_novel_from_tray_to_pot__seed00039,39,1,45,3.744454164931085,22.56460722500924,01c1f36fdcfb6f9c94a079cf38f38be6ed21df60c4bbde7df860ced8ae0cdf17
posttrain_pnp_novel_from_tray_to_pot,tabletop,base,posttrain_pnp_novel_from_tray_to_pot__seed00040,40,0,45,3.765064012230141,17.236577682982897,01c1f36fdcfb6f9c94a079cf38f38be6ed21df60c4bbde7df860ced8ae0cdf17
posttrain_pnp_novel_from_tray_to_pot,tabletop,base,posttrain_pnp_novel_from_tray_to_pot__seed00041,41,0,45,3.7686119551071897,23.15206708299229,01c1f36fdcfb6f9c94a079cf38f38be6ed21df60c4bbde7df860ced8ae0cdf17
posttrain_pnp_novel_from_tray_to_pot,tabletop,base,posttrain_pnp_novel_from_tray_to_pot__seed00042,42,1,45,3.7652584640018176,17.778575449017808,01c1f36fdcfb6f9c94a079cf38f38be6ed21df60c4bbde7df860ced8ae0cdf17
posttrain_pnp_novel_from_tray_to_pot,tabletop,base,posttrain_pnp_novel_from_tray_to_pot__seed00043,43,1,45,3.7504654541262425,19.082019726978615,01c1f36fdcfb6f9c94a079cf38f38be6ed21df60c4bbde7df860ced8ae0cdf17
posttrain_pnp_novel_from_tray_to_pot,tabletop,base,posttrain_pnp_novel_from_tray_to_pot__seed00044,44,1,45,3.753302254859591,17.099118931015255,01c1f36fdcfb6f9c94a079cf38f38be6ed21df60c4bbde7df860ced8ae0cdf17
posttrain_pnp_novel_from_tray_to_pot,tabletop,base,posttrain_pnp_novel_from_tray_to_pot__seed00045,45,1,45,3.7541267639317084,16.628134048980428,01c1f36fdcfb6f9c94a079cf38f38be6ed21df60c4bbde7df860ced8ae0cdf17
posttrain_pnp_novel_from_tray_to_pot,tabletop,base,posttrain_pnp_novel_from_tray_to_pot__seed00046,46,0,45,3.7468146710889414,16.541412427002797,01c1f36fdcfb6f9c94a079cf38f38be6ed21df60c4bbde7df860ced8ae0cdf17
posttrain_pnp_novel_from_tray_to_pot,tabletop,base,posttrain_pnp_novel_from_tray_to_pot__seed00047,47,1,45,3.75316725007724,17.60872618999565,01c1f36fdcfb6f9c94a079cf38f38be6ed21df60c4bbde7df860ced8ae0cdf17
posttrain_pnp_novel_from_tray_to_pot,tabletop,base,posttrain_pnp_novel_from_tray_to_pot__seed00048,48,1,45,3.737965338950744,18.450363582000136,01c1f36fdcfb6f9c94a079cf38f38be6ed21df60c4bbde7df860ced8ae0cdf17
posttrain_pnp_novel_from_tray_to_pot,tabletop,base,posttrain_pnp_novel_from_tray_to_pot__seed00049,49,1,45,3.754249650868587,17.55243429800612,01c1f36fdcfb6f9c94a079cf38f38be6ed21df60c4bbde7df860ced8ae0cdf17
posttrain_pnp_novel_from_tray_to_tieredbasket,tabletop,base,posttrain_pnp_novel_from_tray_to_tieredbasket__seed00000,0,0,45,3.758499097020831,19.584666532988194,4a2f2dda16c3f89207cf02b76055881a7b1cec6e508d4ad0e2325100e97acd19
posttrain_pnp_novel_from_tray_to_tieredbasket,tabletop,base,posttrain_pnp_novel_from_tray_to_tieredbasket__seed00001,1,0,45,3.7352843950211536,19.625567618000787,4a2f2dda16c3f89207cf02b76055881a7b1cec6e508d4ad0e2325100e97acd19
posttrain_pnp_novel_from_tray_to_tieredbasket,tabletop,base,posttrain_pnp_novel_from_tray_to_tieredbasket__seed00002,2,0,45,3.755558914039284,23.91243953499361,4a2f2dda16c3f89207cf02b76055881a7b1cec6e508d4ad0e2325100e97acd19
posttrain_pnp_novel_from_tray_to_tieredbasket,tabletop,base,posttrain_pnp_novel_from_tray_to_tieredbasket__seed00003,3,0,45,3.7624264259648044,24.927697948995046,4a2f2dda16c3f89207cf02b76055881a7b1cec6e508d4ad0e2325100e97acd19
posttrain_pnp_novel_from_tray_to_tieredbasket,tabletop,base,posttrain_pnp_novel_from_tray_to_tieredbasket__seed00004,4,1,45,3.7797658759518526,22.94903742999304,4a2f2dda16c3f89207cf02b76055881a7b1cec6e508d4ad0e2325100e97acd19
posttrain_pnp_novel_from_tray_to_tieredbasket,tabletop,base,posttrain_pnp_novel_from_tray_to_tieredbasket__seed00005,5,1,45,3.7736554951115977,18.506576116982615,4a2f2dda16c3f89207cf02b76055881a7b1cec6e508d4ad0e2325100e97acd19
posttrain_pnp_novel_from_tray_to_tieredbasket,tabletop,base,posttrain_pnp_novel_from_tray_to_tieredbasket__seed00006,6,1,45,3.7669143989041913,20.190082123997854,4a2f2dda16c3f89207cf02b76055881a7b1cec6e508d4ad0e2325100e97acd19
posttrain_pnp_novel_from_tray_to_tieredbasket,tabletop,base,posttrain_pnp_novel_from_tray_to_tieredbasket__seed00007,7,0,45,3.7704231279494707,19.103997441998217,4a2f2dda16c3f89207cf02b76055881a7b1cec6e508d4ad0e2325100e97acd19
posttrain_pnp_novel_from_tray_to_tieredbasket,tabletop,base,posttrain_pnp_novel_from_tray_to_tieredbasket__seed00008,8,0,45,3.7582159669545945,18.908924643008504,4a2f2dda16c3f89207cf02b76055881a7b1cec6e508d4ad0e2325100e97acd19
posttrain_pnp_novel_from_tray_to_tieredbasket,tabletop,base,posttrain_pnp_novel_from_tray_to_tieredbasket__seed00009,9,0,45,3.737952736846637,18.42210143999546,4a2f2dda16c3f89207cf02b76055881a7b1cec6e508d4ad0e2325100e97acd19
posttrain_pnp_novel_from_tray_to_tieredbasket,tabletop,base,posttrain_pnp_novel_from_tray_to_tieredbasket__seed00010,10,1,45,3.750580184016144,21.43397474999074,4a2f2dda16c3f89207cf02b76055881a7b1cec6e508d4ad0e2325100e97acd19
posttrain_pnp_novel_from_tray_to_tieredbasket,tabletop,base,posttrain_pnp_novel_from_tray_to_tieredbasket__seed00011,11,0,45,3.7454705949348863,19.089743424003245,4a2f2dda16c3f89207cf02b76055881a7b1cec6e508d4ad0e2325100e97acd19
posttrain_pnp_novel_from_tray_to_tieredbasket,tabletop,base,posttrain_pnp_novel_from_tray_to_tieredbasket__seed00012,12,1,45,3.743325524905231,23.683755475998623,4a2f2dda16c3f89207cf02b76055881a7b1cec6e508d4ad0e2325100e97acd19
posttrain_pnp_novel_from_tray_to_tieredbasket,tabletop,base,posttrain_pnp_novel_from_tray_to_tieredbasket__seed00013,13,0,45,3.7654142930696253,18.99656381699606,4a2f2dda16c3f89207cf02b76055881a7b1cec6e508d4ad0e2325100e97acd19
posttrain_pnp_novel_from_tray_to_tieredbasket,tabletop,base,posttrain_pnp_novel_from_tray_to_tieredbasket__seed00014,14,0,45,3.750691392022418,19.57191327601322,4a2f2dda16c3f89207cf02b76055881a7b1cec6e508d4ad0e2325100e97acd19
posttrain_pnp_novel_from_tray_to_tieredbasket,tabletop,base,posttrain_pnp_novel_from_tray_to_tieredbasket__seed00015,15,0,45,3.749316562054446,18.93329212401295,4a2f2dda16c3f89207cf02b76055881a7b1cec6e508d4ad0e2325100e97acd19
posttrain_pnp_novel_from_tray_to_tieredbasket,tabletop,base,posttrain_pnp_novel_from_tray_to_tieredbasket__seed00016,16,0,45,3.7719257690478116,22.307185701996787,4a2f2dda16c3f89207cf02b76055881a7b1cec6e508d4ad0e2325100e97acd19
posttrain_pnp_novel_from_tray_to_tieredbasket,tabletop,base,posttrain_pnp_novel_from_tray_to_tieredbasket__seed00017,17,0,45,3.7602940849610604,19.985602119995747,4a2f2dda16c3f89207cf02b76055881a7b1cec6e508d4ad0e2325100e97acd19
posttrain_pnp_novel_from_tray_to_tieredbasket,tabletop,base,posttrain_pnp_novel_from_tray_to_tieredbasket__seed00018,18,0,45,3.7667061279935297,18.107394052000018,4a2f2dda16c3f89207cf02b76055881a7b1cec6e508d4ad0e2325100e97acd19
posttrain_pnp_novel_from_tray_to_tieredbasket,tabletop,base,posttrain_pnp_novel_from_tray_to_tieredbasket__seed00019,19,1,45,3.760841652052477,18.31199161100085,4a2f2dda16c3f89207cf02b76055881a7b1cec6e508d4ad0e2325100e97acd19
posttrain_pnp_novel_from_tray_to_tieredbasket,tabletop,base,posttrain_pnp_novel_from_tray_to_tieredbasket__seed00020,20,0,45,3.7698360930371564,19.34588535001967,4a2f2dda16c3f89207cf02b76055881a7b1cec6e508d4ad0e2325100e97acd19
posttrain_pnp_novel_from_tray_to_tieredbasket,tabletop,base,posttrain_pnp_novel_from_tray_to_tieredbasket__seed00021,21,0,45,3.7713041309907567,21.202413483988494,4a2f2dda16c3f89207cf02b76055881a7b1cec6e508d4ad0e2325100e97acd19
posttrain_pnp_novel_from_tray_to_tieredbasket,tabletop,base,posttrain_pnp_novel_from_tray_to_tieredbasket__seed00022,22,0,45,3.7758697099634446,25.31229065998923,4a2f2dda16c3f89207cf02b76055881a7b1cec6e508d4ad0e2325100e97acd19
posttrain_pnp_novel_from_tray_to_tieredbasket,tabletop,base,posttrain_pnp_novel_from_tray_to_tieredbasket__seed00023,23,0,45,3.7524235159216914,18.257246316003148,4a2f2dda16c3f89207cf02b76055881a7b1cec6e508d4ad0e2325100e97acd19
posttrain_pnp_novel_from_tray_to_tieredbasket,tabletop,base,posttrain_pnp_novel_from_tray_to_tieredbasket__seed00024,24,0,45,3.7507538999198005,18.669675397017272,4a2f2dda16c3f89207cf02b76055881a7b1cec6e508d4ad0e2325100e97acd19
posttrain_pnp_novel_from_tray_to_tieredbasket,tabletop,base,posttrain_pnp_novel_from_tray_to_tieredbasket__seed00025,25,1,45,3.750518990040291,17.918380172981415,4a2f2dda16c3f89207cf02b76055881a7b1cec6e508d4ad0e2325100e97acd19
posttrain_pnp_novel_from_tray_to_tieredbasket,tabletop,base,posttrain_pnp_novel_from_tray_to_tieredbasket__seed00026,26,0,45,3.757359652168816,20.767033704003552,4a2f2dda16c3f89207cf02b76055881a7b1cec6e508d4ad0e2325100e97acd19
posttrain_pnp_novel_from_tray_to_tieredbasket,tabletop,base,posttrain_pnp_novel_from_tray_to_tieredbasket__seed00027,27,1,45,3.734766471927287,23.637083803972928,4a2f2dda16c3f89207cf02b76055881a7b1cec6e508d4ad0e2325100e97acd19
posttrain_pnp_novel_from_tray_to_tieredbasket,tabletop,base,posttrain_pnp_novel_from_tray_to_tieredbasket__seed00028,28,0,45,3.7390803401358426,17.632746753981337,4a2f2dda16c3f89207cf02b76055881a7b1cec6e508d4ad0e2325100e97acd19
posttrain_pnp_novel_from_tray_to_tieredbasket,tabletop,base,posttrain_pnp_novel_from_tray_to_tieredbasket__seed00029,29,1,45,3.7559451399429236,18.59703827701742,4a2f2dda16c3f89207cf02b76055881a7b1cec6e508d4ad0e2325100e97acd19
posttrain_pnp_novel_from_tray_to_tieredbasket,tabletop,base,posttrain_pnp_novel_from_tray_to_tieredbasket__seed00030,30,0,45,3.740647242113482,19.921606465009972,4a2f2dda16c3f89207cf02b76055881a7b1cec6e508d4ad0e2325100e97acd19
posttrain_pnp_novel_from_tray_to_tieredbasket,tabletop,base,posttrain_pnp_novel_from_tray_to_tieredbasket__seed00031,31,1,45,3.749121771979844,16.78811450500507,4a2f2dda16c3f89207cf02b76055881a7b1cec6e508d4ad0e2325100e97acd19
posttrain_pnp_novel_from_tray_to_tieredbasket,tabletop,base,posttrain_pnp_novel_from_tray_to_tieredbasket__seed00032,32,0,45,3.7617212379991543,20.26837534198421,4a2f2dda16c3f89207cf02b76055881a7b1cec6e508d4ad0e2325100e97acd19
posttrain_pnp_novel_from_tray_to_tieredbasket,tabletop,base,posttrain_pnp_novel_from_tray_to_tieredbasket__seed00033,33,1,45,3.7625102149904706,19.570599154016236,4a2f2dda16c3f89207cf02b76055881a7b1cec6e508d4ad0e2325100e97acd19
posttrain_pnp_novel_from_tray_to_tieredbasket,tabletop,base,posttrain_pnp_novel_from_tray_to_tieredbasket__seed00034,34,1,45,3.7645756350830197,23.085314312018454,4a2f2dda16c3f89207cf02b76055881a7b1cec6e508d4ad0e2325100e97acd19
posttrain_pnp_novel_from_tray_to_tieredbasket,tabletop,base,posttrain_pnp_novel_from_tray_to_tieredbasket__seed00035,35,0,45,3.7815972149546724,21.586378998006694,4a2f2dda16c3f89207cf02b76055881a7b1cec6e508d4ad0e2325100e97acd19
posttrain_pnp_novel_from_tray_to_tieredbasket,tabletop,base,posttrain_pnp_novel_from_tray_to_tieredbasket__seed00036,36,0,45,3.772021675045835,26.059375790995546,4a2f2dda16c3f89207cf02b76055881a7b1cec6e508d4ad0e2325100e97acd19
posttrain_pnp_novel_from_tray_to_tieredbasket,tabletop,base,posttrain_pnp_novel_from_tray_to_tieredbasket__seed00037,37,0,45,3.7661507071752567,18.59397976298351,4a2f2dda16c3f89207cf02b76055881a7b1cec6e508d4ad0e2325100e97acd19
posttrain_pnp_novel_from_tray_to_tieredbasket,tabletop,base,posttrain_pnp_novel_from_tray_to_tieredbasket__seed00038,38,0,45,3.7542403639818076,18.64267580100568,4a2f2dda16c3f89207cf02b76055881a7b1cec6e508d4ad0e2325100e97acd19
posttrain_pnp_novel_from_tray_to_tieredbasket,tabletop,base,posttrain_pnp_novel_from_tray_to_tieredbasket__seed00039,39,0,45,3.751708208961645,25.428149317012867,4a2f2dda16c3f89207cf02b76055881a7b1cec6e508d4ad0e2325100e97acd19
posttrain_pnp_novel_from_tray_to_tieredbasket,tabletop,base,posttrain_pnp_novel_from_tray_to_tieredbasket__seed00040,40,0,45,3.740179420914501,21.059038993000286,4a2f2dda16c3f89207cf02b76055881a7b1cec6e508d4ad0e2325100e97acd19
posttrain_pnp_novel_from_tray_to_tieredbasket,tabletop,base,posttrain_pnp_novel_from_tray_to_tieredbasket__seed00041,41,0,45,3.7372502829530276,23.26644363300875,4a2f2dda16c3f89207cf02b76055881a7b1cec6e508d4ad0e2325100e97acd19
posttrain_pnp_novel_from_tray_to_tieredbasket,tabletop,base,posttrain_pnp_novel_from_tray_to_tieredbasket__seed00042,42,0,45,3.7660961860674433,18.545470410987036,4a2f2dda16c3f89207cf02b76055881a7b1cec6e508d4ad0e2325100e97acd19
posttrain_pnp_novel_from_tray_to_tieredbasket,tabletop,base,posttrain_pnp_novel_from_tray_to_tieredbasket__seed00043,43,0,45,3.740804530068999,18.485124569997424,4a2f2dda16c3f89207cf02b76055881a7b1cec6e508d4ad0e2325100e97acd19
posttrain_pnp_novel_from_tray_to_tieredbasket,tabletop,base,posttrain_pnp_novel_from_tray_to_tieredbasket__seed00044,44,1,45,3.7669770110514946,17.930907870992087,4a2f2dda16c3f89207cf02b76055881a7b1cec6e508d4ad0e2325100e97acd19
posttrain_pnp_novel_from_tray_to_tieredbasket,tabletop,base,posttrain_pnp_novel_from_tray_to_tieredbasket__seed00045,45,0,45,3.772224500105949,21.716809911013115,4a2f2dda16c3f89207cf02b76055881a7b1cec6e508d4ad0e2325100e97acd19
posttrain_pnp_novel_from_tray_to_tieredbasket,tabletop,base,posttrain_pnp_novel_from_tray_to_tieredbasket__seed00046,46,1,45,3.761250636074692,21.000921569997445,4a2f2dda16c3f89207cf02b76055881a7b1cec6e508d4ad0e2325100e97acd19
posttrain_pnp_novel_from_tray_to_tieredbasket,tabletop,base,posttrain_pnp_novel_from_tray_to_tieredbasket__seed00047,47,1,45,3.7691358850570396,19.68787847799831,4a2f2dda16c3f89207cf02b76055881a7b1cec6e508d4ad0e2325100e97acd19
posttrain_pnp_novel_from_tray_to_tieredbasket,tabletop,base,posttrain_pnp_novel_from_tray_to_tieredbasket__seed00048,48,1,45,3.7681703051785007,21.16700628300896,4a2f2dda16c3f89207cf02b76055881a7b1cec6e508d4ad0e2325100e97acd19
posttrain_pnp_novel_from_tray_to_tieredbasket,tabletop,base,posttrain_pnp_novel_from_tray_to_tieredbasket__seed00049,49,1,45,3.7876925679738633,24.071380845998647,4a2f2dda16c3f89207cf02b76055881a7b1cec6e508d4ad0e2325100e97acd19
posttrain_pnp_novel_from_tray_to_tieredshelf,tabletop,base,posttrain_pnp_novel_from_tray_to_tieredshelf__seed00000,0,0,45,3.7655647110077552,23.49318549601594,b04e70b43fd43d420966a92323f65837bdacdfee0336cef225cf3851e8de3d90
posttrain_pnp_novel_from_tray_to_tieredshelf,tabletop,base,posttrain_pnp_novel_from_tray_to_tieredshelf__seed00001,1,0,45,3.760671324998839,21.932032109005377,b04e70b43fd43d420966a92323f65837bdacdfee0336cef225cf3851e8de3d90
posttrain_pnp_novel_from_tray_to_tieredshelf,tabletop,base,posttrain_pnp_novel_from_tray_to_tieredshelf__seed00002,2,0,45,3.748958612966817,24.852127763006138,b04e70b43fd43d420966a92323f65837bdacdfee0336cef225cf3851e8de3d90
posttrain_pnp_novel_from_tray_to_tieredshelf,tabletop,base,posttrain_pnp_novel_from_tray_to_tieredshelf__seed00003,3,0,45,3.7355783719103783,19.14359305999824,b04e70b43fd43d420966a92323f65837bdacdfee0336cef225cf3851e8de3d90
posttrain_pnp_novel_from_tray_to_tieredshelf,tabletop,base,posttrain_pnp_novel_from_tray_to_tieredshelf__seed00004,4,0,45,3.7494453929830343,24.995680010993965,b04e70b43fd43d420966a92323f65837bdacdfee0336cef225cf3851e8de3d90
posttrain_pnp_novel_from_tray_to_tieredshelf,tabletop,base,posttrain_pnp_novel_from_tray_to_tieredshelf__seed00005,5,1,45,3.8049590119335335,21.28649385800236,b04e70b43fd43d420966a92323f65837bdacdfee0336cef225cf3851e8de3d90
posttrain_pnp_novel_from_tray_to_tieredshelf,tabletop,base,posttrain_pnp_novel_from_tray_to_tieredshelf__seed00006,6,0,45,3.7587639631237835,24.4005347659986,b04e70b43fd43d420966a92323f65837bdacdfee0336cef225cf3851e8de3d90
posttrain_pnp_novel_from_tray_to_tieredshelf,tabletop,base,posttrain_pnp_novel_from_tray_to_tieredshelf__seed00007,7,0,45,3.6635338040650822,19.45707960499567,b04e70b43fd43d420966a92323f65837bdacdfee0336cef225cf3851e8de3d90
posttrain_pnp_novel_from_tray_to_tieredshelf,tabletop,base,posttrain_pnp_novel_from_tray_to_tieredshelf__seed00008,8,0,45,3.772004647005815,20.103927895019297,b04e70b43fd43d420966a92323f65837bdacdfee0336cef225cf3851e8de3d90
posttrain_pnp_novel_from_tray_to_tieredshelf,tabletop,base,posttrain_pnp_novel_from_tray_to_tieredshelf__seed00009,9,0,45,3.771282742935,21.12197054302669,b04e70b43fd43d420966a92323f65837bdacdfee0336cef225cf3851e8de3d90
posttrain_pnp_novel_from_tray_to_tieredshelf,tabletop,base,posttrain_pnp_novel_from_tray_to_tieredshelf__seed00010,10,0,45,3.780793380079558,20.241125023982022,b04e70b43fd43d420966a92323f65837bdacdfee0336cef225cf3851e8de3d90
posttrain_pnp_novel_from_tray_to_tieredshelf,tabletop,base,posttrain_pnp_novel_from_tray_to_tieredshelf__seed00011,11,0,45,3.7764727620524354,19.94711494699004,b04e70b43fd43d420966a92323f65837bdacdfee0336cef225cf3851e8de3d90
posttrain_pnp_novel_from_tray_to_tieredshelf,tabletop,base,posttrain_pnp_novel_from_tray_to_tieredshelf__seed00012,12,0,45,3.7699486540514044,26.143717039987678,b04e70b43fd43d420966a92323f65837bdacdfee0336cef225cf3851e8de3d90
posttrain_pnp_novel_from_tray_to_tieredshelf,tabletop,base,posttrain_pnp_novel_from_tray_to_tieredshelf__seed00013,13,0,45,3.7985132000758313,20.086280913994415,b04e70b43fd43d420966a92323f65837bdacdfee0336cef225cf3851e8de3d90
posttrain_pnp_novel_from_tray_to_tieredshelf,tabletop,base,posttrain_pnp_novel_from_tray_to_tieredshelf__seed00014,14,0,45,3.76997826207662,20.121015111973975,b04e70b43fd43d420966a92323f65837bdacdfee0336cef225cf3851e8de3d90
posttrain_pnp_novel_from_tray_to_tieredshelf,tabletop,base,posttrain_pnp_novel_from_tray_to_tieredshelf__seed00015,15,0,45,3.751405562070431,25.928643357998226,b04e70b43fd43d420966a92323f65837bdacdfee0336cef225cf3851e8de3d90
posttrain_pnp_novel_from_tray_to_tieredshelf,tabletop,base,posttrain_pnp_novel_from_tray_to_tieredshelf__seed00016,16,0,45,3.736179304018151,19.906423938984517,b04e70b43fd43d420966a92323f65837bdacdfee0336cef225cf3851e8de3d90
posttrain_pnp_novel_from_tray_to_tieredshelf,tabletop,base,posttrain_pnp_novel_from_tray_to_tieredshelf__seed00017,17,0,45,3.7522331740765367,23.09888922900427,b04e70b43fd43d420966a92323f65837bdacdfee0336cef225cf3851e8de3d90
posttrain_pnp_novel_from_tray_to_tieredshelf,tabletop,base,posttrain_pnp_novel_from_tray_to_tieredshelf__seed00018,18,1,45,3.781105534057133,19.15407491501537,b04e70b43fd43d420966a92323f65837bdacdfee0336cef225cf3851e8de3d90
posttrain_pnp_novel_from_tray_to_tieredshelf,tabletop,base,posttrain_pnp_novel_from_tray_to_tieredshelf__seed00019,19,1,45,3.747112729033688,19.96105278201867,b04e70b43fd43d420966a92323f65837bdacdfee0336cef225cf3851e8de3d90
posttrain_pnp_novel_from_tray_to_tieredshelf,tabletop,base,posttrain_pnp_novel_from_tray_to_tieredshelf__seed00020,20,0,45,3.746444092976162,25.500564710004255,b04e70b43fd43d420966a92323f65837bdacdfee0336cef225cf3851e8de3d90
posttrain_pnp_novel_from_tray_to_tieredshelf,tabletop,base,posttrain_pnp_novel_from_tray_to_tieredshelf__seed00021,21,1,45,3.767800754169002,26.57285514601972,b04e70b43fd43d420966a92323f65837bdacdfee0336cef225cf3851e8de3d90
posttrain_pnp_novel_from_tray_to_tieredshelf,tabletop,base,posttrain_pnp_novel_from_tray_to_tieredshelf__seed00022,22,0,45,3.761205521033844,22.25388492300408,b04e70b43fd43d420966a92323f65837bdacdfee0336cef225cf3851e8de3d90
posttrain_pnp_novel_from_tray_to_tieredshelf,tabletop,base,posttrain_pnp_novel_from_tray_to_tieredshelf__seed00023,23,0,45,3.768251936067827,21.207164070016006,b04e70b43fd43d420966a92323f65837bdacdfee0336cef225cf3851e8de3d90
posttrain_pnp_novel_from_tray_to_tieredshelf,tabletop,base,posttrain_pnp_novel_from_tray_to_tieredshelf__seed00024,24,1,45,3.7683321999793407,20.488331029977417,b04e70b43fd43d420966a92323f65837bdacdfee0336cef225cf3851e8de3d90
posttrain_pnp_novel_from_tray_to_tieredshelf,tabletop,base,posttrain_pnp_novel_from_tray_to_tieredshelf__seed00025,25,1,45,3.767227434029337,21.76768234197516,b04e70b43fd43d420966a92323f65837bdacdfee0336cef225cf3851e8de3d90
posttrain_pnp_novel_from_tray_to_tieredshelf,tabletop,base,posttrain_pnp_novel_from_tray_to_tieredshelf__seed00026,26,0,45,3.7316419929557014,22.689438570989296,b04e70b43fd43d420966a92323f65837bdacdfee0336cef225cf3851e8de3d90
posttrain_pnp_novel_from_tray_to_tieredshelf,tabletop,base,posttrain_pnp_novel_from_tray_to_tieredshelf__seed00027,27,1,45,3.744870967027964,24.15960886600078,b04e70b43fd43d420966a92323f65837bdacdfee0336cef225cf3851e8de3d90
posttrain_pnp_novel_from_tray_to_tieredshelf,tabletop,base,posttrain_pnp_novel_from_tray_to_tieredshelf__seed00028,28,1,45,3.7476804459874984,19.79504755898961,b04e70b43fd43d420966a92323f65837bdacdfee0336cef225cf3851e8de3d90
posttrain_pnp_novel_from_tray_to_tieredshelf,tabletop,base,posttrain_pnp_novel_from_tray_to_tieredshelf__seed00029,29,0,45,3.7597237880981993,22.60200143698603,b04e70b43fd43d420966a92323f65837bdacdfee0336cef225cf3851e8de3d90
posttrain_pnp_novel_from_tray_to_tieredshelf,tabletop,base,posttrain_pnp_novel_from_tray_to_tieredshelf__seed00030,30,0,45,3.7533986628695857,19.328543506999267,b04e70b43fd43d420966a92323f65837bdacdfee0336cef225cf3851e8de3d90
posttrain_pnp_novel_from_tray_to_tieredshelf,tabletop,base,posttrain_pnp_novel_from_tray_to_tieredshelf__seed00031,31,0,45,3.757369063940132,20.886270034010522,b04e70b43fd43d420966a92323f65837bdacdfee0336cef225cf3851e8de3d90
posttrain_pnp_novel_from_tray_to_tieredshelf,tabletop,base,posttrain_pnp_novel_from_tray_to_tieredshelf__seed00032,32,0,45,3.7409223259601276,18.505778722988907,b04e70b43fd43d420966a92323f65837bdacdfee0336cef225cf3851e8de3d90
posttrain_pnp_novel_from_tray_to_tieredshelf,tabletop,base,posttrain_pnp_novel_from_tray_to_tieredshelf__seed00033,33,0,45,3.7475677438196726,21.758688870002516,b04e70b43fd43d420966a92323f65837bdacdfee0336cef225cf3851e8de3d90
posttrain_pnp_novel_from_tray_to_tieredshelf,tabletop,base,posttrain_pnp_novel_from_tray_to_tieredshelf__seed00034,34,0,45,3.765244721871568,26.569765517982887,b04e70b43fd43d420966a92323f65837bdacdfee0336cef225cf3851e8de3d90
posttrain_pnp_novel_from_tray_to_tieredshelf,tabletop,base,posttrain_pnp_novel_from_tray_to_tieredshelf__seed00035,35,0,45,3.7547856759629212,20.11187237201375,b04e70b43fd43d420966a92323f65837bdacdfee0336cef225cf3851e8de3d90
posttrain_pnp_novel_from_tray_to_tieredshelf,tabletop,base,posttrain_pnp_novel_from_tray_to_tieredshelf__seed00036,36,0,45,3.7853572928579524,24.7144737940107,b04e70b43fd43d420966a92323f65837bdacdfee0336cef225cf3851e8de3d90
posttrain_pnp_novel_from_tray_to_tieredshelf,tabletop,base,posttrain_pnp_novel_from_tray_to_tieredshelf__seed00037,37,1,45,3.7903951929765753,19.842128042015247,b04e70b43fd43d420966a92323f65837bdacdfee0336cef225cf3851e8de3d90
posttrain_pnp_novel_from_tray_to_tieredshelf,tabletop,base,posttrain_pnp_novel_from_tray_to_tieredshelf__seed00038,38,0,45,3.7905021259502973,19.772451214987086,b04e70b43fd43d420966a92323f65837bdacdfee0336cef225cf3851e8de3d90
posttrain_pnp_novel_from_tray_to_tieredshelf,tabletop,base,posttrain_pnp_novel_from_tray_to_tieredshelf__seed00039,39,1,45,3.765068233042257,25.239191836997634,b04e70b43fd43d420966a92323f65837bdacdfee0336cef225cf3851e8de3d90
posttrain_pnp_novel_from_tray_to_tieredshelf,tabletop,base,posttrain_pnp_novel_from_tray_to_tieredshelf__seed00040,40,0,45,3.7927092989557423,31.215885874000378,b04e70b43fd43d420966a92323f65837bdacdfee0336cef225cf3851e8de3d90
posttrain_pnp_novel_from_tray_to_tieredshelf,tabletop,base,posttrain_pnp_novel_from_tray_to_tieredshelf__seed00041,41,0,45,3.758730325003853,24.341260691988282,b04e70b43fd43d420966a92323f65837bdacdfee0336cef225cf3851e8de3d90
posttrain_pnp_novel_from_tray_to_tieredshelf,tabletop,base,posttrain_pnp_novel_from_tray_to_tieredshelf__seed00042,42,0,45,3.755499603052158,21.196712586999638,b04e70b43fd43d420966a92323f65837bdacdfee0336cef225cf3851e8de3d90
posttrain_pnp_novel_from_tray_to_tieredshelf,tabletop,base,posttrain_pnp_novel_from_tray_to_tieredshelf__seed00043,43,0,45,3.7373440990049858,20.23155883900472,b04e70b43fd43d420966a92323f65837bdacdfee0336cef225cf3851e8de3d90
posttrain_pnp_novel_from_tray_to_tieredshelf,tabletop,base,posttrain_pnp_novel_from_tray_to_tieredshelf__seed00044,44,1,45,3.7451281200628728,19.906891343009192,b04e70b43fd43d420966a92323f65837bdacdfee0336cef225cf3851e8de3d90
posttrain_pnp_novel_from_tray_to_tieredshelf,tabletop,base,posttrain_pnp_novel_from_tray_to_tieredshelf__seed00045,45,0,45,3.737448023050092,24.03724584300653,b04e70b43fd43d420966a92323f65837bdacdfee0336cef225cf3851e8de3d90
posttrain_pnp_novel_from_tray_to_tieredshelf,tabletop,base,posttrain_pnp_novel_from_tray_to_tieredshelf__seed00046,46,1,45,3.7502174309338443,23.48933264700463,b04e70b43fd43d420966a92323f65837bdacdfee0336cef225cf3851e8de3d90
posttrain_pnp_novel_from_tray_to_tieredshelf,tabletop,base,posttrain_pnp_novel_from_tray_to_tieredshelf__seed00047,47,0,45,3.750245729024755,21.329774626006838,b04e70b43fd43d420966a92323f65837bdacdfee0336cef225cf3851e8de3d90
posttrain_pnp_novel_from_tray_to_tieredshelf,tabletop,base,posttrain_pnp_novel_from_tray_to_tieredshelf__seed00048,48,0,45,3.7625925629399717,19.837887422996573,b04e70b43fd43d420966a92323f65837bdacdfee0336cef225cf3851e8de3d90
posttrain_pnp_novel_from_tray_to_tieredshelf,tabletop,base,posttrain_pnp_novel_from_tray_to_tieredshelf__seed00049,49,0,45,3.770608953171177,18.780523688998073,b04e70b43fd43d420966a92323f65837bdacdfee0336cef225cf3851e8de3d90
pnp_bottle_to_cabinet_close,tabletop,ahs,pnp_bottle_to_cabinet_close__seed00000,0,1,74,5.889313661144115,20.608928219997324,01c1f36fdcfb6f9c94a079cf38f38be6ed21df60c4bbde7df860ced8ae0cdf17
pnp_bottle_to_cabinet_close,tabletop,ahs,pnp_bottle_to_cabinet_close__seed00001,1,0,77,6.072166436089901,26.378144438989693,01c1f36fdcfb6f9c94a079cf38f38be6ed21df60c4bbde7df860ced8ae0cdf17
pnp_bottle_to_cabinet_close,tabletop,ahs,pnp_bottle_to_cabinet_close__seed00002,2,1,75,5.922669315885287,19.080648547998862,01c1f36fdcfb6f9c94a079cf38f38be6ed21df60c4bbde7df860ced8ae0cdf17
pnp_bottle_to_cabinet_close,tabletop,ahs,pnp_bottle_to_cabinet_close__seed00003,3,1,76,6.002305618254468,28.88452525899629,01c1f36fdcfb6f9c94a079cf38f38be6ed21df60c4bbde7df860ced8ae0cdf17
pnp_bottle_to_cabinet_close,tabletop,ahs,pnp_bottle_to_cabinet_close__seed00004,4,1,74,5.849228883947944,21.15877935400931,01c1f36fdcfb6f9c94a079cf38f38be6ed21df60c4bbde7df860ced8ae0cdf17
pnp_bottle_to_cabinet_close,tabletop,ahs,pnp_bottle_to_cabinet_close__seed00005,5,1,75,5.925934752129251,22.030737473018235,01c1f36fdcfb6f9c94a079cf38f38be6ed21df60c4bbde7df860ced8ae0cdf17
pnp_bottle_to_cabinet_close,tabletop,ahs,pnp_bottle_to_cabinet_close__seed00006,6,0,80,6.294787068036385,21.035188084002584,01c1f36fdcfb6f9c94a079cf38f38be6ed21df60c4bbde7df860ced8ae0cdf17
pnp_bottle_to_cabinet_close,tabletop,ahs,pnp_bottle_to_cabinet_close__seed00007,7,1,78,6.139862277865177,25.005225839995546,01c1f36fdcfb6f9c94a079cf38f38be6ed21df60c4bbde7df860ced8ae0cdf17
pnp_bottle_to_cabinet_close,tabletop,ahs,pnp_bottle_to_cabinet_close__seed00008,8,1,75,5.906475875061005,25.196926762990188,01c1f36fdcfb6f9c94a079cf38f38be6ed21df60c4bbde7df860ced8ae0cdf17
pnp_bottle_to_cabinet_close,tabletop,ahs,pnp_bottle_to_cabinet_close__seed00009,9,1,85,6.70486140367575,21.27545384201221,01c1f36fdcfb6f9c94a079cf38f38be6ed21df60c4bbde7df860ced8ae0cdf17
pnp_bottle_to_cabinet_close,tabletop,ahs,pnp_bottle_to_cabinet_close__seed00010,10,1,77,6.085084945108974,20.63115981098963,01c1f36fdcfb6f9c94a079cf38f38be6ed21df60c4bbde7df860ced8ae0cdf17
pnp_bottle_to_cabinet_close,tabletop,ahs,pnp_bottle_to_cabinet_close__seed00011,11,1,76,5.981301878142403,18.923978658014676,01c1f36fdcfb6f9c94a079cf38f38be6ed21df60c4bbde7df860ced8ae0cdf17
pnp_bottle_to_cabinet_close,tabletop,ahs,pnp_bottle_to_cabinet_close__seed00012,12,1,77,6.067494229238946,19.59458855597768,01c1f36fdcfb6f9c94a079cf38f38be6ed21df60c4bbde7df860ced8ae0cdf17
pnp_bottle_to_cabinet_close,tabletop,ahs,pnp_bottle_to_cabinet_close__seed00013,13,0,78,6.15814802312525,23.1411425289989,01c1f36fdcfb6f9c94a079cf38f38be6ed21df60c4bbde7df860ced8ae0cdf17
pnp_bottle_to_cabinet_close,tabletop,ahs,pnp_bottle_to_cabinet_close__seed00014,14,1,77,6.058815961994696,29.981099589000223,01c1f36fdcfb6f9c94a079cf38f38be6ed21df60c4bbde7df860ced8ae0cdf17
pnp_bottle_to_cabinet_close,tabletop,ahs,pnp_bottle_to_cabinet_close__seed00015,15,0,78,6.156167608074611,21.9228431689844,01c1f36fdcfb6f9c94a079cf38f38be6ed21df60c4bbde7df860ced8ae0cdf17
pnp_bottle_to_cabinet_close,tabletop,ahs,pnp_bottle_to_cabinet_close__seed00016,16,0,76,6.003563006059267,20.063532241998473,01c1f36fdcfb6f9c94a079cf38f38be6ed21df60c4bbde7df860ced8ae0cdf17
pnp_bottle_to_cabinet_close,tabletop,ahs,pnp_bottle_to_cabinet_close__seed00017,17,1,76,5.989789039012976,24.471824647975154,01c1f36fdcfb6f9c94a079cf38f38be6ed21df60c4bbde7df860ced8ae0cdf17
pnp_bottle_to_cabinet_close,tabletop,ahs,pnp_bottle_to_cabinet_close__seed00018,18,0,79,6.2145946380042005,21.8348642019846,01c1f36fdcfb6f9c94a079cf38f38be6ed21df60c4bbde7df860ced8ae0cdf17
pnp_bottle_to_cabinet_close,tabletop,ahs,pnp_bottle_to_cabinet_close__seed00019,19,0,75,5.936216501955641,21.487603752000723,01c1f36fdcfb6f9c94a079cf38f38be6ed21df60c4bbde7df860ced8ae0cdf17
pnp_bottle_to_cabinet_close,tabletop,ahs,pnp_bottle_to_cabinet_close__seed00020,20,1,75,5.91785425497801,19.952927420003107,01c1f36fdcfb6f9c94a079cf38f38be6ed21df60c4bbde7df860ced8ae0cdf17
pnp_bottle_to_cabinet_close,tabletop,ahs,pnp_bottle_to_cabinet_close__seed00021,21,1,77,6.074818042921834,21.640144286007853,01c1f36fdcfb6f9c94a079cf38f38be6ed21df60c4bbde7df860ced8ae0cdf17
pnp_bottle_to_cabinet_close,tabletop,ahs,pnp_bottle_to_cabinet_close__seed00022,22,0,85,6.701705051091267,24.08709038901725,01c1f36fdcfb6f9c94a079cf38f38be6ed21df60c4bbde7df860ced8ae0cdf17
pnp_bottle_to_cabinet_close,tabletop,ahs,pnp_bottle_to_cabinet_close__seed00023,23,1,73,5.742452319042059,19.863755102007417,01c1f36fdcfb6f9c94a079cf38f38be6ed21df60c4bbde7df860ced8ae0cdf17
pnp_bottle_to_cabinet_close,tabletop,ahs,pnp_bottle_to_cabinet_close__seed00024,24,0,81,6.370951655175304,19.36714163798024,01c1f36fdcfb6f9c94a079cf38f38be6ed21df60c4bbde7df860ced8ae0cdf17
pnp_bottle_to_cabinet_close,tabletop,ahs,pnp_bottle_to_cabinet_close__seed00025,25,1,83,6.51680523189134,20.215858348994516,01c1f36fdcfb6f9c94a079cf38f38be6ed21df60c4bbde7df860ced8ae0cdf17
pnp_bottle_to_cabinet_close,tabletop,ahs,pnp_bottle_to_cabinet_close__seed00026,26,1,73,5.776805673085619,21.175535697984742,01c1f36fdcfb6f9c94a079cf38f38be6ed21df60c4bbde7df860ced8ae0cdf17
pnp_bottle_to_cabinet_close,tabletop,ahs,pnp_bottle_to_cabinet_close__seed00027,27,1,77,6.093675800046185,19.804970155004412,01c1f36fdcfb6f9c94a079cf38f38be6ed21df60c4bbde7df860ced8ae0cdf17
pnp_bottle_to_cabinet_close,tabletop,ahs,pnp_bottle_to_cabinet_close__seed00028,28,1,76,5.9922450189478695,19.836190753994742,01c1f36fdcfb6f9c94a079cf38f38be6ed21df60c4bbde7df860ced8ae0cdf17
pnp_bottle_to_cabinet_close,tabletop,ahs,pnp_bottle_to_cabinet_close__seed00029,29,0,72,5.675412322947523,20.444966979994206,01c1f36fdcfb6f9c94a079cf38f38be6ed21df60c4bbde7df860ced8ae0cdf17
pnp_bottle_to_cabinet_close,tabletop,ahs,pnp_bottle_to_cabinet_close__seed00030,30,1,73,5.7585256519087125,20.230500535981264,01c1f36fdcfb6f9c94a079cf38f38be6ed21df60c4bbde7df860ced8ae0cdf17
pnp_bottle_to_cabinet_close,tabletop,ahs,pnp_bottle_to_cabinet_close__seed00031,31,0,72,5.66860865909257,19.08846407601959,01c1f36fdcfb6f9c94a079cf38f38be6ed21df60c4bbde7df860ced8ae0cdf17
pnp_bottle_to_cabinet_close,tabletop,ahs,pnp_bottle_to_cabinet_close__seed00032,32,1,75,5.911891017894959,18.38302710998687,01c1f36fdcfb6f9c94a079cf38f38be6ed21df60c4bbde7df860ced8ae0cdf17
pnp_bottle_to_cabinet_close,tabletop,ahs,pnp_bottle_to_cabinet_close__seed00033,33,1,78,6.144931729970267,25.239119542005938,01c1f36fdcfb6f9c94a079cf38f38be6ed21df60c4bbde7df860ced8ae0cdf17
pnp_bottle_to_cabinet_close,tabletop,ahs,pnp_bottle_to_cabinet_close__seed00034,34,0,77,6.084474344999762,20.62675220298115,01c1f36fdcfb6f9c94a079cf38f38be6ed21df60c4bbde7df860ced8ae0cdf17
pnp_bottle_to_cabinet_close,tabletop,ahs,pnp_bottle_to_cabinet_close__seed00035,35,1,75,5.898451104178093,26.55138227599673,01c1f36fdcfb6f9c94a079cf38f38be6ed21df60c4bbde7df860ced8ae0cdf17
pnp_bottle_to_cabinet_close,tabletop,ahs,pnp_bottle_to_cabinet_close__seed00036,36,0,72,5.650959436810808,19.92607420499553,01c1f36fdcfb6f9c94a079cf38f38be6ed21df60c4bbde7df860ced8ae0cdf17
pnp_bottle_to_cabinet_close,tabletop,ahs,pnp_bottle_to_cabinet_close__seed00037,37,1,78,6.121403460972942,20.243073674006155,01c1f36fdcfb6f9c94a079cf38f38be6ed21df60c4bbde7df860ced8ae0cdf17
pnp_bottle_to_cabinet_close,tabletop,ahs,pnp_bottle_to_cabinet_close__seed00038,38,0,75,5.8992970630934,21.885468618012965,01c1f36fdcfb6f9c94a079cf38f38be6ed21df60c4bbde7df860ced8ae0cdf17
pnp_bottle_to_cabinet_close,tabletop,ahs,pnp_bottle_to_cabinet_close__seed00039,39,1,72,5.669962998945266,21.02352701302152,01c1f36fdcfb6f9c94a079cf38f38be6ed21df60c4bbde7df860ced8ae0cdf17
pnp_bottle_to_cabinet_close,tabletop,ahs,pnp_bottle_to_cabinet_close__seed00040,40,1,73,5.758304294984555,19.99442547900253,01c1f36fdcfb6f9c94a079cf38f38be6ed21df60c4bbde7df860ced8ae0cdf17
pnp_bottle_to_cabinet_close,tabletop,ahs,pnp_bottle_to_cabinet_close__seed00041,41,1,72,5.67197522794595,27.301445608987706,01c1f36fdcfb6f9c94a079cf38f38be6ed21df60c4bbde7df860ced8ae0cdf17
pnp_bottle_to_cabinet_close,tabletop,ahs,pnp_bottle_to_cabinet_close__seed00042,42,0,74,5.835371280030813,22.23156147499685,01c1f36fdcfb6f9c94a079cf38f38be6ed21df60c4bbde7df860ced8ae0cdf17
pnp_bottle_to_cabinet_close,tabletop,ahs,pnp_bottle_to_cabinet_close__seed00043,43,0,74,5.817415844096104,26.331005888001528,01c1f36fdcfb6f9c94a079cf38f38be6ed21df60c4bbde7df860ced8ae0cdf17
pnp_bottle_to_cabinet_close,tabletop,ahs,pnp_bottle_to_cabinet_close__seed00044,44,1,75,5.890925569983665,29.184661872015567,01c1f36fdcfb6f9c94a079cf38f38be6ed21df60c4bbde7df860ced8ae0cdf17
pnp_bottle_to_cabinet_close,tabletop,ahs,pnp_bottle_to_cabinet_close__seed00045,45,1,73,5.742178980843164,20.89150373399025,01c1f36fdcfb6f9c94a079cf38f38be6ed21df60c4bbde7df860ced8ae0cdf17
pnp_bottle_to_cabinet_close,tabletop,ahs,pnp_bottle_to_cabinet_close__seed00046,46,1,71,5.5834352530073375,19.631970713002374,01c1f36fdcfb6f9c94a079cf38f38be6ed21df60c4bbde7df860ced8ae0cdf17
pnp_bottle_to_cabinet_close,tabletop,ahs,pnp_bottle_to_cabinet_close__seed00047,47,1,75,5.913699327036738,20.374963433976518,01c1f36fdcfb6f9c94a079cf38f38be6ed21df60c4bbde7df860ced8ae0cdf17
pnp_bottle_to_cabinet_close,tabletop,ahs,pnp_bottle_to_cabinet_close__seed00048,48,1,75,5.908709679963067,20.62781653201091,01c1f36fdcfb6f9c94a079cf38f38be6ed21df60c4bbde7df860ced8ae0cdf17
pnp_bottle_to_cabinet_close,tabletop,ahs,pnp_bottle_to_cabinet_close__seed00049,49,1,80,6.293909884028835,20.317507114988985,01c1f36fdcfb6f9c94a079cf38f38be6ed21df60c4bbde7df860ced8ae0cdf17
pnp_can_to_drawer_close,tabletop,ahs,pnp_can_to_drawer_close__seed00000,0,0,79,6.213153762102593,19.574537631007843,01c1f36fdcfb6f9c94a079cf38f38be6ed21df60c4bbde7df860ced8ae0cdf17
pnp_can_to_drawer_close,tabletop,ahs,pnp_can_to_drawer_close__seed00001,1,0,71,5.582536862086272,19.87309698201716,01c1f36fdcfb6f9c94a079cf38f38be6ed21df60c4bbde7df860ced8ae0cdf17
pnp_can_to_drawer_close,tabletop,ahs,pnp_can_to_drawer_close__seed00002,2,1,82,6.422756127052708,18.628865848004352,01c1f36fdcfb6f9c94a079cf38f38be6ed21df60c4bbde7df860ced8ae0cdf17
pnp_can_to_drawer_close,tabletop,ahs,pnp_can_to_drawer_close__seed00003,3,1,74,5.807321672007674,18.05077142600203,01c1f36fdcfb6f9c94a079cf38f38be6ed21df60c4bbde7df860ced8ae0cdf17
pnp_can_to_drawer_close,tabletop,ahs,pnp_can_to_drawer_close__seed00004,4,1,81,6.358139937045053,21.659141166019253,01c1f36fdcfb6f9c94a079cf38f38be6ed21df60c4bbde7df860ced8ae0cdf17
pnp_can_to_drawer_close,tabletop,ahs,pnp_can_to_drawer_close__seed00005,5,1,75,5.890171632170677,20.337443753000116,01c1f36fdcfb6f9c94a079cf38f38be6ed21df60c4bbde7df860ced8ae0cdf17
pnp_can_to_drawer_close,tabletop,ahs,pnp_can_to_drawer_close__seed00006,6,1,74,5.77426047908375,20.247153053991497,01c1f36fdcfb6f9c94a079cf38f38be6ed21df60c4bbde7df860ced8ae0cdf17
pnp_can_to_drawer_close,tabletop,ahs,pnp_can_to_drawer_close__seed00007,7,1,73,5.711400160944322,18.98737059699488,01c1f36fdcfb6f9c94a079cf38f38be6ed21df60c4bbde7df860ced8ae0cdf17
pnp_can_to_drawer_close,tabletop,ahs,pnp_can_to_drawer_close__seed00008,8,0,83,6.510179852019064,20.355647404998308,01c1f36fdcfb6f9c94a079cf38f38be6ed21df60c4bbde7df860ced8ae0cdf17
pnp_can_to_drawer_close,tabletop,ahs,pnp_can_to_drawer_close__seed00009,9,0,71,5.556399967055768,19.413120782002807,01c1f36fdcfb6f9c94a079cf38f38be6ed21df60c4bbde7df860ced8ae0cdf17
pnp_can_to_drawer_close,tabletop,ahs,pnp_can_to_drawer_close__seed00010,10,1,74,5.794410669943318,20.186777594004525,01c1f36fdcfb6f9c94a079cf38f38be6ed21df60c4bbde7df860ced8ae0cdf17
pnp_can_to_drawer_close,tabletop,ahs,pnp_can_to_drawer_close__seed00011,11,0,80,6.273716516123386,19.717019609001,01c1f36fdcfb6f9c94a079cf38f38be6ed21df60c4bbde7df860ced8ae0cdf17
pnp_can_to_drawer_close,tabletop,ahs,pnp_can_to_drawer_close__seed00012,12,1,77,6.045412610983476,18.619887406995986,01c1f36fdcfb6f9c94a079cf38f38be6ed21df60c4bbde7df860ced8ae0cdf17
pnp_can_to_drawer_close,tabletop,ahs,pnp_can_to_drawer_close__seed00013,13,0,75,5.878830634028418,19.465735086007044,01c1f36fdcfb6f9c94a079cf38f38be6ed21df60c4bbde7df860ced8ae0cdf17
pnp_can_to_drawer_close,tabletop,ahs,pnp_can_to_drawer_close__seed00014,14,1,74,5.815823315904709,20.103956866980297,01c1f36fdcfb6f9c94a079cf38f38be6ed21df60c4bbde7df860ced8ae0cdf17
pnp_can_to_drawer_close,tabletop,ahs,pnp_can_to_drawer_close__seed00015,15,0,74,5.832818570925156,19.61292623600457,01c1f36fdcfb6f9c94a079cf38f38be6ed21df60c4bbde7df860ced8ae0cdf17
pnp_can_to_drawer_close,tabletop,ahs,pnp_can_to_drawer_close__seed00016,16,1,85,6.672783271787921,20.303491005994147,01c1f36fdcfb6f9c94a079cf38f38be6ed21df60c4bbde7df860ced8ae0cdf17
pnp_can_to_drawer_close,tabletop,ahs,pnp_can_to_drawer_close__seed00017,17,1,72,5.643253033049405,18.187639643991133,01c1f36fdcfb6f9c94a079cf38f38be6ed21df60c4bbde7df860ced8ae0cdf17
pnp_can_to_drawer_close,tabletop,ahs,pnp_can_to_drawer_close__seed00018,18,0,83,6.525920479063643,24.707038063002983,01c1f36fdcfb6f9c94a079cf38f38be6ed21df60c4bbde7df860ced8ae0cdf17
pnp_can_to_drawer_close,tabletop,ahs,pnp_can_to_drawer_close__seed00019,19,1,75,5.914001929922961,19.154471506975824,01c1f36fdcfb6f9c94a079cf38f38be6ed21df60c4bbde7df860ced8ae0cdf17
pnp_can_to_drawer_close,tabletop,ahs,pnp_can_to_drawer_close__seed00020,20,0,73,5.736753792094532,18.577267109998502,01c1f36fdcfb6f9c94a079cf38f38be6ed21df60c4bbde7df860ced8ae0cdf17
pnp_can_to_drawer_close,tabletop,ahs,pnp_can_to_drawer_close__seed00021,21,0,83,6.488941015762975,26.559344720008085,01c1f36fdcfb6f9c94a079cf38f38be6ed21df60c4bbde7df860ced8ae0cdf17
pnp_can_to_drawer_close,tabletop,ahs,pnp_can_to_drawer_close__seed00022,22,1,80,6.274771658965619,19.368835399014642,01c1f36fdcfb6f9c94a079cf38f38be6ed21df60c4bbde7df860ced8ae0cdf17
pnp_can_to_drawer_close,tabletop,ahs,pnp_can_to_drawer_close__seed00023,23,1,85,6.669878350046929,19.814768907002872,01c1f36fdcfb6f9c94a079cf38f38be6ed21df60c4bbde7df860ced8ae0cdf17
pnp_can_to_drawer_close,tabletop,ahs,pnp_can_to_drawer_close__seed00024,24,0,77,6.0348920550895855,18.90362385698245,01c1f36fdcfb6f9c94a079cf38f38be6ed21df60c4bbde7df860ced8ae0cdf17
pnp_can_to_drawer_close,tabletop,ahs,pnp_can_to_drawer_close__seed00025,25,1,75,5.8943200599751435,18.405054906994337,01c1f36fdcfb6f9c94a079cf38f38be6ed21df60c4bbde7df860ced8ae0cdf17
pnp_can_to_drawer_close,tabletop,ahs,pnp_can_to_drawer_close__seed00026,26,1,75,5.90681973710889,19.570630764006637,01c1f36fdcfb6f9c94a079cf38f38be6ed21df60c4bbde7df860ced8ae0cdf17
pnp_can_to_drawer_close,tabletop,ahs,pnp_can_to_drawer_close__seed00027,27,1,74,5.7826119960227516,18.85930694398121,01c1f36fdcfb6f9c94a079cf38f38be6ed21df60c4bbde7df860ced8ae0cdf17
pnp_can_to_drawer_close,tabletop,ahs,pnp_can_to_drawer_close__seed00028,28,0,73,5.732995696977014,23.23643613801687,01c1f36fdcfb6f9c94a079cf38f38be6ed21df60c4bbde7df860ced8ae0cdf17
pnp_can_to_drawer_close,tabletop,ahs,pnp_can_to_drawer_close__seed00029,29,1,83,6.539919704926433,24.971006898995256,01c1f36fdcfb6f9c94a079cf38f38be6ed21df60c4bbde7df860ced8ae0cdf17
pnp_can_to_drawer_close,tabletop,ahs,pnp_can_to_drawer_close__seed00030,30,1,79,6.242652291839477,19.958744539006148,01c1f36fdcfb6f9c94a079cf38f38be6ed21df60c4bbde7df860ced8ae0cdf17
pnp_can_to_drawer_close,tabletop,ahs,pnp_can_to_drawer_close__seed00031,31,1,80,6.317816065944498,19.37111301999539,01c1f36fdcfb6f9c94a079cf38f38be6ed21df60c4bbde7df860ced8ae0cdf17
pnp_can_to_drawer_close,tabletop,ahs,pnp_can_to_drawer_close__seed00032,32,0,70,5.517841765074991,17.921791567001492,01c1f36fdcfb6f9c94a079cf38f38be6ed21df60c4bbde7df860ced8ae0cdf17
pnp_can_to_drawer_close,tabletop,ahs,pnp_can_to_drawer_close__seed00033,33,1,72,5.6495996028825175,19.270228015026078,01c1f36fdcfb6f9c94a079cf38f38be6ed21df60c4bbde7df860ced8ae0cdf17
pnp_can_to_drawer_close,tabletop,ahs,pnp_can_to_drawer_close__seed00034,34,0,76,5.955523592798272,25.650477336981567,01c1f36fdcfb6f9c94a079cf38f38be6ed21df60c4bbde7df860ced8ae0cdf17
pnp_can_to_drawer_close,tabletop,ahs,pnp_can_to_drawer_close__seed00035,35,0,83,6.541968662844738,21.361767901020357,01c1f36fdcfb6f9c94a079cf38f38be6ed21df60c4bbde7df860ced8ae0cdf17
pnp_can_to_drawer_close,tabletop,ahs,pnp_can_to_drawer_close__seed00036,36,1,75,5.893042479059659,25.815609787008725,01c1f36fdcfb6f9c94a079cf38f38be6ed21df60c4bbde7df860ced8ae0cdf17
pnp_can_to_drawer_close,tabletop,ahs,pnp_can_to_drawer_close__seed00037,37,1,76,5.971505922061624,18.76663435899536,01c1f36fdcfb6f9c94a079cf38f38be6ed21df60c4bbde7df860ced8ae0cdf17
pnp_can_to_drawer_close,tabletop,ahs,pnp_can_to_drawer_close__seed00038,38,1,73,5.727167753095273,19.14526599601959,01c1f36fdcfb6f9c94a079cf38f38be6ed21df60c4bbde7df860ced8ae0cdf17
pnp_can_to_drawer_close,tabletop,ahs,pnp_can_to_drawer_close__seed00039,39,0,72,5.649033117166255,20.159732616011752,01c1f36fdcfb6f9c94a079cf38f38be6ed21df60c4bbde7df860ced8ae0cdf17
pnp_can_to_drawer_close,tabletop,ahs,pnp_can_to_drawer_close__seed00040,40,0,73,5.723460261098808,18.874539437994827,01c1f36fdcfb6f9c94a079cf38f38be6ed21df60c4bbde7df860ced8ae0cdf17
pnp_can_to_drawer_close,tabletop,ahs,pnp_can_to_drawer_close__seed00041,41,1,80,6.256060637068003,25.337384378974093,01c1f36fdcfb6f9c94a079cf38f38be6ed21df60c4bbde7df860ced8ae0cdf17
pnp_can_to_drawer_close,tabletop,ahs,pnp_can_to_drawer_close__seed00042,42,1,77,6.026482353976462,21.915849454991985,01c1f36fdcfb6f9c94a079cf38f38be6ed21df60c4bbde7df860ced8ae0cdf17
pnp_can_to_drawer_close,tabletop,ahs,pnp_can_to_drawer_close__seed00043,43,0,79,6.206413593026809,18.674160641996423,01c1f36fdcfb6f9c94a079cf38f38be6ed21df60c4bbde7df860ced8ae0cdf17
pnp_can_to_drawer_close,tabletop,ahs,pnp_can_to_drawer_close__seed00044,44,0,80,6.267904290842125,19.74571480602026,01c1f36fdcfb6f9c94a079cf38f38be6ed21df60c4bbde7df860ced8ae0cdf17
pnp_can_to_drawer_close,tabletop,ahs,pnp_can_to_drawer_close__seed00045,45,0,73,5.730478870973457,21.026522775995545,01c1f36fdcfb6f9c94a079cf38f38be6ed21df60c4bbde7df860ced8ae0cdf17
pnp_can_to_drawer_close,tabletop,ahs,pnp_can_to_drawer_close__seed00046,46,1,82,6.457218201190699,19.615712955011986,01c1f36fdcfb6f9c94a079cf38f38be6ed21df60c4bbde7df860ced8ae0cdf17
pnp_can_to_drawer_close,tabletop,ahs,pnp_can_to_drawer_close__seed00047,47,0,75,5.942475233896403,19.849316462001298,01c1f36fdcfb6f9c94a079cf38f38be6ed21df60c4bbde7df860ced8ae0cdf17
pnp_can_to_drawer_close,tabletop,ahs,pnp_can_to_drawer_close__seed00048,48,0,75,5.921962170978077,19.69439992000116,01c1f36fdcfb6f9c94a079cf38f38be6ed21df60c4bbde7df860ced8ae0cdf17
pnp_can_to_drawer_close,tabletop,ahs,pnp_can_to_drawer_close__seed00049,49,1,71,5.580774351983564,18.54368494899245,01c1f36fdcfb6f9c94a079cf38f38be6ed21df60c4bbde7df860ced8ae0cdf17
pnp_cup_to_drawer_close,tabletop,ahs,pnp_cup_to_drawer_close__seed00000,0,0,83,6.501657551940298,20.358679324010154,01c1f36fdcfb6f9c94a079cf38f38be6ed21df60c4bbde7df860ced8ae0cdf17
pnp_cup_to_drawer_close,tabletop,ahs,pnp_cup_to_drawer_close__seed00001,1,1,67,5.251765003951732,20.57966289902106,01c1f36fdcfb6f9c94a079cf38f38be6ed21df60c4bbde7df860ced8ae0cdf17
pnp_cup_to_drawer_close,tabletop,ahs,pnp_cup_to_drawer_close__seed00002,2,1,71,5.5433838050521445,19.186624782014405,01c1f36fdcfb6f9c94a079cf38f38be6ed21df60c4bbde7df860ced8ae0cdf17
pnp_cup_to_drawer_close,tabletop,ahs,pnp_cup_to_drawer_close__seed00003,3,0,66,5.1641427769791335,18.023517082998296,01c1f36fdcfb6f9c94a079cf38f38be6ed21df60c4bbde7df860ced8ae0cdf17
pnp_cup_to_drawer_close,tabletop,ahs,pnp_cup_to_drawer_close__seed00004,4,0,67,5.238008918968262,20.413501261995407,01c1f36fdcfb6f9c94a079cf38f38be6ed21df60c4bbde7df860ced8ae0cdf17
pnp_cup_to_drawer_close,tabletop,ahs,pnp_cup_to_drawer_close__seed00005,5,0,81,6.32917688190355,21.34189390798565,01c1f36fdcfb6f9c94a079cf38f38be6ed21df60c4bbde7df860ced8ae0cdf17
pnp_cup_to_drawer_close,tabletop,ahs,pnp_cup_to_drawer_close__seed00006,6,0,69,5.4032934458809905,20.499135481979465,01c1f36fdcfb6f9c94a079cf38f38be6ed21df60c4bbde7df860ced8ae0cdf17
pnp_cup_to_drawer_close,tabletop,ahs,pnp_cup_to_drawer_close__seed00007,7,1,81,6.340387999138329,20.70169408500078,01c1f36fdcfb6f9c94a079cf38f38be6ed21df60c4bbde7df860ced8ae0cdf17
pnp_cup_to_drawer_close,tabletop,ahs,pnp_cup_to_drawer_close__seed00008,8,1,68,5.330631718155928,20.199546457995893,01c1f36fdcfb6f9c94a079cf38f38be6ed21df60c4bbde7df860ced8ae0cdf17
pnp_cup_to_drawer_close,tabletop,ahs,pnp_cup_to_drawer_close__seed00009,9,0,69,5.406180029996904,19.87352486499003,01c1f36fdcfb6f9c94a079cf38f38be6ed21df60c4bbde7df860ced8ae0cdf17
pnp_cup_to_drawer_close,tabletop,ahs,pnp_cup_to_drawer_close__seed00010,10,0,82,6.427434158977121,21.246424221986672,01c1f36fdcfb6f9c94a079cf38f38be6ed21df60c4bbde7df860ced8ae0cdf17
pnp_cup_to_drawer_close,tabletop,ahs,pnp_cup_to_drawer_close__seed00011,11,1,73,5.714294531091582,20.189961287018377,01c1f36fdcfb6f9c94a079cf38f38be6ed21df60c4bbde7df860ced8ae0cdf17
pnp_cup_to_drawer_close,tabletop,ahs,pnp_cup_to_drawer_close__seed00012,12,0,72,5.624636407097569,18.877252589998534,01c1f36fdcfb6f9c94a079cf38f38be6ed21df60c4bbde7df860ced8ae0cdf17
pnp_cup_to_drawer_close,tabletop,ahs,pnp_cup_to_drawer_close__seed00013,13,0,69,5.40160106291296,18.989931637013797,01c1f36fdcfb6f9c94a079cf38f38be6ed21df60c4bbde7df860ced8ae0cdf17
pnp_cup_to_drawer_close,tabletop,ahs,pnp_cup_to_drawer_close__seed00014,14,0,69,5.401790567935677,20.573156813014066,01c1f36fdcfb6f9c94a079cf38f38be6ed21df60c4bbde7df860ced8ae0cdf17
pnp_cup_to_drawer_close,tabletop,ahs,pnp_cup_to_drawer_close__seed00015,15,0,74,5.8110782500880305,19.78343565799878,01c1f36fdcfb6f9c94a079cf38f38be6ed21df60c4bbde7df860ced8ae0cdf17
pnp_cup_to_drawer_close,tabletop,ahs,pnp_cup_to_drawer_close__seed00016,16,0,71,5.575247661705362,19.69918844901258,01c1f36fdcfb6f9c94a079cf38f38be6ed21df60c4bbde7df860ced8ae0cdf17
pnp_cup_to_drawer_close,tabletop,ahs,pnp_cup_to_drawer_close__seed00017,17,0,72,5.650682340201456,18.84783294700901,01c1f36fdcfb6f9c94a079cf38f38be6ed21df60c4bbde7df860ced8ae0cdf17
pnp_cup_to_drawer_close,tabletop,ahs,pnp_cup_to_drawer_close__seed00018,18,1,66,5.157761444017524,24.667241685994668,01c1f36fdcfb6f9c94a079cf38f38be6ed21df60c4bbde7df860ced8ae0cdf17
pnp_cup_to_drawer_close,tabletop,ahs,pnp_cup_to_drawer_close__seed00019,19,1,69,5.406435853918083,19.307350339979166,01c1f36fdcfb6f9c94a079cf38f38be6ed21df60c4bbde7df860ced8ae0cdf17
pnp_cup_to_drawer_close,tabletop,ahs,pnp_cup_to_drawer_close__seed00020,20,1,79,6.200866976869293,20.045422766008414,01c1f36fdcfb6f9c94a079cf38f38be6ed21df60c4bbde7df860ced8ae0cdf17
pnp_cup_to_drawer_close,tabletop,ahs,pnp_cup_to_drawer_close__seed00021,21,0,82,6.425477828946896,27.195245431008516,01c1f36fdcfb6f9c94a079cf38f38be6ed21df60c4bbde7df860ced8ae0cdf17
pnp_cup_to_drawer_close,tabletop,ahs,pnp_cup_to_drawer_close__seed00022,22,0,66,5.1752820599940605,18.69832553199376,01c1f36fdcfb6f9c94a079cf38f38be6ed21df60c4bbde7df860ced8ae0cdf17
pnp_cup_to_drawer_close,tabletop,ahs,pnp_cup_to_drawer_close__seed00023,23,0,80,6.260936712933471,19.987795679015107,01c1f36fdcfb6f9c94a079cf38f38be6ed21df60c4bbde7df860ced8ae0cdf17
pnp_cup_to_drawer_close,tabletop,ahs,pnp_cup_to_drawer_close__seed00024,24,1,68,5.322151388885686,19.433910660998663,01c1f36fdcfb6f9c94a079cf38f38be6ed21df60c4bbde7df860ced8ae0cdf17
pnp_cup_to_drawer_close,tabletop,ahs,pnp_cup_to_drawer_close__seed00025,25,0,80,6.268413869023789,18.528324132988928,01c1f36fdcfb6f9c94a079cf38f38be6ed21df60c4bbde7df860ced8ae0cdf17
pnp_cup_to_drawer_close,tabletop,ahs,pnp_cup_to_drawer_close__seed00026,26,0,79,6.193221815046854,20.458726383018075,01c1f36fdcfb6f9c94a079cf38f38be6ed21df60c4bbde7df860ced8ae0cdf17
pnp_cup_to_drawer_close,tabletop,ahs,pnp_cup_to_drawer_close__seed00027,27,1,73,5.729307906207396,19.174626794003416,01c1f36fdcfb6f9c94a079cf38f38be6ed21df60c4bbde7df860ced8ae0cdf17
pnp_cup_to_drawer_close,tabletop,ahs,pnp_cup_to_drawer_close__seed00028,28,1,69,5.403656315844273,23.838553759997012,01c1f36fdcfb6f9c94a079cf38f38be6ed21df60c4bbde7df860ced8ae0cdf17
pnp_cup_to_drawer_close,tabletop,ahs,pnp_cup_to_drawer_close__seed00029,29,1,76,5.929252049973002,25.17405829700874,01c1f36fdcfb6f9c94a079cf38f38be6ed21df60c4bbde7df860ced8ae0cdf17
pnp_cup_to_drawer_close,tabletop,ahs,pnp_cup_to_drawer_close__seed00030,30,1,70,5.478465903055621,19.789799177990062,01c1f36fdcfb6f9c94a079cf38f38be6ed21df60c4bbde7df860ced8ae0cdf17
pnp_cup_to_drawer_close,tabletop,ahs,pnp_cup_to_drawer_close__seed00031,31,0,68,5.313435651012696,18.43021556700114,01c1f36fdcfb6f9c94a079cf38f38be6ed21df60c4bbde7df860ced8ae0cdf17
pnp_cup_to_drawer_close,tabletop,ahs,pnp_cup_to_drawer_close__seed00032,32,1,69,5.396936344797723,17.799775221006712,01c1f36fdcfb6f9c94a079cf38f38be6ed21df60c4bbde7df860ced8ae0cdf17
pnp_cup_to_drawer_close,tabletop,ahs,pnp_cup_to_drawer_close__seed00033,33,0,81,6.349403440952301,20.889797547017224,01c1f36fdcfb6f9c94a079cf38f38be6ed21df60c4bbde7df860ced8ae0cdf17
pnp_cup_to_drawer_close,tabletop,ahs,pnp_cup_to_drawer_close__seed00034,34,0,77,6.025638494145824,26.399885481019737,01c1f36fdcfb6f9c94a079cf38f38be6ed21df60c4bbde7df860ced8ae0cdf17
pnp_cup_to_drawer_close,tabletop,ahs,pnp_cup_to_drawer_close__seed00035,35,0,81,6.348601774836425,21.72629170300206,01c1f36fdcfb6f9c94a079cf38f38be6ed21df60c4bbde7df860ced8ae0cdf17
pnp_cup_to_drawer_close,tabletop,ahs,pnp_cup_to_drawer_close__seed00036,36,1,72,5.629249977122527,26.091150021995418,01c1f36fdcfb6f9c94a079cf38f38be6ed21df60c4bbde7df860ced8ae0cdf17
pnp_cup_to_drawer_close,tabletop,ahs,pnp_cup_to_drawer_close__seed00037,37,0,81,6.3509397019515745,19.863129370001843,01c1f36fdcfb6f9c94a079cf38f38be6ed21df60c4bbde7df860ced8ae0cdf17
pnp_cup_to_drawer_close,tabletop,ahs,pnp_cup_to_drawer_close__seed00038,38,0,79,6.189094970992301,20.291912143991794,01c1f36fdcfb6f9c94a079cf38f38be6ed21df60c4bbde7df860ced8ae0cdf17
pnp_cup_to_drawer_close,tabletop,ahs,pnp_cup_to_drawer_close__seed00039,39,0,85,6.652390147995902,21.72641832899535,01c1f36fdcfb6f9c94a079cf38f38be6ed21df60c4bbde7df860ced8ae0cdf17
pnp_cup_to_drawer_close,tabletop,ahs,pnp_cup_to_drawer_close__seed00040,40,0,69,5.391632098006085,19.365553865005495,01c1f36fdcfb6f9c94a079cf38f38be6ed21df60c4bbde7df860ced8ae0cdf17
pnp_cup_to_drawer_close,tabletop,ahs,pnp_cup_to_drawer_close__seed00041,41,1,70,5.465558884839993,25.043985636992147,01c1f36fdcfb6f9c94a079cf38f38be6ed21df60c4bbde7df860ced8ae0cdf17
pnp_cup_to_drawer_close,tabletop,ahs,pnp_cup_to_drawer_close__seed00042,42,0,83,6.491078894992825,22.897873661015183,01c1f36fdcfb6f9c94a079cf38f38be6ed21df60c4bbde7df860ced8ae0cdf17
pnp_cup_to_drawer_close,tabletop,ahs,pnp_cup_to_drawer_close__seed00043,43,0,68,5.325004187907325,18.838606336998055,01c1f36fdcfb6f9c94a079cf38f38be6ed21df60c4bbde7df860ced8ae0cdf17
pnp_cup_to_drawer_close,tabletop,ahs,pnp_cup_to_drawer_close__seed00044,44,0,69,5.408528530038893,18.85781455898541,01c1f36fdcfb6f9c94a079cf38f38be6ed21df60c4bbde7df860ced8ae0cdf17
pnp_cup_to_drawer_close,tabletop,ahs,pnp_cup_to_drawer_close__seed00045,45,1,71,5.555338133999612,21.36893376900116,01c1f36fdcfb6f9c94a079cf38f38be6ed21df60c4bbde7df860ced8ae0cdf17
pnp_cup_to_drawer_close,tabletop,ahs,pnp_cup_to_drawer_close__seed00046,46,1,66,5.170792616991093,18.404245648009237,01c1f36fdcfb6f9c94a079cf38f38be6ed21df60c4bbde7df860ced8ae0cdf17
pnp_cup_to_drawer_close,tabletop,ahs,pnp_cup_to_drawer_close__seed00047,47,0,68,5.319482196937315,18.698152736993507,01c1f36fdcfb6f9c94a079cf38f38be6ed21df60c4bbde7df860ced8ae0cdf17
pnp_cup_to_drawer_close,tabletop,ahs,pnp_cup_to_drawer_close__seed00048,48,1,66,5.17599698912818,19.56674568602466,01c1f36fdcfb6f9c94a079cf38f38be6ed21df60c4bbde7df860ced8ae0cdf17
pnp_cup_to_drawer_close,tabletop,ahs,pnp_cup_to_drawer_close__seed00049,49,1,67,5.249980161053827,18.850101174990414,01c1f36fdcfb6f9c94a079cf38f38be6ed21df60c4bbde7df860ced8ae0cdf17
pnp_milk_to_microwave_close,tabletop,ahs,pnp_milk_to_microwave_close__seed00000,0,0,79,6.171117531892378,20.249408014002256,01c1f36fdcfb6f9c94a079cf38f38be6ed21df60c4bbde7df860ced8ae0cdf17
pnp_milk_to_microwave_close,tabletop,ahs,pnp_milk_to_microwave_close__seed00001,1,0,74,5.79471225690213,20.913196555979084,01c1f36fdcfb6f9c94a079cf38f38be6ed21df60c4bbde7df860ced8ae0cdf17
pnp_milk_to_microwave_close,tabletop,ahs,pnp_milk_to_microwave_close__seed00002,2,1,78,6.079443042981438,20.0878666479839,01c1f36fdcfb6f9c94a079cf38f38be6ed21df60c4bbde7df860ced8ae0cdf17
pnp_milk_to_microwave_close,tabletop,ahs,pnp_milk_to_microwave_close__seed00003,3,1,75,5.894698753923876,19.560943966003833,01c1f36fdcfb6f9c94a079cf38f38be6ed21df60c4bbde7df860ced8ae0cdf17
pnp_milk_to_microwave_close,tabletop,ahs,pnp_milk_to_microwave_close__seed00004,4,0,73,5.718500130082248,23.745624888979364,01c1f36fdcfb6f9c94a079cf38f38be6ed21df60c4bbde7df860ced8ae0cdf17
pnp_milk_to_microwave_close,tabletop,ahs,pnp_milk_to_microwave_close__seed00005,5,1,77,6.02158929297002,21.363031179003883,01c1f36fdcfb6f9c94a079cf38f38be6ed21df60c4bbde7df860ced8ae0cdf17
pnp_milk_to_microwave_close,tabletop,ahs,pnp_milk_to_microwave_close__seed00006,6,1,78,6.095405408239458,23.64565727399895,01c1f36fdcfb6f9c94a079cf38f38be6ed21df60c4bbde7df860ced8ae0cdf17
pnp_milk_to_microwave_close,tabletop,ahs,pnp_milk_to_microwave_close__seed00007,7,1,69,5.389509464002913,19.43554384401068,01c1f36fdcfb6f9c94a079cf38f38be6ed21df60c4bbde7df860ced8ae0cdf17
pnp_milk_to_microwave_close,tabletop,ahs,pnp_milk_to_microwave_close__seed00008,8,0,71,5.554949890909484,21.135783469013404,01c1f36fdcfb6f9c94a079cf38f38be6ed21df60c4bbde7df860ced8ae0cdf17
pnp_milk_to_microwave_close,tabletop,ahs,pnp_milk_to_microwave_close__seed00009,9,0,73,5.705893241974991,21.72313255199697,01c1f36fdcfb6f9c94a079cf38f38be6ed21df60c4bbde7df860ced8ae0cdf17
pnp_milk_to_microwave_close,tabletop,ahs,pnp_milk_to_microwave_close__seed00010,10,1,72,5.6424653510330245,20.89629904399044,01c1f36fdcfb6f9c94a079cf38f38be6ed21df60c4bbde7df860ced8ae0cdf17
pnp_milk_to_microwave_close,tabletop,ahs,pnp_milk_to_microwave_close__seed00011,11,1,71,5.558441345783649,21.456168292992515,01c1f36fdcfb6f9c94a079cf38f38be6ed21df60c4bbde7df860ced8ae0cdf17
pnp_milk_to_microwave_close,tabletop,ahs,pnp_milk_to_microwave_close__seed00012,12,1,73,5.7046500057622325,20.348814655997558,01c1f36fdcfb6f9c94a079cf38f38be6ed21df60c4bbde7df860ced8ae0cdf17
pnp_milk_to_microwave_close,tabletop,ahs,pnp_milk_to_microwave_close__seed00013,13,0,78,6.107224845036399,21.22882820799714,01c1f36fdcfb6f9c94a079cf38f38be6ed21df60c4bbde7df860ced8ae0cdf17
pnp_milk_to_microwave_close,tabletop,ahs,pnp_milk_to_microwave_close__seed00014,14,0,89,6.964035786077147,23.175336461979896,01c1f36fdcfb6f9c94a079cf38f38be6ed21df60c4bbde7df860ced8ae0cdf17
pnp_milk_to_microwave_close,tabletop,ahs,pnp_milk_to_microwave_close__seed00015,15,1,75,5.87454491504468,21.351849024998955,01c1f36fdcfb6f9c94a079cf38f38be6ed21df60c4bbde7df860ced8ae0cdf17
pnp_milk_to_microwave_close,tabletop,ahs,pnp_milk_to_microwave_close__seed00016,16,1,79,6.203780355019262,20.42120976699516,01c1f36fdcfb6f9c94a079cf38f38be6ed21df60c4bbde7df860ced8ae0cdf17
pnp_milk_to_microwave_close,tabletop,ahs,pnp_milk_to_microwave_close__seed00017,17,0,76,5.960611276968848,19.484014702000422,01c1f36fdcfb6f9c94a079cf38f38be6ed21df60c4bbde7df860ced8ae0cdf17
pnp_milk_to_microwave_close,tabletop,ahs,pnp_milk_to_microwave_close__seed00018,18,0,71,5.54369065805804,24.92570357400109,01c1f36fdcfb6f9c94a079cf38f38be6ed21df60c4bbde7df860ced8ae0cdf17
pnp_milk_to_microwave_close,tabletop,ahs,pnp_milk_to_microwave_close__seed00019,19,0,74,5.796230143023422,20.454336736991536,01c1f36fdcfb6f9c94a079cf38f38be6ed21df60c4bbde7df860ced8ae0cdf17
pnp_milk_to_microwave_close,tabletop,ahs,pnp_milk_to_microwave_close__seed00020,20,1,71,5.548584687989205,20.7047214639897,01c1f36fdcfb6f9c94a079cf38f38be6ed21df60c4bbde7df860ced8ae0cdf17
pnp_milk_to_microwave_close,tabletop,ahs,pnp_milk_to_microwave_close__seed00021,21,1,74,5.776496378064621,27.14582195301773,01c1f36fdcfb6f9c94a079cf38f38be6ed21df60c4bbde7df860ced8ae0cdf17
pnp_milk_to_microwave_close,tabletop,ahs,pnp_milk_to_microwave_close__seed00022,22,0,74,5.793581234960584,19.594993095990503,01c1f36fdcfb6f9c94a079cf38f38be6ed21df60c4bbde7df860ced8ae0cdf17
pnp_milk_to_microwave_close,tabletop,ahs,pnp_milk_to_microwave_close__seed00023,23,1,74,5.808945470111212,20.174708784994436,01c1f36fdcfb6f9c94a079cf38f38be6ed21df60c4bbde7df860ced8ae0cdf17
pnp_milk_to_microwave_close,tabletop,ahs,pnp_milk_to_microwave_close__seed00024,24,1,76,5.939262705942383,21.016127281007357,01c1f36fdcfb6f9c94a079cf38f38be6ed21df60c4bbde7df860ced8ae0cdf17
pnp_milk_to_microwave_close,tabletop,ahs,pnp_milk_to_microwave_close__seed00025,25,0,79,6.1920060239499435,20.28555003699148,01c1f36fdcfb6f9c94a079cf38f38be6ed21df60c4bbde7df860ced8ae0cdf17
pnp_milk_to_microwave_close,tabletop,ahs,pnp_milk_to_microwave_close__seed00026,26,0,75,5.858989886008203,20.713491848000558,01c1f36fdcfb6f9c94a079cf38f38be6ed21df60c4bbde7df860ced8ae0cdf17
pnp_milk_to_microwave_close,tabletop,ahs,pnp_milk_to_microwave_close__seed00027,27,0,74,5.793305618950399,20.7766735519981,01c1f36fdcfb6f9c94a079cf38f38be6ed21df60c4bbde7df860ced8ae0cdf17
pnp_milk_to_microwave_close,tabletop,ahs,pnp_milk_to_microwave_close__seed00028,28,0,75,5.859058469039155,25.210625341976993,01c1f36fdcfb6f9c94a079cf38f38be6ed21df60c4bbde7df860ced8ae0cdf17
pnp_milk_to_microwave_close,tabletop,ahs,pnp_milk_to_microwave_close__seed00029,29,1,69,5.392331150098471,25.31642600300256,01c1f36fdcfb6f9c94a079cf38f38be6ed21df60c4bbde7df860ced8ae0cdf17
pnp_milk_to_microwave_close,tabletop,ahs,pnp_milk_to_microwave_close__seed00030,30,0,80,6.254807691060705,21.277741411991883,01c1f36fdcfb6f9c94a079cf38f38be6ed21df60c4bbde7df860ced8ae0cdf17
pnp_milk_to_microwave_close,tabletop,ahs,pnp_milk_to_microwave_close__seed00031,31,0,74,5.7846913989051245,19.787921896990156,01c1f36fdcfb6f9c94a079cf38f38be6ed21df60c4bbde7df860ced8ae0cdf17
pnp_milk_to_microwave_close,tabletop,ahs,pnp_milk_to_microwave_close__seed00032,32,1,74,5.788235170941334,18.606144569988828,01c1f36fdcfb6f9c94a079cf38f38be6ed21df60c4bbde7df860ced8ae0cdf17
pnp_milk_to_microwave_close,tabletop,ahs,pnp_milk_to_microwave_close__seed00033,33,0,75,5.882097649940988,21.420618790987646,01c1f36fdcfb6f9c94a079cf38f38be6ed21df60c4bbde7df860ced8ae0cdf17
pnp_milk_to_microwave_close,tabletop,ahs,pnp_milk_to_microwave_close__seed00034,34,1,74,5.77357374195708,27.11808859501616,01c1f36fdcfb6f9c94a079cf38f38be6ed21df60c4bbde7df860ced8ae0cdf17
pnp_milk_to_microwave_close,tabletop,ahs,pnp_milk_to_microwave_close__seed00035,35,0,73,5.709141328086844,21.922025820007548,01c1f36fdcfb6f9c94a079cf38f38be6ed21df60c4bbde7df860ced8ae0cdf17
pnp_milk_to_microwave_close,tabletop,ahs,pnp_milk_to_microwave_close__seed00036,36,0,80,6.258471034176182,28.130672372004483,01c1f36fdcfb6f9c94a079cf38f38be6ed21df60c4bbde7df860ced8ae0cdf17
pnp_milk_to_microwave_close,tabletop,ahs,pnp_milk_to_microwave_close__seed00037,37,1,71,5.560584487189772,20.037355850014137,01c1f36fdcfb6f9c94a079cf38f38be6ed21df60c4bbde7df860ced8ae0cdf17
pnp_milk_to_microwave_close,tabletop,ahs,pnp_milk_to_microwave_close__seed00038,38,0,75,5.876234982017195,20.858849796000868,01c1f36fdcfb6f9c94a079cf38f38be6ed21df60c4bbde7df860ced8ae0cdf17
pnp_milk_to_microwave_close,tabletop,ahs,pnp_milk_to_microwave_close__seed00039,39,0,70,5.4789745338785,23.274385460012127,01c1f36fdcfb6f9c94a079cf38f38be6ed21df60c4bbde7df860ced8ae0cdf17
pnp_milk_to_microwave_close,tabletop,ahs,pnp_milk_to_microwave_close__seed00040,40,1,78,6.101550346997101,20.602519171021413,01c1f36fdcfb6f9c94a079cf38f38be6ed21df60c4bbde7df860ced8ae0cdf17
pnp_milk_to_microwave_close,tabletop,ahs,pnp_milk_to_microwave_close__seed00041,41,1,81,6.323227533051977,26.011729428981198,01c1f36fdcfb6f9c94a079cf38f38be6ed21df60c4bbde7df860ced8ae0cdf17
pnp_milk_to_microwave_close,tabletop,ahs,pnp_milk_to_microwave_close__seed00042,42,0,72,5.619695865956601,23.57487632901757,01c1f36fdcfb6f9c94a079cf38f38be6ed21df60c4bbde7df860ced8ae0cdf17
pnp_milk_to_microwave_close,tabletop,ahs,pnp_milk_to_microwave_close__seed00043,43,1,73,5.721295077237301,19.448730283998884,01c1f36fdcfb6f9c94a079cf38f38be6ed21df60c4bbde7df860ced8ae0cdf17
pnp_milk_to_microwave_close,tabletop,ahs,pnp_milk_to_microwave_close__seed00044,44,0,74,5.797783003974473,20.090937530010706,01c1f36fdcfb6f9c94a079cf38f38be6ed21df60c4bbde7df860ced8ae0cdf17
pnp_milk_to_microwave_close,tabletop,ahs,pnp_milk_to_microwave_close__seed00045,45,1,77,6.0305477370275185,21.790126623003744,01c1f36fdcfb6f9c94a079cf38f38be6ed21df60c4bbde7df860ced8ae0cdf17
pnp_milk_to_microwave_close,tabletop,ahs,pnp_milk_to_microwave_close__seed00046,46,0,74,5.808412939222762,20.85852196297492,01c1f36fdcfb6f9c94a079cf38f38be6ed21df60c4bbde7df860ced8ae0cdf17
pnp_milk_to_microwave_close,tabletop,ahs,pnp_milk_to_microwave_close__seed00047,47,0,73,5.714903254876845,21.35172892198898,01c1f36fdcfb6f9c94a079cf38f38be6ed21df60c4bbde7df860ced8ae0cdf17
pnp_milk_to_microwave_close,tabletop,ahs,pnp_milk_to_microwave_close__seed00048,48,0,76,5.939603885111865,21.29419531399617,01c1f36fdcfb6f9c94a079cf38f38be6ed21df60c4bbde7df860ced8ae0cdf17
pnp_milk_to_microwave_close,tabletop,ahs,pnp_milk_to_microwave_close__seed00049,49,0,78,6.100319966993993,26.122694055986358,01c1f36fdcfb6f9c94a079cf38f38be6ed21df60c4bbde7df860ced8ae0cdf17
pnp_potato_to_microwave_close,tabletop,ahs,pnp_potato_to_microwave_close__seed00000,0,0,80,6.282149652106455,20.550073971011443,01c1f36fdcfb6f9c94a079cf38f38be6ed21df60c4bbde7df860ced8ae0cdf17
pnp_potato_to_microwave_close,tabletop,ahs,pnp_potato_to_microwave_close__seed00001,1,1,82,6.417982196813682,22.99989055201877,01c1f36fdcfb6f9c94a079cf38f38be6ed21df60c4bbde7df860ced8ae0cdf17
pnp_potato_to_microwave_close,tabletop,ahs,pnp_potato_to_microwave_close__seed00002,2,1,75,5.873033242911333,20.49616326400428,01c1f36fdcfb6f9c94a079cf38f38be6ed21df60c4bbde7df860ced8ae0cdf17
pnp_potato_to_microwave_close,tabletop,ahs,pnp_potato_to_microwave_close__seed00003,3,1,76,5.9382814548444,19.76660280302167,01c1f36fdcfb6f9c94a079cf38f38be6ed21df60c4bbde7df860ced8ae0cdf17
pnp_potato_to_microwave_close,tabletop,ahs,pnp_potato_to_microwave_close__seed00004,4,1,78,6.093540954112541,21.774310079985298,01c1f36fdcfb6f9c94a079cf38f38be6ed21df60c4bbde7df860ced8ae0cdf17
pnp_potato_to_microwave_close,tabletop,ahs,pnp_potato_to_microwave_close__seed00005,5,0,70,5.463508084125351,20.937612679001177,01c1f36fdcfb6f9c94a079cf38f38be6ed21df60c4bbde7df860ced8ae0cdf17
pnp_potato_to_microwave_close,tabletop,ahs,pnp_potato_to_microwave_close__seed00006,6,0,78,6.086180709011387,21.353756833006628,01c1f36fdcfb6f9c94a079cf38f38be6ed21df60c4bbde7df860ced8ae0cdf17
pnp_potato_to_microwave_close,tabletop,ahs,pnp_potato_to_microwave_close__seed00007,7,1,80,6.253688295051688,21.097657783015165,01c1f36fdcfb6f9c94a079cf38f38be6ed21df60c4bbde7df860ced8ae0cdf17
pnp_potato_to_microwave_close,tabletop,ahs,pnp_potato_to_microwave_close__seed00008,8,0,77,6.020638529997086,27.43072461997508,01c1f36fdcfb6f9c94a079cf38f38be6ed21df60c4bbde7df860ced8ae0cdf17
pnp_potato_to_microwave_close,tabletop,ahs,pnp_potato_to_microwave_close__seed00009,9,0,79,6.173317433975171,27.545490517979488,01c1f36fdcfb6f9c94a079cf38f38be6ed21df60c4bbde7df860ced8ae0cdf17
pnp_potato_to_microwave_close,tabletop,ahs,pnp_potato_to_microwave_close__seed00010,10,1,76,5.949687032873044,22.678268282004865,01c1f36fdcfb6f9c94a079cf38f38be6ed21df60c4bbde7df860ced8ae0cdf17
pnp_potato_to_microwave_close,tabletop,ahs,pnp_potato_to_microwave_close__seed00011,11,0,80,6.26637030011625,21.838263973011635,01c1f36fdcfb6f9c94a079cf38f38be6ed21df60c4bbde7df860ced8ae0cdf17
pnp_potato_to_microwave_close,tabletop,ahs,pnp_potato_to_microwave_close__seed00012,12,0,82,6.413033054035623,21.713717987993732,01c1f36fdcfb6f9c94a079cf38f38be6ed21df60c4bbde7df860ced8ae0cdf17
pnp_potato_to_microwave_close,tabletop,ahs,pnp_potato_to_microwave_close__seed00013,13,0,83,6.484502381208586,20.981968301988672,01c1f36fdcfb6f9c94a079cf38f38be6ed21df60c4bbde7df860ced8ae0cdf17
pnp_potato_to_microwave_close,tabletop,ahs,pnp_potato_to_microwave_close__seed00014,14,0,73,5.705682425003033,22.484820372017566,01c1f36fdcfb6f9c94a079cf38f38be6ed21df60c4bbde7df860ced8ae0cdf17
pnp_potato_to_microwave_close,tabletop,ahs,pnp_potato_to_microwave_close__seed00015,15,0,77,6.030660072894534,20.20010992398602,01c1f36fdcfb6f9c94a079cf38f38be6ed21df60c4bbde7df860ced8ae0cdf17
pnp_potato_to_microwave_close,tabletop,ahs,pnp_potato_to_microwave_close__seed00016,16,0,77,6.035188397043385,20.396532986982493,01c1f36fdcfb6f9c94a079cf38f38be6ed21df60c4bbde7df860ced8ae0cdf17
pnp_potato_to_microwave_close,tabletop,ahs,pnp_potato_to_microwave_close__seed00017,17,0,78,6.105638820066815,19.59785238999757,01c1f36fdcfb6f9c94a079cf38f38be6ed21df60c4bbde7df860ced8ae0cdf17
pnp_potato_to_microwave_close,tabletop,ahs,pnp_potato_to_microwave_close__seed00018,18,0,76,5.922131702129263,26.376308216014877,01c1f36fdcfb6f9c94a079cf38f38be6ed21df60c4bbde7df860ced8ae0cdf17
pnp_potato_to_microwave_close,tabletop,ahs,pnp_potato_to_microwave_close__seed00019,19,0,80,6.258552806015359,20.763818321021972,01c1f36fdcfb6f9c94a079cf38f38be6ed21df60c4bbde7df860ced8ae0cdf17
pnp_potato_to_microwave_close,tabletop,ahs,pnp_potato_to_microwave_close__seed00020,20,1,79,6.185073579137679,20.956340476986952,01c1f36fdcfb6f9c94a079cf38f38be6ed21df60c4bbde7df860ced8ae0cdf17
pnp_potato_to_microwave_close,tabletop,ahs,pnp_potato_to_microwave_close__seed00021,21,0,81,6.322524656919995,27.597287188022165,01c1f36fdcfb6f9c94a079cf38f38be6ed21df60c4bbde7df860ced8ae0cdf17
pnp_potato_to_microwave_close,tabletop,ahs,pnp_potato_to_microwave_close__seed00022,22,0,74,5.799297619931167,20.233290367992595,01c1f36fdcfb6f9c94a079cf38f38be6ed21df60c4bbde7df860ced8ae0cdf17
pnp_potato_to_microwave_close,tabletop,ahs,pnp_potato_to_microwave_close__seed00023,23,0,75,5.856168782018358,19.63222534500528,01c1f36fdcfb6f9c94a079cf38f38be6ed21df60c4bbde7df860ced8ae0cdf17
pnp_potato_to_microwave_close,tabletop,ahs,pnp_potato_to_microwave_close__seed00024,24,1,77,6.008958109916421,22.448137948988006,01c1f36fdcfb6f9c94a079cf38f38be6ed21df60c4bbde7df860ced8ae0cdf17
pnp_potato_to_microwave_close,tabletop,ahs,pnp_potato_to_microwave_close__seed00025,25,1,75,5.866406759945676,19.521176854002988,01c1f36fdcfb6f9c94a079cf38f38be6ed21df60c4bbde7df860ced8ae0cdf17
pnp_potato_to_microwave_close,tabletop,ahs,pnp_potato_to_microwave_close__seed00026,26,0,76,5.925472493021516,26.120655162987532,01c1f36fdcfb6f9c94a079cf38f38be6ed21df60c4bbde7df860ced8ae0cdf17
pnp_potato_to_microwave_close,tabletop,ahs,pnp_potato_to_microwave_close__seed00027,27,0,77,6.028690216771793,20.506038560997695,01c1f36fdcfb6f9c94a079cf38f38be6ed21df60c4bbde7df860ced8ae0cdf17
pnp_potato_to_microwave_close,tabletop,ahs,pnp_potato_to_microwave_close__seed00028,28,0,77,6.003930865059374,25.280491021985654,01c1f36fdcfb6f9c94a079cf38f38be6ed21df60c4bbde7df860ced8ae0cdf17
pnp_potato_to_microwave_close,tabletop,ahs,pnp_potato_to_microwave_close__seed00029,29,1,81,6.330877618049271,26.564538804988842,01c1f36fdcfb6f9c94a079cf38f38be6ed21df60c4bbde7df860ced8ae0cdf17
pnp_potato_to_microwave_close,tabletop,ahs,pnp_potato_to_microwave_close__seed00030,30,0,77,6.025066988833714,21.96515616000397,01c1f36fdcfb6f9c94a079cf38f38be6ed21df60c4bbde7df860ced8ae0cdf17
pnp_potato_to_microwave_close,tabletop,ahs,pnp_potato_to_microwave_close__seed00031,31,0,81,6.3236569419677835,20.435304178012302,01c1f36fdcfb6f9c94a079cf38f38be6ed21df60c4bbde7df860ced8ae0cdf17
pnp_potato_to_microwave_close,tabletop,ahs,pnp_potato_to_microwave_close__seed00032,32,0,78,6.102600224839989,20.12226010399172,01c1f36fdcfb6f9c94a079cf38f38be6ed21df60c4bbde7df860ced8ae0cdf17
pnp_potato_to_microwave_close,tabletop,ahs,pnp_potato_to_microwave_close__seed00033,33,0,75,5.8663692851841915,21.582091412012232,01c1f36fdcfb6f9c94a079cf38f38be6ed21df60c4bbde7df860ced8ae0cdf17
pnp_potato_to_microwave_close,tabletop,ahs,pnp_potato_to_microwave_close__seed00034,34,1,77,6.025811813946348,27.69575464198715,01c1f36fdcfb6f9c94a079cf38f38be6ed21df60c4bbde7df860ced8ae0cdf17
pnp_potato_to_microwave_close,tabletop,ahs,pnp_potato_to_microwave_close__seed00035,35,0,79,6.158898181078257,22.325069378013723,01c1f36fdcfb6f9c94a079cf38f38be6ed21df60c4bbde7df860ced8ae0cdf17
pnp_potato_to_microwave_close,tabletop,ahs,pnp_potato_to_microwave_close__seed00036,36,0,79,6.155264861881733,27.892856536986073,01c1f36fdcfb6f9c94a079cf38f38be6ed21df60c4bbde7df860ced8ae0cdf17
pnp_potato_to_microwave_close,tabletop,ahs,pnp_potato_to_microwave_close__seed00037,37,1,81,6.315255355933914,20.81496054297895,01c1f36fdcfb6f9c94a079cf38f38be6ed21df60c4bbde7df860ced8ae0cdf17
pnp_potato_to_microwave_close,tabletop,ahs,pnp_potato_to_microwave_close__seed00038,38,0,77,6.005777971062344,21.087096532981377,01c1f36fdcfb6f9c94a079cf38f38be6ed21df60c4bbde7df860ced8ae0cdf17
pnp_potato_to_microwave_close,tabletop,ahs,pnp_potato_to_microwave_close__seed00039,39,0,79,6.1829616380273364,21.882851188012864,01c1f36fdcfb6f9c94a079cf38f38be6ed21df60c4bbde7df860ced8ae0cdf17
pnp_potato_to_microwave_close,tabletop,ahs,pnp_potato_to_microwave_close__seed00040,40,1,77,6.035516695003025,27.061779273994034,01c1f36fdcfb6f9c94a079cf38f38be6ed21df60c4bbde7df860ced8ae0cdf17
pnp_potato_to_microwave_close,tabletop,ahs,pnp_potato_to_microwave_close__seed00041,41,0,81,6.330916245060507,26.23913666899898,01c1f36fdcfb6f9c94a079cf38f38be6ed21df60c4bbde7df860ced8ae0cdf17
pnp_potato_to_microwave_close,tabletop,ahs,pnp_potato_to_microwave_close__seed00042,42,1,75,5.858148143946892,24.211844573001144,01c1f36fdcfb6f9c94a079cf38f38be6ed21df60c4bbde7df860ced8ae0cdf17
pnp_potato_to_microwave_close,tabletop,ahs,pnp_potato_to_microwave_close__seed00043,43,0,77,6.038554063910851,20.148942122992594,01c1f36fdcfb6f9c94a079cf38f38be6ed21df60c4bbde7df860ced8ae0cdf17
pnp_potato_to_microwave_close,tabletop,ahs,pnp_potato_to_microwave_close__seed00044,44,1,73,5.703436952084303,19.843665392982075,01c1f36fdcfb6f9c94a079cf38f38be6ed21df60c4bbde7df860ced8ae0cdf17
pnp_potato_to_microwave_close,tabletop,ahs,pnp_potato_to_microwave_close__seed00045,45,0,75,5.870062432950363,23.959702118998393,01c1f36fdcfb6f9c94a079cf38f38be6ed21df60c4bbde7df860ced8ae0cdf17
pnp_potato_to_microwave_close,tabletop,ahs,pnp_potato_to_microwave_close__seed00046,46,0,78,6.100915960996645,20.76489924598718,01c1f36fdcfb6f9c94a079cf38f38be6ed21df60c4bbde7df860ced8ae0cdf17
pnp_potato_to_microwave_close,tabletop,ahs,pnp_potato_to_microwave_close__seed00047,47,0,79,6.173069327021949,20.94236917802482,01c1f36fdcfb6f9c94a079cf38f38be6ed21df60c4bbde7df860ced8ae0cdf17
pnp_potato_to_microwave_close,tabletop,ahs,pnp_potato_to_microwave_close__seed00048,48,0,84,6.562154869054211,21.376713640987873,01c1f36fdcfb6f9c94a079cf38f38be6ed21df60c4bbde7df860ced8ae0cdf17
pnp_potato_to_microwave_close,tabletop,ahs,pnp_potato_to_microwave_close__seed00049,49,0,76,5.945995098038111,26.158763182000257,01c1f36fdcfb6f9c94a079cf38f38be6ed21df60c4bbde7df860ced8ae0cdf17
pnp_wine_to_cabinet_close,tabletop,ahs,pnp_wine_to_cabinet_close__seed00000,0,0,80,6.252993022935698,20.384459811000852,01c1f36fdcfb6f9c94a079cf38f38be6ed21df60c4bbde7df860ced8ae0cdf17
pnp_wine_to_cabinet_close,tabletop,ahs,pnp_wine_to_cabinet_close__seed00001,1,0,79,6.180636226927163,26.19073627999751,01c1f36fdcfb6f9c94a079cf38f38be6ed21df60c4bbde7df860ced8ae0cdf17
pnp_wine_to_cabinet_close,tabletop,ahs,pnp_wine_to_cabinet_close__seed00002,2,1,75,5.864735276001738,19.702406673983205,01c1f36fdcfb6f9c94a079cf38f38be6ed21df60c4bbde7df860ced8ae0cdf17
pnp_wine_to_cabinet_close,tabletop,ahs,pnp_wine_to_cabinet_close__seed00003,3,1,81,6.329609975946369,25.751266194012715,01c1f36fdcfb6f9c94a079cf38f38be6ed21df60c4bbde7df860ced8ae0cdf17
pnp_wine_to_cabinet_close,tabletop,ahs,pnp_wine_to_cabinet_close__seed00004,4,1,76,5.939510433818214,21.1701838390145,01c1f36fdcfb6f9c94a079cf38f38be6ed21df60c4bbde7df860ced8ae0cdf17
pnp_wine_to_cabinet_close,tabletop,ahs,pnp_wine_to_cabinet_close__seed00005,5,1,76,5.934667063964298,21.63017893000506,01c1f36fdcfb6f9c94a079cf38f38be6ed21df60c4bbde7df860ced8ae0cdf17
pnp_wine_to_cabinet_close,tabletop,ahs,pnp_wine_to_cabinet_close__seed00006,6,1,79,6.190153489034856,20.782389122003224,01c1f36fdcfb6f9c94a079cf38f38be6ed21df60c4bbde7df860ced8ae0cdf17
pnp_wine_to_cabinet_close,tabletop,ahs,pnp_wine_to_cabinet_close__seed00007,7,1,82,6.406067323026946,21.74562674399931,01c1f36fdcfb6f9c94a079cf38f38be6ed21df60c4bbde7df860ced8ae0cdf17
pnp_wine_to_cabinet_close,tabletop,ahs,pnp_wine_to_cabinet_close__seed00008,8,0,79,6.152070726820966,25.036155602982035,01c1f36fdcfb6f9c94a079cf38f38be6ed21df60c4bbde7df860ced8ae0cdf17
pnp_wine_to_cabinet_close,tabletop,ahs,pnp_wine_to_cabinet_close__seed00009,9,0,81,6.337564030982321,20.166056697024032,01c1f36fdcfb6f9c94a079cf38f38be6ed21df60c4bbde7df860ced8ae0cdf17
pnp_wine_to_cabinet_close,tabletop,ahs,pnp_wine_to_cabinet_close__seed00010,10,0,84,6.57038102610386,21.59275914900354,01c1f36fdcfb6f9c94a079cf38f38be6ed21df60c4bbde7df860ced8ae0cdf17
pnp_wine_to_cabinet_close,tabletop,ahs,pnp_wine_to_cabinet_close__seed00011,11,0,78,6.098181543900864,18.55106192699168,01c1f36fdcfb6f9c94a079cf38f38be6ed21df60c4bbde7df860ced8ae0cdf17
pnp_wine_to_cabinet_close,tabletop,ahs,pnp_wine_to_cabinet_close__seed00012,12,1,72,5.617530039977282,19.002820700989105,01c1f36fdcfb6f9c94a079cf38f38be6ed21df60c4bbde7df860ced8ae0cdf17
pnp_wine_to_cabinet_close,tabletop,ahs,pnp_wine_to_cabinet_close__seed00013,13,1,82,6.436119538033381,21.313393388001714,01c1f36fdcfb6f9c94a079cf38f38be6ed21df60c4bbde7df860ced8ae0cdf17
pnp_wine_to_cabinet_close,tabletop,ahs,pnp_wine_to_cabinet_close__seed00014,14,1,77,6.00159700808581,29.28215264598839,01c1f36fdcfb6f9c94a079cf38f38be6ed21df60c4bbde7df860ced8ae0cdf17
pnp_wine_to_cabinet_close,tabletop,ahs,pnp_wine_to_cabinet_close__seed00015,15,0,79,6.188311709207483,20.883445507992292,01c1f36fdcfb6f9c94a079cf38f38be6ed21df60c4bbde7df860ced8ae0cdf17
pnp_wine_to_cabinet_close,tabletop,ahs,pnp_wine_to_cabinet_close__seed00016,16,0,77,6.026646330050426,20.52710075597861,01c1f36fdcfb6f9c94a079cf38f38be6ed21df60c4bbde7df860ced8ae0cdf17
pnp_wine_to_cabinet_close,tabletop,ahs,pnp_wine_to_cabinet_close__seed00017,17,1,80,6.257887621090049,25.664885290985694,01c1f36fdcfb6f9c94a079cf38f38be6ed21df60c4bbde7df860ced8ae0cdf17
pnp_wine_to_cabinet_close,tabletop,ahs,pnp_wine_to_cabinet_close__seed00018,18,0,78,6.0827531097165775,19.611810832982883,01c1f36fdcfb6f9c94a079cf38f38be6ed21df60c4bbde7df860ced8ae0cdf17
pnp_wine_to_cabinet_close,tabletop,ahs,pnp_wine_to_cabinet_close__seed00019,19,0,79,6.167019857064588,20.984196023986442,01c1f36fdcfb6f9c94a079cf38f38be6ed21df60c4bbde7df860ced8ae0cdf17
pnp_wine_to_cabinet_close,tabletop,ahs,pnp_wine_to_cabinet_close__seed00020,20,0,79,6.169607696880121,19.748120211996138,01c1f36fdcfb6f9c94a079cf38f38be6ed21df60c4bbde7df860ced8ae0cdf17
pnp_wine_to_cabinet_close,tabletop,ahs,pnp_wine_to_cabinet_close__seed00021,21,0,79,6.181201222061645,21.586328628996853,01c1f36fdcfb6f9c94a079cf38f38be6ed21df60c4bbde7df860ced8ae0cdf17
pnp_wine_to_cabinet_close,tabletop,ahs,pnp_wine_to_cabinet_close__seed00022,22,1,81,6.339099233155139,21.067580421018647,01c1f36fdcfb6f9c94a079cf38f38be6ed21df60c4bbde7df860ced8ae0cdf17
pnp_wine_to_cabinet_close,tabletop,ahs,pnp_wine_to_cabinet_close__seed00023,23,0,80,6.246278308855835,21.459443976025796,01c1f36fdcfb6f9c94a079cf38f38be6ed21df60c4bbde7df860ced8ae0cdf17
pnp_wine_to_cabinet_close,tabletop,ahs,pnp_wine_to_cabinet_close__seed00024,24,1,79,6.178867008042289,19.95118202600861,01c1f36fdcfb6f9c94a079cf38f38be6ed21df60c4bbde7df860ced8ae0cdf17
pnp_wine_to_cabinet_close,tabletop,ahs,pnp_wine_to_cabinet_close__seed00025,25,1,74,5.869303346960805,19.274662885989528,01c1f36fdcfb6f9c94a079cf38f38be6ed21df60c4bbde7df860ced8ae0cdf17
pnp_wine_to_cabinet_close,tabletop,ahs,pnp_wine_to_cabinet_close__seed00026,26,1,80,6.446742896892829,20.672924615006195,01c1f36fdcfb6f9c94a079cf38f38be6ed21df60c4bbde7df860ced8ae0cdf17
pnp_wine_to_cabinet_close,tabletop,ahs,pnp_wine_to_cabinet_close__seed00027,27,1,77,6.1866671621392015,19.629527198994765,01c1f36fdcfb6f9c94a079cf38f38be6ed21df60c4bbde7df860ced8ae0cdf17
pnp_wine_to_cabinet_close,tabletop,ahs,pnp_wine_to_cabinet_close__seed00028,28,0,82,6.84181835691561,20.51586840499658,01c1f36fdcfb6f9c94a079cf38f38be6ed21df60c4bbde7df860ced8ae0cdf17
pnp_wine_to_cabinet_close,tabletop,ahs,pnp_wine_to_cabinet_close__seed00029,29,0,77,6.2156071260687895,20.955218661983963,01c1f36fdcfb6f9c94a079cf38f38be6ed21df60c4bbde7df860ced8ae0cdf17
pnp_wine_to_cabinet_close,tabletop,ahs,pnp_wine_to_cabinet_close__seed00030,30,1,78,6.4529742058657575,20.784059293975588,01c1f36fdcfb6f9c94a079cf38f38be6ed21df60c4bbde7df860ced8ae0cdf17
pnp_wine_to_cabinet_close,tabletop,ahs,pnp_wine_to_cabinet_close__seed00031,31,1,74,6.123954943090212,19.99351276998641,01c1f36fdcfb6f9c94a079cf38f38be6ed21df60c4bbde7df860ced8ae0cdf17
pnp_wine_to_cabinet_close,tabletop,ahs,pnp_wine_to_cabinet_close__seed00032,32,1,74,6.093559789907886,18.934134851006093,01c1f36fdcfb6f9c94a079cf38f38be6ed21df60c4bbde7df860ced8ae0cdf17
pnp_wine_to_cabinet_close,tabletop,ahs,pnp_wine_to_cabinet_close__seed00033,33,0,80,6.478480474033859,24.57922788700671,01c1f36fdcfb6f9c94a079cf38f38be6ed21df60c4bbde7df860ced8ae0cdf17
pnp_wine_to_cabinet_close,tabletop,ahs,pnp_wine_to_cabinet_close__seed00034,34,1,77,6.373268713214202,21.33145114398212,01c1f36fdcfb6f9c94a079cf38f38be6ed21df60c4bbde7df860ced8ae0cdf17
pnp_wine_to_cabinet_close,tabletop,ahs,pnp_wine_to_cabinet_close__seed00035,35,1,77,6.477286750101484,27.129523807991063,01c1f36fdcfb6f9c94a079cf38f38be6ed21df60c4bbde7df860ced8ae0cdf17
pnp_wine_to_cabinet_close,tabletop,ahs,pnp_wine_to_cabinet_close__seed00036,36,0,75,6.315796346985735,20.387419192004018,01c1f36fdcfb6f9c94a079cf38f38be6ed21df60c4bbde7df860ced8ae0cdf17
pnp_wine_to_cabinet_close,tabletop,ahs,pnp_wine_to_cabinet_close__seed00037,37,0,75,6.250603093125392,19.386957937997067,01c1f36fdcfb6f9c94a079cf38f38be6ed21df60c4bbde7df860ced8ae0cdf17
pnp_wine_to_cabinet_close,tabletop,ahs,pnp_wine_to_cabinet_close__seed00038,38,0,76,6.361421829817118,22.217571310000494,01c1f36fdcfb6f9c94a079cf38f38be6ed21df60c4bbde7df860ced8ae0cdf17
pnp_wine_to_cabinet_close,tabletop,ahs,pnp_wine_to_cabinet_close__seed00039,39,0,80,6.708649254142074,22.02459507100866,01c1f36fdcfb6f9c94a079cf38f38be6ed21df60c4bbde7df860ced8ae0cdf17
pnp_wine_to_cabinet_close,tabletop,ahs,pnp_wine_to_cabinet_close__seed00040,40,1,78,6.4851935158949345,21.083413787011523,01c1f36fdcfb6f9c94a079cf38f38be6ed21df60c4bbde7df860ced8ae0cdf17
pnp_wine_to_cabinet_close,tabletop,ahs,pnp_wine_to_cabinet_close__seed00041,41,1,78,6.461265891906805,28.29626935100532,01c1f36fdcfb6f9c94a079cf38f38be6ed21df60c4bbde7df860ced8ae0cdf17
pnp_wine_to_cabinet_close,tabletop,ahs,pnp_wine_to_cabinet_close__seed00042,42,1,78,6.553540352819255,23.227305668988265,01c1f36fdcfb6f9c94a079cf38f38be6ed21df60c4bbde7df860ced8ae0cdf17
pnp_wine_to_cabinet_close,tabletop,ahs,pnp_wine_to_cabinet_close__seed00043,43,0,80,6.698687303985935,24.663467079022666,01c1f36fdcfb6f9c94a079cf38f38be6ed21df60c4bbde7df860ced8ae0cdf17
pnp_wine_to_cabinet_close,tabletop,ahs,pnp_wine_to_cabinet_close__seed00044,44,1,80,6.70971243979875,29.46915617500781,01c1f36fdcfb6f9c94a079cf38f38be6ed21df60c4bbde7df860ced8ae0cdf17
pnp_wine_to_cabinet_close,tabletop,ahs,pnp_wine_to_cabinet_close__seed00045,45,1,78,6.550032799015753,21.747790136025287,01c1f36fdcfb6f9c94a079cf38f38be6ed21df60c4bbde7df860ced8ae0cdf17
pnp_wine_to_cabinet_close,tabletop,ahs,pnp_wine_to_cabinet_close__seed00046,46,0,78,6.5360555200022645,20.57646633600234,01c1f36fdcfb6f9c94a079cf38f38be6ed21df60c4bbde7df860ced8ae0cdf17
pnp_wine_to_cabinet_close,tabletop,ahs,pnp_wine_to_cabinet_close__seed00047,47,1,78,6.48169113122276,20.450328767008614,01c1f36fdcfb6f9c94a079cf38f38be6ed21df60c4bbde7df860ced8ae0cdf17
pnp_wine_to_cabinet_close,tabletop,ahs,pnp_wine_to_cabinet_close__seed00048,48,1,77,6.292327470175223,20.689867745008087,01c1f36fdcfb6f9c94a079cf38f38be6ed21df60c4bbde7df860ced8ae0cdf17
pnp_wine_to_cabinet_close,tabletop,ahs,pnp_wine_to_cabinet_close__seed00049,49,1,79,6.495058017986594,21.047361540986458,01c1f36fdcfb6f9c94a079cf38f38be6ed21df60c4bbde7df860ced8ae0cdf17
posttrain_pnp_novel_from_cuttingboard_to_basket,tabletop,ahs,posttrain_pnp_novel_from_cuttingboard_to_basket__seed00000,0,0,81,6.619892945920583,23.547853391995886,01c1f36fdcfb6f9c94a079cf38f38be6ed21df60c4bbde7df860ced8ae0cdf17
posttrain_pnp_novel_from_cuttingboard_to_basket,tabletop,ahs,posttrain_pnp_novel_from_cuttingboard_to_basket__seed00001,1,0,88,7.2254616849531885,22.752353186981054,01c1f36fdcfb6f9c94a079cf38f38be6ed21df60c4bbde7df860ced8ae0cdf17
posttrain_pnp_novel_from_cuttingboard_to_basket,tabletop,ahs,posttrain_pnp_novel_from_cuttingboard_to_basket__seed00002,2,1,83,6.8211468111258,22.416007330000866,01c1f36fdcfb6f9c94a079cf38f38be6ed21df60c4bbde7df860ced8ae0cdf17
posttrain_pnp_novel_from_cuttingboard_to_basket,tabletop,ahs,posttrain_pnp_novel_from_cuttingboard_to_basket__seed00003,3,0,75,6.166791059134994,20.329084950994,01c1f36fdcfb6f9c94a079cf38f38be6ed21df60c4bbde7df860ced8ae0cdf17
posttrain_pnp_novel_from_cuttingboard_to_basket,tabletop,ahs,posttrain_pnp_novel_from_cuttingboard_to_basket__seed00004,4,0,81,6.66644508796162,29.784972569992533,01c1f36fdcfb6f9c94a079cf38f38be6ed21df60c4bbde7df860ced8ae0cdf17
posttrain_pnp_novel_from_cuttingboard_to_basket,tabletop,ahs,posttrain_pnp_novel_from_cuttingboard_to_basket__seed00005,5,0,80,6.507381813775282,21.58220498097944,01c1f36fdcfb6f9c94a079cf38f38be6ed21df60c4bbde7df860ced8ae0cdf17
posttrain_pnp_novel_from_cuttingboard_to_basket,tabletop,ahs,posttrain_pnp_novel_from_cuttingboard_to_basket__seed00006,6,1,83,6.8104525028320495,28.95467505400302,01c1f36fdcfb6f9c94a079cf38f38be6ed21df60c4bbde7df860ced8ae0cdf17
posttrain_pnp_novel_from_cuttingboard_to_basket,tabletop,ahs,posttrain_pnp_novel_from_cuttingboard_to_basket__seed00007,7,0,79,6.539097242872231,22.310348456026986,01c1f36fdcfb6f9c94a079cf38f38be6ed21df60c4bbde7df860ced8ae0cdf17
posttrain_pnp_novel_from_cuttingboard_to_basket,tabletop,ahs,posttrain_pnp_novel_from_cuttingboard_to_basket__seed00008,8,1,80,6.613779655977851,20.731157318979967,01c1f36fdcfb6f9c94a079cf38f38be6ed21df60c4bbde7df860ced8ae0cdf17
posttrain_pnp_novel_from_cuttingboard_to_basket,tabletop,ahs,posttrain_pnp_novel_from_cuttingboard_to_basket__seed00009,9,1,88,7.1448852319444995,22.63499005199992,01c1f36fdcfb6f9c94a079cf38f38be6ed21df60c4bbde7df860ced8ae0cdf17
posttrain_pnp_novel_from_cuttingboard_to_basket,tabletop,ahs,posttrain_pnp_novel_from_cuttingboard_to_basket__seed00010,10,0,83,6.749519802804571,23.477262593980413,01c1f36fdcfb6f9c94a079cf38f38be6ed21df60c4bbde7df860ced8ae0cdf17
posttrain_pnp_novel_from_cuttingboard_to_basket,tabletop,ahs,posttrain_pnp_novel_from_cuttingboard_to_basket__seed00011,11,0,73,6.001695012848359,20.305033503012965,01c1f36fdcfb6f9c94a079cf38f38be6ed21df60c4bbde7df860ced8ae0cdf17
posttrain_pnp_novel_from_cuttingboard_to_basket,tabletop,ahs,posttrain_pnp_novel_from_cuttingboard_to_basket__seed00012,12,0,79,6.574511480954243,23.01682439999422,01c1f36fdcfb6f9c94a079cf38f38be6ed21df60c4bbde7df860ced8ae0cdf17
posttrain_pnp_novel_from_cuttingboard_to_basket,tabletop,ahs,posttrain_pnp_novel_from_cuttingboard_to_basket__seed00013,13,0,87,7.092683531838702,21.988881149009103,01c1f36fdcfb6f9c94a079cf38f38be6ed21df60c4bbde7df860ced8ae0cdf17
posttrain_pnp_novel_from_cuttingboard_to_basket,tabletop,ahs,posttrain_pnp_novel_from_cuttingboard_to_basket__seed00014,14,0,87,7.070992950029904,22.755734994017985,01c1f36fdcfb6f9c94a079cf38f38be6ed21df60c4bbde7df860ced8ae0cdf17
posttrain_pnp_novel_from_cuttingboard_to_basket,tabletop,ahs,posttrain_pnp_novel_from_cuttingboard_to_basket__seed00015,15,0,78,6.324450595071539,21.093104856990976,01c1f36fdcfb6f9c94a079cf38f38be6ed21df60c4bbde7df860ced8ae0cdf17
posttrain_pnp_novel_from_cuttingboard_to_basket,tabletop,ahs,posttrain_pnp_novel_from_cuttingboard_to_basket__seed00016,16,1,85,6.912488244968699,22.031977003993234,01c1f36fdcfb6f9c94a079cf38f38be6ed21df60c4bbde7df860ced8ae0cdf17
posttrain_pnp_novel_from_cuttingboard_to_basket,tabletop,ahs,posttrain_pnp_novel_from_cuttingboard_to_basket__seed00017,17,0,77,6.391595161054283,22.19151588800014,01c1f36fdcfb6f9c94a079cf38f38be6ed21df60c4bbde7df860ced8ae0cdf17
posttrain_pnp_novel_from_cuttingboard_to_basket,tabletop,ahs,posttrain_pnp_novel_from_cuttingboard_to_basket__seed00018,18,0,87,7.21605730522424,21.98261760699097,01c1f36fdcfb6f9c94a079cf38f38be6ed21df60c4bbde7df860ced8ae0cdf17
posttrain_pnp_novel_from_cuttingboard_to_basket,tabletop,ahs,posttrain_pnp_novel_from_cuttingboard_to_basket__seed00019,19,1,85,7.022892777895322,24.09527415901539,01c1f36fdcfb6f9c94a079cf38f38be6ed21df60c4bbde7df860ced8ae0cdf17
posttrain_pnp_novel_from_cuttingboard_to_basket,tabletop,ahs,posttrain_pnp_novel_from_cuttingboard_to_basket__seed00020,20,1,77,6.356292801967356,21.006810217018938,01c1f36fdcfb6f9c94a079cf38f38be6ed21df60c4bbde7df860ced8ae0cdf17
posttrain_pnp_novel_from_cuttingboard_to_basket,tabletop,ahs,posttrain_pnp_novel_from_cuttingboard_to_basket__seed00021,21,0,85,6.90907033890835,27.16571659100009,01c1f36fdcfb6f9c94a079cf38f38be6ed21df60c4bbde7df860ced8ae0cdf17
posttrain_pnp_novel_from_cuttingboard_to_basket,tabletop,ahs,posttrain_pnp_novel_from_cuttingboard_to_basket__seed00022,22,0,84,6.872952155099483,21.188518497016048,01c1f36fdcfb6f9c94a079cf38f38be6ed21df60c4bbde7df860ced8ae0cdf17
posttrain_pnp_novel_from_cuttingboard_to_basket,tabletop,ahs,posttrain_pnp_novel_from_cuttingboard_to_basket__seed00023,23,0,82,6.69038292899495,21.14239316000021,01c1f36fdcfb6f9c94a079cf38f38be6ed21df60c4bbde7df860ced8ae0cdf17
posttrain_pnp_novel_from_cuttingboard_to_basket,tabletop,ahs,posttrain_pnp_novel_from_cuttingboard_to_basket__seed00024,24,1,85,6.937891335197492,22.795229173992993,01c1f36fdcfb6f9c94a079cf38f38be6ed21df60c4bbde7df860ced8ae0cdf17
posttrain_pnp_novel_from_cuttingboard_to_basket,tabletop,ahs,posttrain_pnp_novel_from_cuttingboard_to_basket__seed00025,25,1,76,6.181717004044913,21.111057002010057,01c1f36fdcfb6f9c94a079cf38f38be6ed21df60c4bbde7df860ced8ae0cdf17
posttrain_pnp_novel_from_cuttingboard_to_basket,tabletop,ahs,posttrain_pnp_novel_from_cuttingboard_to_basket__seed00026,26,0,82,6.452755854988936,23.823385846975725,01c1f36fdcfb6f9c94a079cf38f38be6ed21df60c4bbde7df860ced8ae0cdf17
posttrain_pnp_novel_from_cuttingboard_to_basket,tabletop,ahs,posttrain_pnp_novel_from_cuttingboard_to_basket__seed00027,27,0,74,5.945108090963913,20.019145293015754,01c1f36fdcfb6f9c94a079cf38f38be6ed21df60c4bbde7df860ced8ae0cdf17
posttrain_pnp_novel_from_cuttingboard_to_basket,tabletop,ahs,posttrain_pnp_novel_from_cuttingboard_to_basket__seed00028,28,1,85,7.049952654138906,21.02914985298412,01c1f36fdcfb6f9c94a079cf38f38be6ed21df60c4bbde7df860ced8ae0cdf17
posttrain_pnp_novel_from_cuttingboard_to_basket,tabletop,ahs,posttrain_pnp_novel_from_cuttingboard_to_basket__seed00029,29,0,84,6.890293452277547,20.84844790599891,01c1f36fdcfb6f9c94a079cf38f38be6ed21df60c4bbde7df860ced8ae0cdf17
posttrain_pnp_novel_from_cuttingboard_to_basket,tabletop,ahs,posttrain_pnp_novel_from_cuttingboard_to_basket__seed00030,30,0,77,6.513869236892788,21.906175744981738,01c1f36fdcfb6f9c94a079cf38f38be6ed21df60c4bbde7df860ced8ae0cdf17
posttrain_pnp_novel_from_cuttingboard_to_basket,tabletop,ahs,posttrain_pnp_novel_from_cuttingboard_to_basket__seed00031,31,0,84,6.996952697867528,21.051689842977794,01c1f36fdcfb6f9c94a079cf38f38be6ed21df60c4bbde7df860ced8ae0cdf17
posttrain_pnp_novel_from_cuttingboard_to_basket,tabletop,ahs,posttrain_pnp_novel_from_cuttingboard_to_basket__seed00032,32,1,82,7.025381748127984,25.153653348999796,01c1f36fdcfb6f9c94a079cf38f38be6ed21df60c4bbde7df860ced8ae0cdf17
posttrain_pnp_novel_from_cuttingboard_to_basket,tabletop,ahs,posttrain_pnp_novel_from_cuttingboard_to_basket__seed00033,33,0,82,6.997614950931165,22.548159501020564,01c1f36fdcfb6f9c94a079cf38f38be6ed21df60c4bbde7df860ced8ae0cdf17
posttrain_pnp_novel_from_cuttingboard_to_basket,tabletop,ahs,posttrain_pnp_novel_from_cuttingboard_to_basket__seed00034,34,0,85,7.1069869499478955,28.829075048997765,01c1f36fdcfb6f9c94a079cf38f38be6ed21df60c4bbde7df860ced8ae0cdf17
posttrain_pnp_novel_from_cuttingboard_to_basket,tabletop,ahs,posttrain_pnp_novel_from_cuttingboard_to_basket__seed00035,35,0,82,7.021624959044857,23.550065495015588,01c1f36fdcfb6f9c94a079cf38f38be6ed21df60c4bbde7df860ced8ae0cdf17
posttrain_pnp_novel_from_cuttingboard_to_basket,tabletop,ahs,posttrain_pnp_novel_from_cuttingboard_to_basket__seed00036,36,0,83,6.94770840081037,22.09029107898823,01c1f36fdcfb6f9c94a079cf38f38be6ed21df60c4bbde7df860ced8ae0cdf17
posttrain_pnp_novel_from_cuttingboard_to_basket,tabletop,ahs,posttrain_pnp_novel_from_cuttingboard_to_basket__seed00037,37,0,76,6.417863110022154,20.309959070000332,01c1f36fdcfb6f9c94a079cf38f38be6ed21df60c4bbde7df860ced8ae0cdf17
posttrain_pnp_novel_from_cuttingboard_to_basket,tabletop,ahs,posttrain_pnp_novel_from_cuttingboard_to_basket__seed00038,38,1,83,6.931623562180903,21.759626003011363,01c1f36fdcfb6f9c94a079cf38f38be6ed21df60c4bbde7df860ced8ae0cdf17
posttrain_pnp_novel_from_cuttingboard_to_basket,tabletop,ahs,posttrain_pnp_novel_from_cuttingboard_to_basket__seed00039,39,0,85,7.132402063929476,27.203215924004326,01c1f36fdcfb6f9c94a079cf38f38be6ed21df60c4bbde7df860ced8ae0cdf17
posttrain_pnp_novel_from_cuttingboard_to_basket,tabletop,ahs,posttrain_pnp_novel_from_cuttingboard_to_basket__seed00040,40,1,85,7.118634742975701,22.523130097979447,01c1f36fdcfb6f9c94a079cf38f38be6ed21df60c4bbde7df860ced8ae0cdf17
posttrain_pnp_novel_from_cuttingboard_to_basket,tabletop,ahs,posttrain_pnp_novel_from_cuttingboard_to_basket__seed00041,41,0,84,7.058561228972394,27.75448283701553,01c1f36fdcfb6f9c94a079cf38f38be6ed21df60c4bbde7df860ced8ae0cdf17
posttrain_pnp_novel_from_cuttingboard_to_basket,tabletop,ahs,posttrain_pnp_novel_from_cuttingboard_to_basket__seed00042,42,0,82,6.827901665150421,22.52657923102379,01c1f36fdcfb6f9c94a079cf38f38be6ed21df60c4bbde7df860ced8ae0cdf17
posttrain_pnp_novel_from_cuttingboard_to_basket,tabletop,ahs,posttrain_pnp_novel_from_cuttingboard_to_basket__seed00043,43,1,81,6.743631811958039,23.32021717700991,01c1f36fdcfb6f9c94a079cf38f38be6ed21df60c4bbde7df860ced8ae0cdf17
posttrain_pnp_novel_from_cuttingboard_to_basket,tabletop,ahs,posttrain_pnp_novel_from_cuttingboard_to_basket__seed00044,44,0,83,6.95102677505929,20.895507615001407,01c1f36fdcfb6f9c94a079cf38f38be6ed21df60c4bbde7df860ced8ae0cdf17
posttrain_pnp_novel_from_cuttingboard_to_basket,tabletop,ahs,posttrain_pnp_novel_from_cuttingboard_to_basket__seed00045,45,1,84,7.076121799997054,22.546856064989697,01c1f36fdcfb6f9c94a079cf38f38be6ed21df60c4bbde7df860ced8ae0cdf17
posttrain_pnp_novel_from_cuttingboard_to_basket,tabletop,ahs,posttrain_pnp_novel_from_cuttingboard_to_basket__seed00046,46,1,81,6.864386222034227,22.203215353016276,01c1f36fdcfb6f9c94a079cf38f38be6ed21df60c4bbde7df860ced8ae0cdf17
posttrain_pnp_novel_from_cuttingboard_to_basket,tabletop,ahs,posttrain_pnp_novel_from_cuttingboard_to_basket__seed00047,47,0,84,7.254121406993363,22.404820270981872,01c1f36fdcfb6f9c94a079cf38f38be6ed21df60c4bbde7df860ced8ae0cdf17
posttrain_pnp_novel_from_cuttingboard_to_basket,tabletop,ahs,posttrain_pnp_novel_from_cuttingboard_to_basket__seed00048,48,1,83,7.030600779224187,23.556272594985785,01c1f36fdcfb6f9c94a079cf38f38be6ed21df60c4bbde7df860ced8ae0cdf17
posttrain_pnp_novel_from_cuttingboard_to_basket,tabletop,ahs,posttrain_pnp_novel_from_cuttingboard_to_basket__seed00049,49,0,88,7.388141955976607,22.29778808998526,01c1f36fdcfb6f9c94a079cf38f38be6ed21df60c4bbde7df860ced8ae0cdf17
posttrain_pnp_novel_from_cuttingboard_to_cardboardbox,tabletop,ahs,posttrain_pnp_novel_from_cuttingboard_to_cardboardbox__seed00000,0,1,76,6.192220100085251,19.5752854559978,01c1f36fdcfb6f9c94a079cf38f38be6ed21df60c4bbde7df860ced8ae0cdf17
posttrain_pnp_novel_from_cuttingboard_to_cardboardbox,tabletop,ahs,posttrain_pnp_novel_from_cuttingboard_to_cardboardbox__seed00001,1,1,74,6.034791644720826,20.863950647995807,01c1f36fdcfb6f9c94a079cf38f38be6ed21df60c4bbde7df860ced8ae0cdf17
posttrain_pnp_novel_from_cuttingboard_to_cardboardbox,tabletop,ahs,posttrain_pnp_novel_from_cuttingboard_to_cardboardbox__seed00002,2,1,78,6.392758235160727,21.013986065983772,01c1f36fdcfb6f9c94a079cf38f38be6ed21df60c4bbde7df860ced8ae0cdf17
posttrain_pnp_novel_from_cuttingboard_to_cardboardbox,tabletop,ahs,posttrain_pnp_novel_from_cuttingboard_to_cardboardbox__seed00003,3,0,86,7.063698503858177,21.183728824020363,01c1f36fdcfb6f9c94a079cf38f38be6ed21df60c4bbde7df860ced8ae0cdf17
posttrain_pnp_novel_from_cuttingboard_to_cardboardbox,tabletop,ahs,posttrain_pnp_novel_from_cuttingboard_to_cardboardbox__seed00004,4,0,81,6.635981626866851,27.57694505402469,01c1f36fdcfb6f9c94a079cf38f38be6ed21df60c4bbde7df860ced8ae0cdf17
posttrain_pnp_novel_from_cuttingboard_to_cardboardbox,tabletop,ahs,posttrain_pnp_novel_from_cuttingboard_to_cardboardbox__seed00005,5,1,77,6.29884431901155,21.517935570998816,01c1f36fdcfb6f9c94a079cf38f38be6ed21df60c4bbde7df860ced8ae0cdf17
posttrain_pnp_novel_from_cuttingboard_to_cardboardbox,tabletop,ahs,posttrain_pnp_novel_from_cuttingboard_to_cardboardbox__seed00006,6,1,74,5.973076533933636,20.688593216997106,01c1f36fdcfb6f9c94a079cf38f38be6ed21df60c4bbde7df860ced8ae0cdf17
posttrain_pnp_novel_from_cuttingboard_to_cardboardbox,tabletop,ahs,posttrain_pnp_novel_from_cuttingboard_to_cardboardbox__seed00007,7,0,75,6.177327269047964,22.910016415000428,01c1f36fdcfb6f9c94a079cf38f38be6ed21df60c4bbde7df860ced8ae0cdf17
posttrain_pnp_novel_from_cuttingboard_to_cardboardbox,tabletop,ahs,posttrain_pnp_novel_from_cuttingboard_to_cardboardbox__seed00008,8,0,76,6.3079308430314995,23.429168047994608,01c1f36fdcfb6f9c94a079cf38f38be6ed21df60c4bbde7df860ced8ae0cdf17
posttrain_pnp_novel_from_cuttingboard_to_cardboardbox,tabletop,ahs,posttrain_pnp_novel_from_cuttingboard_to_cardboardbox__seed00009,9,0,83,6.7497967099479865,20.678754024003865,01c1f36fdcfb6f9c94a079cf38f38be6ed21df60c4bbde7df860ced8ae0cdf17
posttrain_pnp_novel_from_cuttingboard_to_cardboardbox,tabletop,ahs,posttrain_pnp_novel_from_cuttingboard_to_cardboardbox__seed00010,10,0,81,6.679687732947059,20.495324991992675,01c1f36fdcfb6f9c94a079cf38f38be6ed21df60c4bbde7df860ced8ae0cdf17
posttrain_pnp_novel_from_cuttingboard_to_cardboardbox,tabletop,ahs,posttrain_pnp_novel_from_cuttingboard_to_cardboardbox__seed00011,11,1,79,6.561783766985172,20.474681681982474,01c1f36fdcfb6f9c94a079cf38f38be6ed21df60c4bbde7df860ced8ae0cdf17
posttrain_pnp_novel_from_cuttingboard_to_cardboardbox,tabletop,ahs,posttrain_pnp_novel_from_cuttingboard_to_cardboardbox__seed00012,12,0,83,6.812153995910194,21.750841075991048,01c1f36fdcfb6f9c94a079cf38f38be6ed21df60c4bbde7df860ced8ae0cdf17
posttrain_pnp_novel_from_cuttingboard_to_cardboardbox,tabletop,ahs,posttrain_pnp_novel_from_cuttingboard_to_cardboardbox__seed00013,13,0,78,6.419171063054819,24.571167549001984,01c1f36fdcfb6f9c94a079cf38f38be6ed21df60c4bbde7df860ced8ae0cdf17
posttrain_pnp_novel_from_cuttingboard_to_cardboardbox,tabletop,ahs,posttrain_pnp_novel_from_cuttingboard_to_cardboardbox__seed00014,14,0,83,6.786981161072617,22.549630772002274,01c1f36fdcfb6f9c94a079cf38f38be6ed21df60c4bbde7df860ced8ae0cdf17
posttrain_pnp_novel_from_cuttingboard_to_cardboardbox,tabletop,ahs,posttrain_pnp_novel_from_cuttingboard_to_cardboardbox__seed00015,15,0,85,6.9485257190826815,22.568294358992716,01c1f36fdcfb6f9c94a079cf38f38be6ed21df60c4bbde7df860ced8ae0cdf17
posttrain_pnp_novel_from_cuttingboard_to_cardboardbox,tabletop,ahs,posttrain_pnp_novel_from_cuttingboard_to_cardboardbox__seed00016,16,1,80,6.607968708005501,21.062407451012405,01c1f36fdcfb6f9c94a079cf38f38be6ed21df60c4bbde7df860ced8ae0cdf17
posttrain_pnp_novel_from_cuttingboard_to_cardboardbox,tabletop,ahs,posttrain_pnp_novel_from_cuttingboard_to_cardboardbox__seed00017,17,1,81,6.764508676860714,22.906620763998944,01c1f36fdcfb6f9c94a079cf38f38be6ed21df60c4bbde7df860ced8ae0cdf17
posttrain_pnp_novel_from_cuttingboard_to_cardboardbox,tabletop,ahs,posttrain_pnp_novel_from_cuttingboard_to_cardboardbox__seed00018,18,0,78,6.4767851078358945,20.90492799002095,01c1f36fdcfb6f9c94a079cf38f38be6ed21df60c4bbde7df860ced8ae0cdf17
posttrain_pnp_novel_from_cuttingboard_to_cardboardbox,tabletop,ahs,posttrain_pnp_novel_from_cuttingboard_to_cardboardbox__seed00019,19,0,76,6.277021545218304,21.06598638399737,01c1f36fdcfb6f9c94a079cf38f38be6ed21df60c4bbde7df860ced8ae0cdf17
posttrain_pnp_novel_from_cuttingboard_to_cardboardbox,tabletop,ahs,posttrain_pnp_novel_from_cuttingboard_to_cardboardbox__seed00020,20,1,75,6.193475930253044,20.646171299013076,01c1f36fdcfb6f9c94a079cf38f38be6ed21df60c4bbde7df860ced8ae0cdf17
posttrain_pnp_novel_from_cuttingboard_to_cardboardbox,tabletop,ahs,posttrain_pnp_novel_from_cuttingboard_to_cardboardbox__seed00021,21,0,81,6.736375863052672,27.5186029280012,01c1f36fdcfb6f9c94a079cf38f38be6ed21df60c4bbde7df860ced8ae0cdf17
posttrain_pnp_novel_from_cuttingboard_to_cardboardbox,tabletop,ahs,posttrain_pnp_novel_from_cuttingboard_to_cardboardbox__seed00022,22,1,74,6.078116385964677,20.17207227801555,01c1f36fdcfb6f9c94a079cf38f38be6ed21df60c4bbde7df860ced8ae0cdf17
posttrain_pnp_novel_from_cuttingboard_to_cardboardbox,tabletop,ahs,posttrain_pnp_novel_from_cuttingboard_to_cardboardbox__seed00023,23,0,83,6.809131386078661,19.98546270499355,01c1f36fdcfb6f9c94a079cf38f38be6ed21df60c4bbde7df860ced8ae0cdf17
posttrain_pnp_novel_from_cuttingboard_to_cardboardbox,tabletop,ahs,posttrain_pnp_novel_from_cuttingboard_to_cardboardbox__seed00024,24,0,82,6.739242480049143,22.332530724001117,01c1f36fdcfb6f9c94a079cf38f38be6ed21df60c4bbde7df860ced8ae0cdf17
posttrain_pnp_novel_from_cuttingboard_to_cardboardbox,tabletop,ahs,posttrain_pnp_novel_from_cuttingboard_to_cardboardbox__seed00025,25,1,72,5.879092143906746,21.241338995983824,01c1f36fdcfb6f9c94a079cf38f38be6ed21df60c4bbde7df860ced8ae0cdf17
posttrain_pnp_novel_from_cuttingboard_to_cardboardbox,tabletop,ahs,posttrain_pnp_novel_from_cuttingboard_to_cardboardbox__seed00026,26,0,71,5.9139670518634375,21.013877475983463,01c1f36fdcfb6f9c94a079cf38f38be6ed21df60c4bbde7df860ced8ae0cdf17
posttrain_pnp_novel_from_cuttingboard_to_cardboardbox,tabletop,ahs,posttrain_pnp_novel_from_cuttingboard_to_cardboardbox__seed00027,27,0,79,6.419969112903345,22.11498401899007,01c1f36fdcfb6f9c94a079cf38f38be6ed21df60c4bbde7df860ced8ae0cdf17
posttrain_pnp_novel_from_cuttingboard_to_cardboardbox,tabletop,ahs,posttrain_pnp_novel_from_cuttingboard_to_cardboardbox__seed00028,28,0,79,6.415097199002048,19.787655469001038,01c1f36fdcfb6f9c94a079cf38f38be6ed21df60c4bbde7df860ced8ae0cdf17
posttrain_pnp_novel_from_cuttingboard_to_cardboardbox,tabletop,ahs,posttrain_pnp_novel_from_cuttingboard_to_cardboardbox__seed00029,29,0,80,6.495947610819712,21.7679358900059,01c1f36fdcfb6f9c94a079cf38f38be6ed21df60c4bbde7df860ced8ae0cdf17
posttrain_pnp_novel_from_cuttingboard_to_cardboardbox,tabletop,ahs,posttrain_pnp_novel_from_cuttingboard_to_cardboardbox__seed00030,30,0,74,6.006208788108779,19.704810794006335,01c1f36fdcfb6f9c94a079cf38f38be6ed21df60c4bbde7df860ced8ae0cdf17
posttrain_pnp_novel_from_cuttingboard_to_cardboardbox,tabletop,ahs,posttrain_pnp_novel_from_cuttingboard_to_cardboardbox__seed00031,31,0,78,6.351728320878465,21.048786583007313,01c1f36fdcfb6f9c94a079cf38f38be6ed21df60c4bbde7df860ced8ae0cdf17
posttrain_pnp_novel_from_cuttingboard_to_cardboardbox,tabletop,ahs,posttrain_pnp_novel_from_cuttingboard_to_cardboardbox__seed00032,32,0,70,5.739884857001016,19.73281939601293,01c1f36fdcfb6f9c94a079cf38f38be6ed21df60c4bbde7df860ced8ae0cdf17
posttrain_pnp_novel_from_cuttingboard_to_cardboardbox,tabletop,ahs,posttrain_pnp_novel_from_cuttingboard_to_cardboardbox__seed00033,33,1,73,6.085265118133975,20.333586124994326,01c1f36fdcfb6f9c94a079cf38f38be6ed21df60c4bbde7df860ced8ae0cdf17
posttrain_pnp_novel_from_cuttingboard_to_cardboardbox,tabletop,ahs,posttrain_pnp_novel_from_cuttingboard_to_cardboardbox__seed00034,34,1,73,6.082299121073447,25.84023671000614,01c1f36fdcfb6f9c94a079cf38f38be6ed21df60c4bbde7df860ced8ae0cdf17
posttrain_pnp_novel_from_cuttingboard_to_cardboardbox,tabletop,ahs,posttrain_pnp_novel_from_cuttingboard_to_cardboardbox__seed00035,35,0,79,6.565249056060566,21.376645509997616,01c1f36fdcfb6f9c94a079cf38f38be6ed21df60c4bbde7df860ced8ae0cdf17
posttrain_pnp_novel_from_cuttingboard_to_cardboardbox,tabletop,ahs,posttrain_pnp_novel_from_cuttingboard_to_cardboardbox__seed00036,36,1,74,6.1750919229816645,20.407121336989803,01c1f36fdcfb6f9c94a079cf38f38be6ed21df60c4bbde7df860ced8ae0cdf17
posttrain_pnp_novel_from_cuttingboard_to_cardboardbox,tabletop,ahs,posttrain_pnp_novel_from_cuttingboard_to_cardboardbox__seed00037,37,0,81,6.753707316122018,21.741001992981182,01c1f36fdcfb6f9c94a079cf38f38be6ed21df60c4bbde7df860ced8ae0cdf17
posttrain_pnp_novel_from_cuttingboard_to_cardboardbox,tabletop,ahs,posttrain_pnp_novel_from_cuttingboard_to_cardboardbox__seed00038,38,1,85,7.084168267028872,22.34286353699281,01c1f36fdcfb6f9c94a079cf38f38be6ed21df60c4bbde7df860ced8ae0cdf17
posttrain_pnp_novel_from_cuttingboard_to_cardboardbox,tabletop,ahs,posttrain_pnp_novel_from_cuttingboard_to_cardboardbox__seed00039,39,1,75,6.222346319293138,26.546126191999065,01c1f36fdcfb6f9c94a079cf38f38be6ed21df60c4bbde7df860ced8ae0cdf17
posttrain_pnp_novel_from_cuttingboard_to_cardboardbox,tabletop,ahs,posttrain_pnp_novel_from_cuttingboard_to_cardboardbox__seed00040,40,1,79,6.428158944938332,19.93094388800091,01c1f36fdcfb6f9c94a079cf38f38be6ed21df60c4bbde7df860ced8ae0cdf17
posttrain_pnp_novel_from_cuttingboard_to_cardboardbox,tabletop,ahs,posttrain_pnp_novel_from_cuttingboard_to_cardboardbox__seed00041,41,0,82,6.802404079964617,26.114221666997764,01c1f36fdcfb6f9c94a079cf38f38be6ed21df60c4bbde7df860ced8ae0cdf17
posttrain_pnp_novel_from_cuttingboard_to_cardboardbox,tabletop,ahs,posttrain_pnp_novel_from_cuttingboard_to_cardboardbox__seed00042,42,0,83,6.895339217997389,22.163457221991848,01c1f36fdcfb6f9c94a079cf38f38be6ed21df60c4bbde7df860ced8ae0cdf17
posttrain_pnp_novel_from_cuttingboard_to_cardboardbox,tabletop,ahs,posttrain_pnp_novel_from_cuttingboard_to_cardboardbox__seed00043,43,1,79,6.575687298900448,20.78195157801383,01c1f36fdcfb6f9c94a079cf38f38be6ed21df60c4bbde7df860ced8ae0cdf17
posttrain_pnp_novel_from_cuttingboard_to_cardboardbox,tabletop,ahs,posttrain_pnp_novel_from_cuttingboard_to_cardboardbox__seed00044,44,1,86,7.150241939933039,20.475021162012126,01c1f36fdcfb6f9c94a079cf38f38be6ed21df60c4bbde7df860ced8ae0cdf17
posttrain_pnp_novel_from_cuttingboard_to_cardboardbox,tabletop,ahs,posttrain_pnp_novel_from_cuttingboard_to_cardboardbox__seed00045,45,0,85,7.071161203843076,20.74358271798701,01c1f36fdcfb6f9c94a079cf38f38be6ed21df60c4bbde7df860ced8ae0cdf17
posttrain_pnp_novel_from_cuttingboard_to_cardboardbox,tabletop,ahs,posttrain_pnp_novel_from_cuttingboard_to_cardboardbox__seed00046,46,0,80,6.619847306021256,21.163542424008483,01c1f36fdcfb6f9c94a079cf38f38be6ed21df60c4bbde7df860ced8ae0cdf17
posttrain_pnp_novel_from_cuttingboard_to_cardboardbox,tabletop,ahs,posttrain_pnp_novel_from_cuttingboard_to_cardboardbox__seed00047,47,0,79,6.441184941824758,21.85416823599371,01c1f36fdcfb6f9c94a079cf38f38be6ed21df60c4bbde7df860ced8ae0cdf17
posttrain_pnp_novel_from_cuttingboard_to_cardboardbox,tabletop,ahs,posttrain_pnp_novel_from_cuttingboard_to_cardboardbox__seed00048,48,0,76,6.261592679045862,19.854881372011732,01c1f36fdcfb6f9c94a079cf38f38be6ed21df60c4bbde7df860ced8ae0cdf17
posttrain_pnp_novel_from_cuttingboard_to_cardboardbox,tabletop,ahs,posttrain_pnp_novel_from_cuttingboard_to_cardboardbox__seed00049,49,1,77,6.334996219957247,21.124046913988423,01c1f36fdcfb6f9c94a079cf38f38be6ed21df60c4bbde7df860ced8ae0cdf17
posttrain_pnp_novel_from_cuttingboard_to_pan,tabletop,ahs,posttrain_pnp_novel_from_cuttingboard_to_pan__seed00000,0,1,85,7.07456238794839,21.308200483006658,01c1f36fdcfb6f9c94a079cf38f38be6ed21df60c4bbde7df860ced8ae0cdf17
posttrain_pnp_novel_from_cuttingboard_to_pan,tabletop,ahs,posttrain_pnp_novel_from_cuttingboard_to_pan__seed00001,1,0,83,6.921704341977602,23.310813902004156,01c1f36fdcfb6f9c94a079cf38f38be6ed21df60c4bbde7df860ced8ae0cdf17
posttrain_pnp_novel_from_cuttingboard_to_pan,tabletop,ahs,posttrain_pnp_novel_from_cuttingboard_to_pan__seed00002,2,1,86,7.178516685089562,22.619496465980774,01c1f36fdcfb6f9c94a079cf38f38be6ed21df60c4bbde7df860ced8ae0cdf17
posttrain_pnp_novel_from_cuttingboard_to_pan,tabletop,ahs,posttrain_pnp_novel_from_cuttingboard_to_pan__seed00003,3,0,84,6.999482687038835,21.062917636998463,01c1f36fdcfb6f9c94a079cf38f38be6ed21df60c4bbde7df860ced8ae0cdf17
posttrain_pnp_novel_from_cuttingboard_to_pan,tabletop,ahs,posttrain_pnp_novel_from_cuttingboard_to_pan__seed00004,4,0,85,7.071316137036774,26.69071889499901,01c1f36fdcfb6f9c94a079cf38f38be6ed21df60c4bbde7df860ced8ae0cdf17
posttrain_pnp_novel_from_cuttingboard_to_pan,tabletop,ahs,posttrain_pnp_novel_from_cuttingboard_to_pan__seed00005,5,0,79,6.5657902680686675,21.111566209001467,01c1f36fdcfb6f9c94a079cf38f38be6ed21df60c4bbde7df860ced8ae0cdf17
posttrain_pnp_novel_from_cuttingboard_to_pan,tabletop,ahs,posttrain_pnp_novel_from_cuttingboard_to_pan__seed00006,6,0,86,7.150009586155647,22.907289216003846,01c1f36fdcfb6f9c94a079cf38f38be6ed21df60c4bbde7df860ced8ae0cdf17
posttrain_pnp_novel_from_cuttingboard_to_pan,tabletop,ahs,posttrain_pnp_novel_from_cuttingboard_to_pan__seed00007,7,1,83,6.901444983959664,21.54923148601665,01c1f36fdcfb6f9c94a079cf38f38be6ed21df60c4bbde7df860ced8ae0cdf17
posttrain_pnp_novel_from_cuttingboard_to_pan,tabletop,ahs,posttrain_pnp_novel_from_cuttingboard_to_pan__seed00008,8,1,79,6.5772360219853,20.26307524900767,01c1f36fdcfb6f9c94a079cf38f38be6ed21df60c4bbde7df860ced8ae0cdf17
posttrain_pnp_novel_from_cuttingboard_to_pan,tabletop,ahs,posttrain_pnp_novel_from_cuttingboard_to_pan__seed00009,9,1,81,6.748426637961529,20.98157551002805,01c1f36fdcfb6f9c94a079cf38f38be6ed21df60c4bbde7df860ced8ae0cdf17
posttrain_pnp_novel_from_cuttingboard_to_pan,tabletop,ahs,posttrain_pnp_novel_from_cuttingboard_to_pan__seed00010,10,1,78,6.491616491985042,22.481204512994736,01c1f36fdcfb6f9c94a079cf38f38be6ed21df60c4bbde7df860ced8ae0cdf17
posttrain_pnp_novel_from_cuttingboard_to_pan,tabletop,ahs,posttrain_pnp_novel_from_cuttingboard_to_pan__seed00011,11,0,80,6.638461463880958,20.625987459003227,01c1f36fdcfb6f9c94a079cf38f38be6ed21df60c4bbde7df860ced8ae0cdf17
posttrain_pnp_novel_from_cuttingboard_to_pan,tabletop,ahs,posttrain_pnp_novel_from_cuttingboard_to_pan__seed00012,12,0,83,6.904399697843473,22.4737472050183,01c1f36fdcfb6f9c94a079cf38f38be6ed21df60c4bbde7df860ced8ae0cdf17
posttrain_pnp_novel_from_cuttingboard_to_pan,tabletop,ahs,posttrain_pnp_novel_from_cuttingboard_to_pan__seed00013,13,0,85,7.075708626041887,22.646068220987218,01c1f36fdcfb6f9c94a079cf38f38be6ed21df60c4bbde7df860ced8ae0cdf17
posttrain_pnp_novel_from_cuttingboard_to_pan,tabletop,ahs,posttrain_pnp_novel_from_cuttingboard_to_pan__seed00014,14,1,85,7.070122758188518,22.919046744995285,01c1f36fdcfb6f9c94a079cf38f38be6ed21df60c4bbde7df860ced8ae0cdf17
posttrain_pnp_novel_from_cuttingboard_to_pan,tabletop,ahs,posttrain_pnp_novel_from_cuttingboard_to_pan__seed00015,15,0,87,7.22672932795831,22.01537870700122,01c1f36fdcfb6f9c94a079cf38f38be6ed21df60c4bbde7df860ced8ae0cdf17
posttrain_pnp_novel_from_cuttingboard_to_pan,tabletop,ahs,posttrain_pnp_novel_from_cuttingboard_to_pan__seed00016,16,1,77,6.406850017083343,21.349046077986713,01c1f36fdcfb6f9c94a079cf38f38be6ed21df60c4bbde7df860ced8ae0cdf17
posttrain_pnp_novel_from_cuttingboard_to_pan,tabletop,ahs,posttrain_pnp_novel_from_cuttingboard_to_pan__seed00017,17,0,87,7.246448051038897,21.61479760997463,01c1f36fdcfb6f9c94a079cf38f38be6ed21df60c4bbde7df860ced8ae0cdf17
posttrain_pnp_novel_from_cuttingboard_to_pan,tabletop,ahs,posttrain_pnp_novel_from_cuttingboard_to_pan__seed00018,18,0,78,6.485606890026247,20.69364803499775,01c1f36fdcfb6f9c94a079cf38f38be6ed21df60c4bbde7df860ced8ae0cdf17
posttrain_pnp_novel_from_cuttingboard_to_pan,tabletop,ahs,posttrain_pnp_novel_from_cuttingboard_to_pan__seed00019,19,1,77,6.40368289014441,21.324151214008452,01c1f36fdcfb6f9c94a079cf38f38be6ed21df60c4bbde7df860ced8ae0cdf17
posttrain_pnp_novel_from_cuttingboard_to_pan,tabletop,ahs,posttrain_pnp_novel_from_cuttingboard_to_pan__seed00020,20,1,86,7.152171997149708,21.685200659994734,01c1f36fdcfb6f9c94a079cf38f38be6ed21df60c4bbde7df860ced8ae0cdf17
posttrain_pnp_novel_from_cuttingboard_to_pan,tabletop,ahs,posttrain_pnp_novel_from_cuttingboard_to_pan__seed00021,21,1,81,6.734240551828407,27.011021409998648,01c1f36fdcfb6f9c94a079cf38f38be6ed21df60c4bbde7df860ced8ae0cdf17
posttrain_pnp_novel_from_cuttingboard_to_pan,tabletop,ahs,posttrain_pnp_novel_from_cuttingboard_to_pan__seed00022,22,0,82,6.82481000086409,20.445250099000987,01c1f36fdcfb6f9c94a079cf38f38be6ed21df60c4bbde7df860ced8ae0cdf17
posttrain_pnp_novel_from_cuttingboard_to_pan,tabletop,ahs,posttrain_pnp_novel_from_cuttingboard_to_pan__seed00023,23,1,78,6.490391492028721,20.613906346989097,01c1f36fdcfb6f9c94a079cf38f38be6ed21df60c4bbde7df860ced8ae0cdf17
posttrain_pnp_novel_from_cuttingboard_to_pan,tabletop,ahs,posttrain_pnp_novel_from_cuttingboard_to_pan__seed00024,24,1,83,6.888474004867021,22.36433728801785,01c1f36fdcfb6f9c94a079cf38f38be6ed21df60c4bbde7df860ced8ae0cdf17
posttrain_pnp_novel_from_cuttingboard_to_pan,tabletop,ahs,posttrain_pnp_novel_from_cuttingboard_to_pan__seed00025,25,1,86,7.143469468894182,22.028937755007064,01c1f36fdcfb6f9c94a079cf38f38be6ed21df60c4bbde7df860ced8ae0cdf17
posttrain_pnp_novel_from_cuttingboard_to_pan,tabletop,ahs,posttrain_pnp_novel_from_cuttingboard_to_pan__seed00026,26,0,77,6.396317067876225,20.380811179988086,01c1f36fdcfb6f9c94a079cf38f38be6ed21df60c4bbde7df860ced8ae0cdf17
posttrain_pnp_novel_from_cuttingboard_to_pan,tabletop,ahs,posttrain_pnp_novel_from_cuttingboard_to_pan__seed00027,27,1,75,6.242397964000702,22.311676225013798,01c1f36fdcfb6f9c94a079cf38f38be6ed21df60c4bbde7df860ced8ae0cdf17
posttrain_pnp_novel_from_cuttingboard_to_pan,tabletop,ahs,posttrain_pnp_novel_from_cuttingboard_to_pan__seed00028,28,1,96,7.968536358879646,22.892170286999317,01c1f36fdcfb6f9c94a079cf38f38be6ed21df60c4bbde7df860ced8ae0cdf17
posttrain_pnp_novel_from_cuttingboard_to_pan,tabletop,ahs,posttrain_pnp_novel_from_cuttingboard_to_pan__seed00029,29,1,78,6.489858000917593,21.192383457004325,01c1f36fdcfb6f9c94a079cf38f38be6ed21df60c4bbde7df860ced8ae0cdf17
posttrain_pnp_novel_from_cuttingboard_to_pan,tabletop,ahs,posttrain_pnp_novel_from_cuttingboard_to_pan__seed00030,30,1,92,7.649781167216133,22.01302700099768,01c1f36fdcfb6f9c94a079cf38f38be6ed21df60c4bbde7df860ced8ae0cdf17
posttrain_pnp_novel_from_cuttingboard_to_pan,tabletop,ahs,posttrain_pnp_novel_from_cuttingboard_to_pan__seed00031,31,0,83,6.899645581957884,19.78658832400106,01c1f36fdcfb6f9c94a079cf38f38be6ed21df60c4bbde7df860ced8ae0cdf17
posttrain_pnp_novel_from_cuttingboard_to_pan,tabletop,ahs,posttrain_pnp_novel_from_cuttingboard_to_pan__seed00032,32,1,76,6.322776895016432,21.12250606098678,01c1f36fdcfb6f9c94a079cf38f38be6ed21df60c4bbde7df860ced8ae0cdf17
posttrain_pnp_novel_from_cuttingboard_to_pan,tabletop,ahs,posttrain_pnp_novel_from_cuttingboard_to_pan__seed00033,33,0,78,6.491841181035852,20.630933168984484,01c1f36fdcfb6f9c94a079cf38f38be6ed21df60c4bbde7df860ced8ae0cdf17
posttrain_pnp_novel_from_cuttingboard_to_pan,tabletop,ahs,posttrain_pnp_novel_from_cuttingboard_to_pan__seed00034,34,1,75,6.246185709023848,26.987320713989902,01c1f36fdcfb6f9c94a079cf38f38be6ed21df60c4bbde7df860ced8ae0cdf17
posttrain_pnp_novel_from_cuttingboard_to_pan,tabletop,ahs,posttrain_pnp_novel_from_cuttingboard_to_pan__seed00035,35,0,73,6.077963877090951,19.950320749980165,01c1f36fdcfb6f9c94a079cf38f38be6ed21df60c4bbde7df860ced8ae0cdf17
posttrain_pnp_novel_from_cuttingboard_to_pan,tabletop,ahs,posttrain_pnp_novel_from_cuttingboard_to_pan__seed00036,36,0,84,6.980130598822143,20.226609686011216,01c1f36fdcfb6f9c94a079cf38f38be6ed21df60c4bbde7df860ced8ae0cdf17
posttrain_pnp_novel_from_cuttingboard_to_pan,tabletop,ahs,posttrain_pnp_novel_from_cuttingboard_to_pan__seed00037,37,1,81,6.737455887225224,20.38263029497466,01c1f36fdcfb6f9c94a079cf38f38be6ed21df60c4bbde7df860ced8ae0cdf17
posttrain_pnp_novel_from_cuttingboard_to_pan,tabletop,ahs,posttrain_pnp_novel_from_cuttingboard_to_pan__seed00038,38,1,86,7.158404984918889,21.55079601300531,01c1f36fdcfb6f9c94a079cf38f38be6ed21df60c4bbde7df860ced8ae0cdf17
posttrain_pnp_novel_from_cuttingboard_to_pan,tabletop,ahs,posttrain_pnp_novel_from_cuttingboard_to_pan__seed00039,39,0,83,6.91089928522706,26.660305344004882,01c1f36fdcfb6f9c94a079cf38f38be6ed21df60c4bbde7df860ced8ae0cdf17
posttrain_pnp_novel_from_cuttingboard_to_pan,tabletop,ahs,posttrain_pnp_novel_from_cuttingboard_to_pan__seed00040,40,1,79,6.58946285903221,20.86727070302004,01c1f36fdcfb6f9c94a079cf38f38be6ed21df60c4bbde7df860ced8ae0cdf17
posttrain_pnp_novel_from_cuttingboard_to_pan,tabletop,ahs,posttrain_pnp_novel_from_cuttingboard_to_pan__seed00041,41,0,78,6.490109612990636,25.7296280330047,01c1f36fdcfb6f9c94a079cf38f38be6ed21df60c4bbde7df860ced8ae0cdf17
posttrain_pnp_novel_from_cuttingboard_to_pan,tabletop,ahs,posttrain_pnp_novel_from_cuttingboard_to_pan__seed00042,42,1,78,6.486111267004162,21.86073096402106,01c1f36fdcfb6f9c94a079cf38f38be6ed21df60c4bbde7df860ced8ae0cdf17
posttrain_pnp_novel_from_cuttingboard_to_pan,tabletop,ahs,posttrain_pnp_novel_from_cuttingboard_to_pan__seed00043,43,1,86,7.158092155848863,22.633016510982998,01c1f36fdcfb6f9c94a079cf38f38be6ed21df60c4bbde7df860ced8ae0cdf17
posttrain_pnp_novel_from_cuttingboard_to_pan,tabletop,ahs,posttrain_pnp_novel_from_cuttingboard_to_pan__seed00044,44,1,97,8.069795027928194,22.068816137994872,01c1f36fdcfb6f9c94a079cf38f38be6ed21df60c4bbde7df860ced8ae0cdf17
posttrain_pnp_novel_from_cuttingboard_to_pan,tabletop,ahs,posttrain_pnp_novel_from_cuttingboard_to_pan__seed00045,45,1,82,6.81931342286407,21.284017906000372,01c1f36fdcfb6f9c94a079cf38f38be6ed21df60c4bbde7df860ced8ae0cdf17
posttrain_pnp_novel_from_cuttingboard_to_pan,tabletop,ahs,posttrain_pnp_novel_from_cuttingboard_to_pan__seed00046,46,0,86,7.1441444790689275,21.664940696005942,01c1f36fdcfb6f9c94a079cf38f38be6ed21df60c4bbde7df860ced8ae0cdf17
posttrain_pnp_novel_from_cuttingboard_to_pan,tabletop,ahs,posttrain_pnp_novel_from_cuttingboard_to_pan__seed00047,47,1,77,6.4024570940528065,20.83261116198264,01c1f36fdcfb6f9c94a079cf38f38be6ed21df60c4bbde7df860ced8ae0cdf17
posttrain_pnp_novel_from_cuttingboard_to_pan,tabletop,ahs,posttrain_pnp_novel_from_cuttingboard_to_pan__seed00048,48,1,88,7.3305332848394755,22.854191106016515,01c1f36fdcfb6f9c94a079cf38f38be6ed21df60c4bbde7df860ced8ae0cdf17
posttrain_pnp_novel_from_cuttingboard_to_pan,tabletop,ahs,posttrain_pnp_novel_from_cuttingboard_to_pan__seed00049,49,0,82,6.818099084979622,21.25440593698295,01c1f36fdcfb6f9c94a079cf38f38be6ed21df60c4bbde7df860ced8ae0cdf17
posttrain_pnp_novel_from_cuttingboard_to_pot,tabletop,ahs,posttrain_pnp_novel_from_cuttingboard_to_pot__seed00000,0,0,85,7.041804638050962,22.87723532898235,01c1f36fdcfb6f9c94a079cf38f38be6ed21df60c4bbde7df860ced8ae0cdf17
posttrain_pnp_novel_from_cuttingboard_to_pot,tabletop,ahs,posttrain_pnp_novel_from_cuttingboard_to_pot__seed00001,1,0,82,6.790124349907273,21.814927920000628,01c1f36fdcfb6f9c94a079cf38f38be6ed21df60c4bbde7df860ced8ae0cdf17
posttrain_pnp_novel_from_cuttingboard_to_pot,tabletop,ahs,posttrain_pnp_novel_from_cuttingboard_to_pot__seed00002,2,0,86,7.115466608083807,20.175515524024377,01c1f36fdcfb6f9c94a079cf38f38be6ed21df60c4bbde7df860ced8ae0cdf17
posttrain_pnp_novel_from_cuttingboard_to_pot,tabletop,ahs,posttrain_pnp_novel_from_cuttingboard_to_pot__seed00003,3,0,81,6.721626484184526,20.206937390990788,01c1f36fdcfb6f9c94a079cf38f38be6ed21df60c4bbde7df860ced8ae0cdf17
posttrain_pnp_novel_from_cuttingboard_to_pot,tabletop,ahs,posttrain_pnp_novel_from_cuttingboard_to_pot__seed00004,4,0,76,6.313470757973846,24.216606041998602,01c1f36fdcfb6f9c94a079cf38f38be6ed21df60c4bbde7df860ced8ae0cdf17
posttrain_pnp_novel_from_cuttingboard_to_pot,tabletop,ahs,posttrain_pnp_novel_from_cuttingboard_to_pot__seed00005,5,1,77,6.395329189050244,21.157991604006384,01c1f36fdcfb6f9c94a079cf38f38be6ed21df60c4bbde7df860ced8ae0cdf17
posttrain_pnp_novel_from_cuttingboard_to_pot,tabletop,ahs,posttrain_pnp_novel_from_cuttingboard_to_pot__seed00006,6,0,85,7.074581078108167,22.405900139012374,01c1f36fdcfb6f9c94a079cf38f38be6ed21df60c4bbde7df860ced8ae0cdf17
posttrain_pnp_novel_from_cuttingboard_to_pot,tabletop,ahs,posttrain_pnp_novel_from_cuttingboard_to_pot__seed00007,7,0,85,7.0598364349862095,22.713247873994987,01c1f36fdcfb6f9c94a079cf38f38be6ed21df60c4bbde7df860ced8ae0cdf17
posttrain_pnp_novel_from_cuttingboard_to_pot,tabletop,ahs,posttrain_pnp_novel_from_cuttingboard_to_pot__seed00008,8,1,77,6.389125335001154,22.081205628986936,01c1f36fdcfb6f9c94a079cf38f38be6ed21df60c4bbde7df860ced8ae0cdf17
posttrain_pnp_novel_from_cuttingboard_to_pot,tabletop,ahs,posttrain_pnp_novel_from_cuttingboard_to_pot__seed00009,9,1,90,7.474445949163055,21.04538796597626,01c1f36fdcfb6f9c94a079cf38f38be6ed21df60c4bbde7df860ced8ae0cdf17
posttrain_pnp_novel_from_cuttingboard_to_pot,tabletop,ahs,posttrain_pnp_novel_from_cuttingboard_to_pot__seed00010,10,1,87,7.181433828780428,20.431673085986404,01c1f36fdcfb6f9c94a079cf38f38be6ed21df60c4bbde7df860ced8ae0cdf17
posttrain_pnp_novel_from_cuttingboard_to_pot,tabletop,ahs,posttrain_pnp_novel_from_cuttingboard_to_pot__seed00011,11,0,77,6.406954076024704,19.306331594998483,01c1f36fdcfb6f9c94a079cf38f38be6ed21df60c4bbde7df860ced8ae0cdf17
posttrain_pnp_novel_from_cuttingboard_to_pot,tabletop,ahs,posttrain_pnp_novel_from_cuttingboard_to_pot__seed00012,12,0,81,6.734225888125366,20.882340707990807,01c1f36fdcfb6f9c94a079cf38f38be6ed21df60c4bbde7df860ced8ae0cdf17
posttrain_pnp_novel_from_cuttingboard_to_pot,tabletop,ahs,posttrain_pnp_novel_from_cuttingboard_to_pot__seed00013,13,0,89,7.379457684903173,20.680018932995154,01c1f36fdcfb6f9c94a079cf38f38be6ed21df60c4bbde7df860ced8ae0cdf17
posttrain_pnp_novel_from_cuttingboard_to_pot,tabletop,ahs,posttrain_pnp_novel_from_cuttingboard_to_pot__seed00014,14,0,78,6.488177469058428,21.13584897000692,01c1f36fdcfb6f9c94a079cf38f38be6ed21df60c4bbde7df860ced8ae0cdf17
posttrain_pnp_novel_from_cuttingboard_to_pot,tabletop,ahs,posttrain_pnp_novel_from_cuttingboard_to_pot__seed00015,15,0,81,6.727136943809455,20.00772989197867,01c1f36fdcfb6f9c94a079cf38f38be6ed21df60c4bbde7df860ced8ae0cdf17
posttrain_pnp_novel_from_cuttingboard_to_pot,tabletop,ahs,posttrain_pnp_novel_from_cuttingboard_to_pot__seed00016,16,0,78,6.466766281053424,22.301948186999653,01c1f36fdcfb6f9c94a079cf38f38be6ed21df60c4bbde7df860ced8ae0cdf17
posttrain_pnp_novel_from_cuttingboard_to_pot,tabletop,ahs,posttrain_pnp_novel_from_cuttingboard_to_pot__seed00017,17,0,84,6.9302558069175575,20.667056180012878,01c1f36fdcfb6f9c94a079cf38f38be6ed21df60c4bbde7df860ced8ae0cdf17
posttrain_pnp_novel_from_cuttingboard_to_pot,tabletop,ahs,posttrain_pnp_novel_from_cuttingboard_to_pot__seed00018,18,1,80,6.626511265028967,20.8700148530188,01c1f36fdcfb6f9c94a079cf38f38be6ed21df60c4bbde7df860ced8ae0cdf17
posttrain_pnp_novel_from_cuttingboard_to_pot,tabletop,ahs,posttrain_pnp_novel_from_cuttingboard_to_pot__seed00019,19,0,75,6.237736795126693,18.701828821998788,01c1f36fdcfb6f9c94a079cf38f38be6ed21df60c4bbde7df860ced8ae0cdf17
posttrain_pnp_novel_from_cuttingboard_to_pot,tabletop,ahs,posttrain_pnp_novel_from_cuttingboard_to_pot__seed00020,20,1,79,6.5365641869721,20.28543857097975,01c1f36fdcfb6f9c94a079cf38f38be6ed21df60c4bbde7df860ced8ae0cdf17
posttrain_pnp_novel_from_cuttingboard_to_pot,tabletop,ahs,posttrain_pnp_novel_from_cuttingboard_to_pot__seed00021,21,0,79,6.5760837401030585,21.0211314560147,01c1f36fdcfb6f9c94a079cf38f38be6ed21df60c4bbde7df860ced8ae0cdf17
posttrain_pnp_novel_from_cuttingboard_to_pot,tabletop,ahs,posttrain_pnp_novel_from_cuttingboard_to_pot__seed00022,22,0,95,7.882463412039215,21.178573302022414,01c1f36fdcfb6f9c94a079cf38f38be6ed21df60c4bbde7df860ced8ae0cdf17
posttrain_pnp_novel_from_cuttingboard_to_pot,tabletop,ahs,posttrain_pnp_novel_from_cuttingboard_to_pot__seed00023,23,0,75,6.203905891976319,18.418184990005102,01c1f36fdcfb6f9c94a079cf38f38be6ed21df60c4bbde7df860ced8ae0cdf17
posttrain_pnp_novel_from_cuttingboard_to_pot,tabletop,ahs,posttrain_pnp_novel_from_cuttingboard_to_pot__seed00024,24,1,81,6.742205234011635,20.143321629002457,01c1f36fdcfb6f9c94a079cf38f38be6ed21df60c4bbde7df860ced8ae0cdf17
posttrain_pnp_novel_from_cuttingboard_to_pot,tabletop,ahs,posttrain_pnp_novel_from_cuttingboard_to_pot__seed00025,25,1,83,6.9001670512370765,21.661503796000034,01c1f36fdcfb6f9c94a079cf38f38be6ed21df60c4bbde7df860ced8ae0cdf17
posttrain_pnp_novel_from_cuttingboard_to_pot,tabletop,ahs,posttrain_pnp_novel_from_cuttingboard_to_pot__seed00026,26,0,80,6.626420021057129,19.511012080998626,01c1f36fdcfb6f9c94a079cf38f38be6ed21df60c4bbde7df860ced8ae0cdf17
posttrain_pnp_novel_from_cuttingboard_to_pot,tabletop,ahs,posttrain_pnp_novel_from_cuttingboard_to_pot__seed00027,27,1,85,7.077008585940348,20.691956872004084,01c1f36fdcfb6f9c94a079cf38f38be6ed21df60c4bbde7df860ced8ae0cdf17
posttrain_pnp_novel_from_cuttingboard_to_pot,tabletop,ahs,posttrain_pnp_novel_from_cuttingboard_to_pot__seed00028,28,1,80,6.637738226971123,20.695180664013606,01c1f36fdcfb6f9c94a079cf38f38be6ed21df60c4bbde7df860ced8ae0cdf17
posttrain_pnp_novel_from_cuttingboard_to_pot,tabletop,ahs,posttrain_pnp_novel_from_cuttingboard_to_pot__seed00029,29,1,82,6.811540694994619,20.70779129001312,01c1f36fdcfb6f9c94a079cf38f38be6ed21df60c4bbde7df860ced8ae0cdf17
posttrain_pnp_novel_from_cuttingboard_to_pot,tabletop,ahs,posttrain_pnp_novel_from_cuttingboard_to_pot__seed00030,30,0,83,6.8869221490458585,21.054865288024303,01c1f36fdcfb6f9c94a079cf38f38be6ed21df60c4bbde7df860ced8ae0cdf17
posttrain_pnp_novel_from_cuttingboard_to_pot,tabletop,ahs,posttrain_pnp_novel_from_cuttingboard_to_pot__seed00031,31,0,83,6.886392754124245,19.625120245007565,01c1f36fdcfb6f9c94a079cf38f38be6ed21df60c4bbde7df860ced8ae0cdf17
posttrain_pnp_novel_from_cuttingboard_to_pot,tabletop,ahs,posttrain_pnp_novel_from_cuttingboard_to_pot__seed00032,32,1,78,6.458909970067907,20.37528622697573,01c1f36fdcfb6f9c94a079cf38f38be6ed21df60c4bbde7df860ced8ae0cdf17
posttrain_pnp_novel_from_cuttingboard_to_pot,tabletop,ahs,posttrain_pnp_novel_from_cuttingboard_to_pot__seed00033,33,0,81,6.724040036904626,19.834810982982162,01c1f36fdcfb6f9c94a079cf38f38be6ed21df60c4bbde7df860ced8ae0cdf17
posttrain_pnp_novel_from_cuttingboard_to_pot,tabletop,ahs,posttrain_pnp_novel_from_cuttingboard_to_pot__seed00034,34,0,92,7.642715776077239,21.597377452999353,01c1f36fdcfb6f9c94a079cf38f38be6ed21df60c4bbde7df860ced8ae0cdf17
posttrain_pnp_novel_from_cuttingboard_to_pot,tabletop,ahs,posttrain_pnp_novel_from_cuttingboard_to_pot__seed00035,35,1,79,6.562776675156783,21.669485154008726,01c1f36fdcfb6f9c94a079cf38f38be6ed21df60c4bbde7df860ced8ae0cdf17
posttrain_pnp_novel_from_cuttingboard_to_pot,tabletop,ahs,posttrain_pnp_novel_from_cuttingboard_to_pot__seed00036,36,0,84,6.970973465970019,19.997985929978313,01c1f36fdcfb6f9c94a079cf38f38be6ed21df60c4bbde7df860ced8ae0cdf17
posttrain_pnp_novel_from_cuttingboard_to_pot,tabletop,ahs,posttrain_pnp_novel_from_cuttingboard_to_pot__seed00037,37,0,85,7.068544658162864,22.773068706010235,01c1f36fdcfb6f9c94a079cf38f38be6ed21df60c4bbde7df860ced8ae0cdf17
posttrain_pnp_novel_from_cuttingboard_to_pot,tabletop,ahs,posttrain_pnp_novel_from_cuttingboard_to_pot__seed00038,38,0,74,6.125124537909869,19.482086475996766,01c1f36fdcfb6f9c94a079cf38f38be6ed21df60c4bbde7df860ced8ae0cdf17
posttrain_pnp_novel_from_cuttingboard_to_pot,tabletop,ahs,posttrain_pnp_novel_from_cuttingboard_to_pot__seed00039,39,0,84,6.96153341603349,25.811015325016342,01c1f36fdcfb6f9c94a079cf38f38be6ed21df60c4bbde7df860ced8ae0cdf17
posttrain_pnp_novel_from_cuttingboard_to_pot,tabletop,ahs,posttrain_pnp_novel_from_cuttingboard_to_pot__seed00040,40,1,76,6.2992001050151885,20.09023736702511,01c1f36fdcfb6f9c94a079cf38f38be6ed21df60c4bbde7df860ced8ae0cdf17
posttrain_pnp_novel_from_cuttingboard_to_pot,tabletop,ahs,posttrain_pnp_novel_from_cuttingboard_to_pot__seed00041,41,1,76,6.294814311055234,25.1887338150118,01c1f36fdcfb6f9c94a079cf38f38be6ed21df60c4bbde7df860ced8ae0cdf17
posttrain_pnp_novel_from_cuttingboard_to_pot,tabletop,ahs,posttrain_pnp_novel_from_cuttingboard_to_pot__seed00042,42,1,81,6.727549172093859,21.457461710000644,01c1f36fdcfb6f9c94a079cf38f38be6ed21df60c4bbde7df860ced8ae0cdf17
posttrain_pnp_novel_from_cuttingboard_to_pot,tabletop,ahs,posttrain_pnp_novel_from_cuttingboard_to_pot__seed00043,43,1,84,6.989484400022775,19.760729278001236,01c1f36fdcfb6f9c94a079cf38f38be6ed21df60c4bbde7df860ced8ae0cdf17
posttrain_pnp_novel_from_cuttingboard_to_pot,tabletop,ahs,posttrain_pnp_novel_from_cuttingboard_to_pot__seed00044,44,1,86,7.1412518768629525,20.99307016300736,01c1f36fdcfb6f9c94a079cf38f38be6ed21df60c4bbde7df860ced8ae0cdf17
posttrain_pnp_novel_from_cuttingboard_to_pot,tabletop,ahs,posttrain_pnp_novel_from_cuttingboard_to_pot__seed00045,45,0,89,7.363012580055511,20.821945422008866,01c1f36fdcfb6f9c94a079cf38f38be6ed21df60c4bbde7df860ced8ae0cdf17
posttrain_pnp_novel_from_cuttingboard_to_pot,tabletop,ahs,posttrain_pnp_novel_from_cuttingboard_to_pot__seed00046,46,0,82,6.81624999383348,19.79697573100566,01c1f36fdcfb6f9c94a079cf38f38be6ed21df60c4bbde7df860ced8ae0cdf17
posttrain_pnp_novel_from_cuttingboard_to_pot,tabletop,ahs,posttrain_pnp_novel_from_cuttingboard_to_pot__seed00047,47,1,85,7.037239912053337,20.86391809899942,01c1f36fdcfb6f9c94a079cf38f38be6ed21df60c4bbde7df860ced8ae0cdf17
posttrain_pnp_novel_from_cuttingboard_to_pot,tabletop,ahs,posttrain_pnp_novel_from_cuttingboard_to_pot__seed00048,48,1,80,6.638593126932392,20.575993514998117,01c1f36fdcfb6f9c94a079cf38f38be6ed21df60c4bbde7df860ced8ae0cdf17
posttrain_pnp_novel_from_cuttingboard_to_pot,tabletop,ahs,posttrain_pnp_novel_from_cuttingboard_to_pot__seed00049,49,0,80,6.638782992115011,20.397756336984457,01c1f36fdcfb6f9c94a079cf38f38be6ed21df60c4bbde7df860ced8ae0cdf17
posttrain_pnp_novel_from_cuttingboard_to_tieredbasket,tabletop,ahs,posttrain_pnp_novel_from_cuttingboard_to_tieredbasket__seed00000,0,1,79,6.602237751969369,20.30098581101629,01c1f36fdcfb6f9c94a079cf38f38be6ed21df60c4bbde7df860ced8ae0cdf17
posttrain_pnp_novel_from_cuttingboard_to_tieredbasket,tabletop,ahs,posttrain_pnp_novel_from_cuttingboard_to_tieredbasket__seed00001,1,0,84,7.014693527074996,21.209848808997776,01c1f36fdcfb6f9c94a079cf38f38be6ed21df60c4bbde7df860ced8ae0cdf17
posttrain_pnp_novel_from_cuttingboard_to_tieredbasket,tabletop,ahs,posttrain_pnp_novel_from_cuttingboard_to_tieredbasket__seed00002,2,0,83,6.92434607501491,20.747654084989335,01c1f36fdcfb6f9c94a079cf38f38be6ed21df60c4bbde7df860ced8ae0cdf17
posttrain_pnp_novel_from_cuttingboard_to_tieredbasket,tabletop,ahs,posttrain_pnp_novel_from_cuttingboard_to_tieredbasket__seed00003,3,0,87,7.255925989040406,20.864289018994896,01c1f36fdcfb6f9c94a079cf38f38be6ed21df60c4bbde7df860ced8ae0cdf17
posttrain_pnp_novel_from_cuttingboard_to_tieredbasket,tabletop,ahs,posttrain_pnp_novel_from_cuttingboard_to_tieredbasket__seed00004,4,1,79,6.576063173037255,25.270224530017003,01c1f36fdcfb6f9c94a079cf38f38be6ed21df60c4bbde7df860ced8ae0cdf17
posttrain_pnp_novel_from_cuttingboard_to_tieredbasket,tabletop,ahs,posttrain_pnp_novel_from_cuttingboard_to_tieredbasket__seed00005,5,0,86,7.161699640826555,21.809635871002683,01c1f36fdcfb6f9c94a079cf38f38be6ed21df60c4bbde7df860ced8ae0cdf17
posttrain_pnp_novel_from_cuttingboard_to_tieredbasket,tabletop,ahs,posttrain_pnp_novel_from_cuttingboard_to_tieredbasket__seed00006,6,0,84,6.984119613014627,21.181732336001005,01c1f36fdcfb6f9c94a079cf38f38be6ed21df60c4bbde7df860ced8ae0cdf17
posttrain_pnp_novel_from_cuttingboard_to_tieredbasket,tabletop,ahs,posttrain_pnp_novel_from_cuttingboard_to_tieredbasket__seed00007,7,0,86,7.145963330171071,21.54259397101123,01c1f36fdcfb6f9c94a079cf38f38be6ed21df60c4bbde7df860ced8ae0cdf17
posttrain_pnp_novel_from_cuttingboard_to_tieredbasket,tabletop,ahs,posttrain_pnp_novel_from_cuttingboard_to_tieredbasket__seed00008,8,1,84,7.0082674360019155,24.450473895005416,01c1f36fdcfb6f9c94a079cf38f38be6ed21df60c4bbde7df860ced8ae0cdf17
posttrain_pnp_novel_from_cuttingboard_to_tieredbasket,tabletop,ahs,posttrain_pnp_novel_from_cuttingboard_to_tieredbasket__seed00009,9,0,82,6.8239049530238844,20.54638134301058,01c1f36fdcfb6f9c94a079cf38f38be6ed21df60c4bbde7df860ced8ae0cdf17
posttrain_pnp_novel_from_cuttingboard_to_tieredbasket,tabletop,ahs,posttrain_pnp_novel_from_cuttingboard_to_tieredbasket__seed00010,10,0,78,6.508394157135626,20.55281035299413,01c1f36fdcfb6f9c94a079cf38f38be6ed21df60c4bbde7df860ced8ae0cdf17
posttrain_pnp_novel_from_cuttingboard_to_tieredbasket,tabletop,ahs,posttrain_pnp_novel_from_cuttingboard_to_tieredbasket__seed00011,11,0,84,6.979617889941437,20.27132858900586,01c1f36fdcfb6f9c94a079cf38f38be6ed21df60c4bbde7df860ced8ae0cdf17
posttrain_pnp_novel_from_cuttingboard_to_tieredbasket,tabletop,ahs,posttrain_pnp_novel_from_cuttingboard_to_tieredbasket__seed00012,12,0,80,6.639738428115379,23.384461331996135,01c1f36fdcfb6f9c94a079cf38f38be6ed21df60c4bbde7df860ced8ae0cdf17
posttrain_pnp_novel_from_cuttingboard_to_tieredbasket,tabletop,ahs,posttrain_pnp_novel_from_cuttingboard_to_tieredbasket__seed00013,13,0,84,7.018682440830162,24.035162340995157,01c1f36fdcfb6f9c94a079cf38f38be6ed21df60c4bbde7df860ced8ae0cdf17
posttrain_pnp_novel_from_cuttingboard_to_tieredbasket,tabletop,ahs,posttrain_pnp_novel_from_cuttingboard_to_tieredbasket__seed00014,14,1,80,6.667639833001886,21.297656436014222,01c1f36fdcfb6f9c94a079cf38f38be6ed21df60c4bbde7df860ced8ae0cdf17
posttrain_pnp_novel_from_cuttingboard_to_tieredbasket,tabletop,ahs,posttrain_pnp_novel_from_cuttingboard_to_tieredbasket__seed00015,15,0,76,6.3549138928356115,19.03313638898544,01c1f36fdcfb6f9c94a079cf38f38be6ed21df60c4bbde7df860ced8ae0cdf17
posttrain_pnp_novel_from_cuttingboard_to_tieredbasket,tabletop,ahs,posttrain_pnp_novel_from_cuttingboard_to_tieredbasket__seed00016,16,0,79,6.615768904070137,21.1133438530087,01c1f36fdcfb6f9c94a079cf38f38be6ed21df60c4bbde7df860ced8ae0cdf17
posttrain_pnp_novel_from_cuttingboard_to_tieredbasket,tabletop,ahs,posttrain_pnp_novel_from_cuttingboard_to_tieredbasket__seed00017,17,1,87,7.27680477881222,22.65029815401067,01c1f36fdcfb6f9c94a079cf38f38be6ed21df60c4bbde7df860ced8ae0cdf17
posttrain_pnp_novel_from_cuttingboard_to_tieredbasket,tabletop,ahs,posttrain_pnp_novel_from_cuttingboard_to_tieredbasket__seed00018,18,0,85,7.125804459938081,20.282491421996383,01c1f36fdcfb6f9c94a079cf38f38be6ed21df60c4bbde7df860ced8ae0cdf17
posttrain_pnp_novel_from_cuttingboard_to_tieredbasket,tabletop,ahs,posttrain_pnp_novel_from_cuttingboard_to_tieredbasket__seed00019,19,0,87,7.290548622928327,21.516997707018163,01c1f36fdcfb6f9c94a079cf38f38be6ed21df60c4bbde7df860ced8ae0cdf17
posttrain_pnp_novel_from_cuttingboard_to_tieredbasket,tabletop,ahs,posttrain_pnp_novel_from_cuttingboard_to_tieredbasket__seed00020,20,0,85,7.116511069121771,22.311400715989294,01c1f36fdcfb6f9c94a079cf38f38be6ed21df60c4bbde7df860ced8ae0cdf17
posttrain_pnp_novel_from_cuttingboard_to_tieredbasket,tabletop,ahs,posttrain_pnp_novel_from_cuttingboard_to_tieredbasket__seed00021,21,1,79,6.586516651121201,27.601185512001393,01c1f36fdcfb6f9c94a079cf38f38be6ed21df60c4bbde7df860ced8ae0cdf17
posttrain_pnp_novel_from_cuttingboard_to_tieredbasket,tabletop,ahs,posttrain_pnp_novel_from_cuttingboard_to_tieredbasket__seed00022,22,0,81,6.752067122841254,21.415278008993482,01c1f36fdcfb6f9c94a079cf38f38be6ed21df60c4bbde7df860ced8ae0cdf17
posttrain_pnp_novel_from_cuttingboard_to_tieredbasket,tabletop,ahs,posttrain_pnp_novel_from_cuttingboard_to_tieredbasket__seed00023,23,1,78,6.483690027002012,21.21023242000956,01c1f36fdcfb6f9c94a079cf38f38be6ed21df60c4bbde7df860ced8ae0cdf17
posttrain_pnp_novel_from_cuttingboard_to_tieredbasket,tabletop,ahs,posttrain_pnp_novel_from_cuttingboard_to_tieredbasket__seed00024,24,1,79,6.553338248078944,23.757180790998973,01c1f36fdcfb6f9c94a079cf38f38be6ed21df60c4bbde7df860ced8ae0cdf17
posttrain_pnp_novel_from_cuttingboard_to_tieredbasket,tabletop,ahs,posttrain_pnp_novel_from_cuttingboard_to_tieredbasket__seed00025,25,0,84,7.000526065094164,21.197373467002762,01c1f36fdcfb6f9c94a079cf38f38be6ed21df60c4bbde7df860ced8ae0cdf17
posttrain_pnp_novel_from_cuttingboard_to_tieredbasket,tabletop,ahs,posttrain_pnp_novel_from_cuttingboard_to_tieredbasket__seed00026,26,0,82,6.809972303133691,22.039964665018488,01c1f36fdcfb6f9c94a079cf38f38be6ed21df60c4bbde7df860ced8ae0cdf17
posttrain_pnp_novel_from_cuttingboard_to_tieredbasket,tabletop,ahs,posttrain_pnp_novel_from_cuttingboard_to_tieredbasket__seed00027,27,0,73,6.064945312042255,23.15603584802011,01c1f36fdcfb6f9c94a079cf38f38be6ed21df60c4bbde7df860ced8ae0cdf17
posttrain_pnp_novel_from_cuttingboard_to_tieredbasket,tabletop,ahs,posttrain_pnp_novel_from_cuttingboard_to_tieredbasket__seed00028,28,1,81,6.740179023006931,20.639680980006233,01c1f36fdcfb6f9c94a079cf38f38be6ed21df60c4bbde7df860ced8ae0cdf17
posttrain_pnp_novel_from_cuttingboard_to_tieredbasket,tabletop,ahs,posttrain_pnp_novel_from_cuttingboard_to_tieredbasket__seed00029,29,0,82,6.798972100921674,22.07537053001579,01c1f36fdcfb6f9c94a079cf38f38be6ed21df60c4bbde7df860ced8ae0cdf17
posttrain_pnp_novel_from_cuttingboard_to_tieredbasket,tabletop,ahs,posttrain_pnp_novel_from_cuttingboard_to_tieredbasket__seed00030,30,1,82,6.810227492038393,21.55032868598937,01c1f36fdcfb6f9c94a079cf38f38be6ed21df60c4bbde7df860ced8ae0cdf17
posttrain_pnp_novel_from_cuttingboard_to_tieredbasket,tabletop,ahs,posttrain_pnp_novel_from_cuttingboard_to_tieredbasket__seed00031,31,0,77,6.40592670100159,20.064496845996473,01c1f36fdcfb6f9c94a079cf38f38be6ed21df60c4bbde7df860ced8ae0cdf17
posttrain_pnp_novel_from_cuttingboard_to_tieredbasket,tabletop,ahs,posttrain_pnp_novel_from_cuttingboard_to_tieredbasket__seed00032,32,0,77,6.401873990136664,21.24959735100856,01c1f36fdcfb6f9c94a079cf38f38be6ed21df60c4bbde7df860ced8ae0cdf17
posttrain_pnp_novel_from_cuttingboard_to_tieredbasket,tabletop,ahs,posttrain_pnp_novel_from_cuttingboard_to_tieredbasket__seed00033,33,0,73,6.090641472139396,20.23088189799455,01c1f36fdcfb6f9c94a079cf38f38be6ed21df60c4bbde7df860ced8ae0cdf17
posttrain_pnp_novel_from_cuttingboard_to_tieredbasket,tabletop,ahs,posttrain_pnp_novel_from_cuttingboard_to_tieredbasket__seed00034,34,1,83,6.914978291140869,26.505090082995594,01c1f36fdcfb6f9c94a079cf38f38be6ed21df60c4bbde7df860ced8ae0cdf17
posttrain_pnp_novel_from_cuttingboard_to_tieredbasket,tabletop,ahs,posttrain_pnp_novel_from_cuttingboard_to_tieredbasket__seed00035,35,0,81,6.760748131026048,21.21319389998098,01c1f36fdcfb6f9c94a079cf38f38be6ed21df60c4bbde7df860ced8ae0cdf17
posttrain_pnp_novel_from_cuttingboard_to_tieredbasket,tabletop,ahs,posttrain_pnp_novel_from_cuttingboard_to_tieredbasket__seed00036,36,0,77,6.4374747080146335,20.398641947016586,01c1f36fdcfb6f9c94a079cf38f38be6ed21df60c4bbde7df860ced8ae0cdf17
posttrain_pnp_novel_from_cuttingboard_to_tieredbasket,tabletop,ahs,posttrain_pnp_novel_from_cuttingboard_to_tieredbasket__seed00037,37,1,80,6.70014822986559,20.82664462699904,01c1f36fdcfb6f9c94a079cf38f38be6ed21df60c4bbde7df860ced8ae0cdf17
posttrain_pnp_novel_from_cuttingboard_to_tieredbasket,tabletop,ahs,posttrain_pnp_novel_from_cuttingboard_to_tieredbasket__seed00038,38,0,82,6.857051893050084,21.150074498000322,01c1f36fdcfb6f9c94a079cf38f38be6ed21df60c4bbde7df860ced8ae0cdf17
posttrain_pnp_novel_from_cuttingboard_to_tieredbasket,tabletop,ahs,posttrain_pnp_novel_from_cuttingboard_to_tieredbasket__seed00039,39,0,77,6.441518334904686,26.014031458995305,01c1f36fdcfb6f9c94a079cf38f38be6ed21df60c4bbde7df860ced8ae0cdf17
posttrain_pnp_novel_from_cuttingboard_to_tieredbasket,tabletop,ahs,posttrain_pnp_novel_from_cuttingboard_to_tieredbasket__seed00040,40,0,79,6.581294534000335,19.751564876991324,01c1f36fdcfb6f9c94a079cf38f38be6ed21df60c4bbde7df860ced8ae0cdf17
posttrain_pnp_novel_from_cuttingboard_to_tieredbasket,tabletop,ahs,posttrain_pnp_novel_from_cuttingboard_to_tieredbasket__seed00041,41,0,78,6.495571029925486,24.90945591099444,01c1f36fdcfb6f9c94a079cf38f38be6ed21df60c4bbde7df860ced8ae0cdf17
posttrain_pnp_novel_from_cuttingboard_to_tieredbasket,tabletop,ahs,posttrain_pnp_novel_from_cuttingboard_to_tieredbasket__seed00042,42,0,84,6.983313848118996,21.91152903001057,01c1f36fdcfb6f9c94a079cf38f38be6ed21df60c4bbde7df860ced8ae0cdf17
posttrain_pnp_novel_from_cuttingboard_to_tieredbasket,tabletop,ahs,posttrain_pnp_novel_from_cuttingboard_to_tieredbasket__seed00043,43,0,77,6.404771434899885,20.303413482004544,01c1f36fdcfb6f9c94a079cf38f38be6ed21df60c4bbde7df860ced8ae0cdf17
posttrain_pnp_novel_from_cuttingboard_to_tieredbasket,tabletop,ahs,posttrain_pnp_novel_from_cuttingboard_to_tieredbasket__seed00044,44,1,74,6.149109151941957,19.70090489901486,01c1f36fdcfb6f9c94a079cf38f38be6ed21df60c4bbde7df860ced8ae0cdf17
posttrain_pnp_novel_from_cuttingboard_to_tieredbasket,tabletop,ahs,posttrain_pnp_novel_from_cuttingboard_to_tieredbasket__seed00045,45,0,80,6.6358120009244885,20.62463061598828,01c1f36fdcfb6f9c94a079cf38f38be6ed21df60c4bbde7df860ced8ae0cdf17
posttrain_pnp_novel_from_cuttingboard_to_tieredbasket,tabletop,ahs,posttrain_pnp_novel_from_cuttingboard_to_tieredbasket__seed00046,46,0,80,6.644662123959279,21.482491483009653,01c1f36fdcfb6f9c94a079cf38f38be6ed21df60c4bbde7df860ced8ae0cdf17
posttrain_pnp_novel_from_cuttingboard_to_tieredbasket,tabletop,ahs,posttrain_pnp_novel_from_cuttingboard_to_tieredbasket__seed00047,47,0,74,6.136473144841148,19.848804328998085,01c1f36fdcfb6f9c94a079cf38f38be6ed21df60c4bbde7df860ced8ae0cdf17
posttrain_pnp_novel_from_cuttingboard_to_tieredbasket,tabletop,ahs,posttrain_pnp_novel_from_cuttingboard_to_tieredbasket__seed00048,48,0,80,6.648599303822266,20.58110824599862,01c1f36fdcfb6f9c94a079cf38f38be6ed21df60c4bbde7df860ced8ae0cdf17
posttrain_pnp_novel_from_cuttingboard_to_tieredbasket,tabletop,ahs,posttrain_pnp_novel_from_cuttingboard_to_tieredbasket__seed00049,49,1,83,6.877367542008869,20.9202355860034,01c1f36fdcfb6f9c94a079cf38f38be6ed21df60c4bbde7df860ced8ae0cdf17
posttrain_pnp_novel_from_placemat_to_basket,tabletop,ahs,posttrain_pnp_novel_from_placemat_to_basket__seed00000,0,1,78,6.539323568780674,22.788710037013516,364bbde180b363b88832a89e5db86474432bbc2164c2901ec7a8679468b6357c
posttrain_pnp_novel_from_placemat_to_basket,tabletop,ahs,posttrain_pnp_novel_from_placemat_to_basket__seed00001,1,0,78,6.537177443999099,21.49793315900024,364bbde180b363b88832a89e5db86474432bbc2164c2901ec7a8679468b6357c
posttrain_pnp_novel_from_placemat_to_basket,tabletop,ahs,posttrain_pnp_novel_from_placemat_to_basket__seed00002,2,0,76,6.344945686985739,21.384679932001745,364bbde180b363b88832a89e5db86474432bbc2164c2901ec7a8679468b6357c
posttrain_pnp_novel_from_placemat_to_basket,tabletop,ahs,posttrain_pnp_novel_from_placemat_to_basket__seed00003,3,1,77,6.433354497130495,21.077731130004395,364bbde180b363b88832a89e5db86474432bbc2164c2901ec7a8679468b6357c
posttrain_pnp_novel_from_placemat_to_basket,tabletop,ahs,posttrain_pnp_novel_from_placemat_to_basket__seed00004,4,0,83,6.909238459978951,25.732086767995497,364bbde180b363b88832a89e5db86474432bbc2164c2901ec7a8679468b6357c
posttrain_pnp_novel_from_placemat_to_basket,tabletop,ahs,posttrain_pnp_novel_from_placemat_to_basket__seed00005,5,0,85,7.103871498955414,22.67079276498407,364bbde180b363b88832a89e5db86474432bbc2164c2901ec7a8679468b6357c
posttrain_pnp_novel_from_placemat_to_basket,tabletop,ahs,posttrain_pnp_novel_from_placemat_to_basket__seed00006,6,1,83,6.895611152081983,23.93244305398548,364bbde180b363b88832a89e5db86474432bbc2164c2901ec7a8679468b6357c
posttrain_pnp_novel_from_placemat_to_basket,tabletop,ahs,posttrain_pnp_novel_from_placemat_to_basket__seed00007,7,0,74,6.151300454832381,21.657034056988778,364bbde180b363b88832a89e5db86474432bbc2164c2901ec7a8679468b6357c
posttrain_pnp_novel_from_placemat_to_basket,tabletop,ahs,posttrain_pnp_novel_from_placemat_to_basket__seed00008,8,0,77,6.385603086877381,23.120989471994108,364bbde180b363b88832a89e5db86474432bbc2164c2901ec7a8679468b6357c
posttrain_pnp_novel_from_placemat_to_basket,tabletop,ahs,posttrain_pnp_novel_from_placemat_to_basket__seed00009,9,1,84,7.002484132157406,22.26447776099667,364bbde180b363b88832a89e5db86474432bbc2164c2901ec7a8679468b6357c
posttrain_pnp_novel_from_placemat_to_basket,tabletop,ahs,posttrain_pnp_novel_from_placemat_to_basket__seed00010,10,0,81,6.74805895992904,23.52405184399686,364bbde180b363b88832a89e5db86474432bbc2164c2901ec7a8679468b6357c
posttrain_pnp_novel_from_placemat_to_basket,tabletop,ahs,posttrain_pnp_novel_from_placemat_to_basket__seed00011,11,1,79,6.591839719971176,22.663073798001278,364bbde180b363b88832a89e5db86474432bbc2164c2901ec7a8679468b6357c
posttrain_pnp_novel_from_placemat_to_basket,tabletop,ahs,posttrain_pnp_novel_from_placemat_to_basket__seed00012,12,1,79,6.597656125930371,22.507240854989504,364bbde180b363b88832a89e5db86474432bbc2164c2901ec7a8679468b6357c
posttrain_pnp_novel_from_placemat_to_basket,tabletop,ahs,posttrain_pnp_novel_from_placemat_to_basket__seed00013,13,1,98,8.195206698117545,24.431390840007225,364bbde180b363b88832a89e5db86474432bbc2164c2901ec7a8679468b6357c
posttrain_pnp_novel_from_placemat_to_basket,tabletop,ahs,posttrain_pnp_novel_from_placemat_to_basket__seed00014,14,1,82,6.837575401121285,23.049528151983395,364bbde180b363b88832a89e5db86474432bbc2164c2901ec7a8679468b6357c
posttrain_pnp_novel_from_placemat_to_basket,tabletop,ahs,posttrain_pnp_novel_from_placemat_to_basket__seed00015,15,1,75,6.2618102660926525,21.269418917014264,364bbde180b363b88832a89e5db86474432bbc2164c2901ec7a8679468b6357c
posttrain_pnp_novel_from_placemat_to_basket,tabletop,ahs,posttrain_pnp_novel_from_placemat_to_basket__seed00016,16,1,79,6.577551494847285,23.74210464497446,364bbde180b363b88832a89e5db86474432bbc2164c2901ec7a8679468b6357c
posttrain_pnp_novel_from_placemat_to_basket,tabletop,ahs,posttrain_pnp_novel_from_placemat_to_basket__seed00017,17,0,75,6.252253372862469,21.669628076982917,364bbde180b363b88832a89e5db86474432bbc2164c2901ec7a8679468b6357c
posttrain_pnp_novel_from_placemat_to_basket,tabletop,ahs,posttrain_pnp_novel_from_placemat_to_basket__seed00018,18,0,82,6.811320297070779,25.27826572698541,364bbde180b363b88832a89e5db86474432bbc2164c2901ec7a8679468b6357c
posttrain_pnp_novel_from_placemat_to_basket,tabletop,ahs,posttrain_pnp_novel_from_placemat_to_basket__seed00019,19,0,75,6.234808095003245,20.256944402004592,364bbde180b363b88832a89e5db86474432bbc2164c2901ec7a8679468b6357c
posttrain_pnp_novel_from_placemat_to_basket,tabletop,ahs,posttrain_pnp_novel_from_placemat_to_basket__seed00020,20,1,82,6.820106080878759,22.783841192984255,364bbde180b363b88832a89e5db86474432bbc2164c2901ec7a8679468b6357c
posttrain_pnp_novel_from_placemat_to_basket,tabletop,ahs,posttrain_pnp_novel_from_placemat_to_basket__seed00021,21,1,78,6.474957953905687,28.187407558987616,364bbde180b363b88832a89e5db86474432bbc2164c2901ec7a8679468b6357c
posttrain_pnp_novel_from_placemat_to_basket,tabletop,ahs,posttrain_pnp_novel_from_placemat_to_basket__seed00022,22,1,91,7.549984638055321,22.012941822002176,364bbde180b363b88832a89e5db86474432bbc2164c2901ec7a8679468b6357c
posttrain_pnp_novel_from_placemat_to_basket,tabletop,ahs,posttrain_pnp_novel_from_placemat_to_basket__seed00023,23,0,85,7.077050002029864,20.853692578995833,364bbde180b363b88832a89e5db86474432bbc2164c2901ec7a8679468b6357c
posttrain_pnp_novel_from_placemat_to_basket,tabletop,ahs,posttrain_pnp_novel_from_placemat_to_basket__seed00024,24,1,82,6.8322524241229985,22.697013319004327,364bbde180b363b88832a89e5db86474432bbc2164c2901ec7a8679468b6357c
posttrain_pnp_novel_from_placemat_to_basket,tabletop,ahs,posttrain_pnp_novel_from_placemat_to_basket__seed00025,25,1,76,6.330811838794034,26.228389992989833,364bbde180b363b88832a89e5db86474432bbc2164c2901ec7a8679468b6357c
posttrain_pnp_novel_from_placemat_to_basket,tabletop,ahs,posttrain_pnp_novel_from_placemat_to_basket__seed00026,26,0,80,6.710849670984317,20.260860745009268,364bbde180b363b88832a89e5db86474432bbc2164c2901ec7a8679468b6357c
posttrain_pnp_novel_from_placemat_to_basket,tabletop,ahs,posttrain_pnp_novel_from_placemat_to_basket__seed00027,27,0,84,7.055759010982001,20.335463616997004,364bbde180b363b88832a89e5db86474432bbc2164c2901ec7a8679468b6357c
posttrain_pnp_novel_from_placemat_to_basket,tabletop,ahs,posttrain_pnp_novel_from_placemat_to_basket__seed00028,28,1,79,6.600018063007155,21.346943307988113,364bbde180b363b88832a89e5db86474432bbc2164c2901ec7a8679468b6357c
posttrain_pnp_novel_from_placemat_to_basket,tabletop,ahs,posttrain_pnp_novel_from_placemat_to_basket__seed00029,29,0,82,6.850697572896024,20.65313802298624,364bbde180b363b88832a89e5db86474432bbc2164c2901ec7a8679468b6357c
posttrain_pnp_novel_from_placemat_to_basket,tabletop,ahs,posttrain_pnp_novel_from_placemat_to_basket__seed00030,30,0,82,6.843318614963209,22.880327847989975,364bbde180b363b88832a89e5db86474432bbc2164c2901ec7a8679468b6357c
posttrain_pnp_novel_from_placemat_to_basket,tabletop,ahs,posttrain_pnp_novel_from_placemat_to_basket__seed00031,31,0,83,6.903537016158225,20.80612216098234,364bbde180b363b88832a89e5db86474432bbc2164c2901ec7a8679468b6357c
posttrain_pnp_novel_from_placemat_to_basket,tabletop,ahs,posttrain_pnp_novel_from_placemat_to_basket__seed00032,32,0,86,7.153362553042825,20.253369706013473,364bbde180b363b88832a89e5db86474432bbc2164c2901ec7a8679468b6357c
posttrain_pnp_novel_from_placemat_to_basket,tabletop,ahs,posttrain_pnp_novel_from_placemat_to_basket__seed00033,33,1,84,6.969722632056801,21.278519222018076,364bbde180b363b88832a89e5db86474432bbc2164c2901ec7a8679468b6357c
posttrain_pnp_novel_from_placemat_to_basket,tabletop,ahs,posttrain_pnp_novel_from_placemat_to_basket__seed00034,34,0,79,6.574871178017929,25.39125366799999,364bbde180b363b88832a89e5db86474432bbc2164c2901ec7a8679468b6357c
posttrain_pnp_novel_from_placemat_to_basket,tabletop,ahs,posttrain_pnp_novel_from_placemat_to_basket__seed00035,35,0,86,7.147244737803703,29.4820656789816,364bbde180b363b88832a89e5db86474432bbc2164c2901ec7a8679468b6357c
posttrain_pnp_novel_from_placemat_to_basket,tabletop,ahs,posttrain_pnp_novel_from_placemat_to_basket__seed00036,36,0,84,6.980343531060498,20.521608091978123,364bbde180b363b88832a89e5db86474432bbc2164c2901ec7a8679468b6357c
posttrain_pnp_novel_from_placemat_to_basket,tabletop,ahs,posttrain_pnp_novel_from_placemat_to_basket__seed00037,37,0,80,6.680647401954047,23.861348722013645,364bbde180b363b88832a89e5db86474432bbc2164c2901ec7a8679468b6357c
posttrain_pnp_novel_from_placemat_to_basket,tabletop,ahs,posttrain_pnp_novel_from_placemat_to_basket__seed00038,38,0,76,6.351628558972152,19.789954061998287,364bbde180b363b88832a89e5db86474432bbc2164c2901ec7a8679468b6357c
posttrain_pnp_novel_from_placemat_to_basket,tabletop,ahs,posttrain_pnp_novel_from_placemat_to_basket__seed00039,39,0,77,6.45245630494901,23.913406303006923,364bbde180b363b88832a89e5db86474432bbc2164c2901ec7a8679468b6357c
posttrain_pnp_novel_from_placemat_to_basket,tabletop,ahs,posttrain_pnp_novel_from_placemat_to_basket__seed00040,40,0,86,7.215550673106918,21.611006652994547,364bbde180b363b88832a89e5db86474432bbc2164c2901ec7a8679468b6357c
posttrain_pnp_novel_from_placemat_to_basket,tabletop,ahs,posttrain_pnp_novel_from_placemat_to_basket__seed00041,41,0,84,7.009607212065021,26.352897938981187,364bbde180b363b88832a89e5db86474432bbc2164c2901ec7a8679468b6357c
posttrain_pnp_novel_from_placemat_to_basket,tabletop,ahs,posttrain_pnp_novel_from_placemat_to_basket__seed00042,42,0,78,6.502836274972651,21.136013201001333,364bbde180b363b88832a89e5db86474432bbc2164c2901ec7a8679468b6357c
posttrain_pnp_novel_from_placemat_to_basket,tabletop,ahs,posttrain_pnp_novel_from_placemat_to_basket__seed00043,43,1,79,6.579856301948894,22.515981111995643,364bbde180b363b88832a89e5db86474432bbc2164c2901ec7a8679468b6357c
posttrain_pnp_novel_from_placemat_to_basket,tabletop,ahs,posttrain_pnp_novel_from_placemat_to_basket__seed00044,44,0,80,6.6363760070235,20.301462415984133,364bbde180b363b88832a89e5db86474432bbc2164c2901ec7a8679468b6357c
posttrain_pnp_novel_from_placemat_to_basket,tabletop,ahs,posttrain_pnp_novel_from_placemat_to_basket__seed00045,45,1,88,7.32943317500758,22.460406954982318,364bbde180b363b88832a89e5db86474432bbc2164c2901ec7a8679468b6357c
posttrain_pnp_novel_from_placemat_to_basket,tabletop,ahs,posttrain_pnp_novel_from_placemat_to_basket__seed00046,46,1,93,7.736109772988129,22.861227896006312,364bbde180b363b88832a89e5db86474432bbc2164c2901ec7a8679468b6357c
posttrain_pnp_novel_from_placemat_to_basket,tabletop,ahs,posttrain_pnp_novel_from_placemat_to_basket__seed00047,47,1,76,6.327924103010446,22.72571530600544,364bbde180b363b88832a89e5db86474432bbc2164c2901ec7a8679468b6357c
posttrain_pnp_novel_from_placemat_to_basket,tabletop,ahs,posttrain_pnp_novel_from_placemat_to_basket__seed00048,48,1,80,6.671311330981553,22.830554913001833,364bbde180b363b88832a89e5db86474432bbc2164c2901ec7a8679468b6357c
posttrain_pnp_novel_from_placemat_to_basket,tabletop,ahs,posttrain_pnp_novel_from_placemat_to_basket__seed00049,49,1,81,6.7505709000106435,22.03576170699671,364bbde180b363b88832a89e5db86474432bbc2164c2901ec7a8679468b6357c
posttrain_pnp_novel_from_placemat_to_bowl,tabletop,ahs,posttrain_pnp_novel_from_placemat_to_bowl__seed00000,0,1,80,6.664407970994944,22.450938987982227,364bbde180b363b88832a89e5db86474432bbc2164c2901ec7a8679468b6357c
posttrain_pnp_novel_from_placemat_to_bowl,tabletop,ahs,posttrain_pnp_novel_from_placemat_to_bowl__seed00001,1,0,83,6.9302590849401895,23.160136686987244,364bbde180b363b88832a89e5db86474432bbc2164c2901ec7a8679468b6357c
posttrain_pnp_novel_from_placemat_to_bowl,tabletop,ahs,posttrain_pnp_novel_from_placemat_to_bowl__seed00002,2,0,72,5.973256306024268,21.98190279499977,364bbde180b363b88832a89e5db86474432bbc2164c2901ec7a8679468b6357c
posttrain_pnp_novel_from_placemat_to_bowl,tabletop,ahs,posttrain_pnp_novel_from_placemat_to_bowl__seed00003,3,1,83,6.891363930102671,22.792703489016276,364bbde180b363b88832a89e5db86474432bbc2164c2901ec7a8679468b6357c
posttrain_pnp_novel_from_placemat_to_bowl,tabletop,ahs,posttrain_pnp_novel_from_placemat_to_bowl__seed00004,4,1,79,6.566196088038851,28.527426292013843,364bbde180b363b88832a89e5db86474432bbc2164c2901ec7a8679468b6357c
posttrain_pnp_novel_from_placemat_to_bowl,tabletop,ahs,posttrain_pnp_novel_from_placemat_to_bowl__seed00005,5,1,86,7.158497100987006,24.873052261013072,364bbde180b363b88832a89e5db86474432bbc2164c2901ec7a8679468b6357c
posttrain_pnp_novel_from_placemat_to_bowl,tabletop,ahs,posttrain_pnp_novel_from_placemat_to_bowl__seed00006,6,0,84,7.012822290009353,23.049492749996716,364bbde180b363b88832a89e5db86474432bbc2164c2901ec7a8679468b6357c
posttrain_pnp_novel_from_placemat_to_bowl,tabletop,ahs,posttrain_pnp_novel_from_placemat_to_bowl__seed00007,7,0,74,6.198084776842734,23.099692646006588,364bbde180b363b88832a89e5db86474432bbc2164c2901ec7a8679468b6357c
posttrain_pnp_novel_from_placemat_to_bowl,tabletop,ahs,posttrain_pnp_novel_from_placemat_to_bowl__seed00008,8,0,88,7.36709552508546,22.32531495799776,364bbde180b363b88832a89e5db86474432bbc2164c2901ec7a8679468b6357c
posttrain_pnp_novel_from_placemat_to_bowl,tabletop,ahs,posttrain_pnp_novel_from_placemat_to_bowl__seed00009,9,1,82,6.8681957218796015,23.74648454700946,364bbde180b363b88832a89e5db86474432bbc2164c2901ec7a8679468b6357c
posttrain_pnp_novel_from_placemat_to_bowl,tabletop,ahs,posttrain_pnp_novel_from_placemat_to_bowl__seed00010,10,0,88,7.334432850999292,24.70171590099926,364bbde180b363b88832a89e5db86474432bbc2164c2901ec7a8679468b6357c
posttrain_pnp_novel_from_placemat_to_bowl,tabletop,ahs,posttrain_pnp_novel_from_placemat_to_bowl__seed00011,11,1,84,6.983353113057092,24.890509460004978,364bbde180b363b88832a89e5db86474432bbc2164c2901ec7a8679468b6357c
posttrain_pnp_novel_from_placemat_to_bowl,tabletop,ahs,posttrain_pnp_novel_from_placemat_to_bowl__seed00012,12,0,82,6.827555698080687,24.625030987983337,364bbde180b363b88832a89e5db86474432bbc2164c2901ec7a8679468b6357c
posttrain_pnp_novel_from_placemat_to_bowl,tabletop,ahs,posttrain_pnp_novel_from_placemat_to_bowl__seed00013,13,0,82,6.814477437990718,22.757308861997444,364bbde180b363b88832a89e5db86474432bbc2164c2901ec7a8679468b6357c
posttrain_pnp_novel_from_placemat_to_bowl,tabletop,ahs,posttrain_pnp_novel_from_placemat_to_bowl__seed00014,14,0,82,6.816921754943905,22.510222499986412,364bbde180b363b88832a89e5db86474432bbc2164c2901ec7a8679468b6357c
posttrain_pnp_novel_from_placemat_to_bowl,tabletop,ahs,posttrain_pnp_novel_from_placemat_to_bowl__seed00015,15,1,77,6.397597309056437,23.615176507999422,364bbde180b363b88832a89e5db86474432bbc2164c2901ec7a8679468b6357c
posttrain_pnp_novel_from_placemat_to_bowl,tabletop,ahs,posttrain_pnp_novel_from_placemat_to_bowl__seed00016,16,1,78,6.499153455108171,21.983841614011908,364bbde180b363b88832a89e5db86474432bbc2164c2901ec7a8679468b6357c
posttrain_pnp_novel_from_placemat_to_bowl,tabletop,ahs,posttrain_pnp_novel_from_placemat_to_bowl__seed00017,17,0,81,6.752467258891556,24.52612280199537,364bbde180b363b88832a89e5db86474432bbc2164c2901ec7a8679468b6357c
posttrain_pnp_novel_from_placemat_to_bowl,tabletop,ahs,posttrain_pnp_novel_from_placemat_to_bowl__seed00018,18,1,77,6.413114768918604,22.899746788985794,364bbde180b363b88832a89e5db86474432bbc2164c2901ec7a8679468b6357c
posttrain_pnp_novel_from_placemat_to_bowl,tabletop,ahs,posttrain_pnp_novel_from_placemat_to_bowl__seed00019,19,0,82,6.848060552991228,23.70209119800711,364bbde180b363b88832a89e5db86474432bbc2164c2901ec7a8679468b6357c
posttrain_pnp_novel_from_placemat_to_bowl,tabletop,ahs,posttrain_pnp_novel_from_placemat_to_bowl__seed00020,20,1,83,6.957386574096745,23.60206398900482,364bbde180b363b88832a89e5db86474432bbc2164c2901ec7a8679468b6357c
posttrain_pnp_novel_from_placemat_to_bowl,tabletop,ahs,posttrain_pnp_novel_from_placemat_to_bowl__seed00021,21,0,81,6.803116527153179,29.18164122500457,364bbde180b363b88832a89e5db86474432bbc2164c2901ec7a8679468b6357c
posttrain_pnp_novel_from_placemat_to_bowl,tabletop,ahs,posttrain_pnp_novel_from_placemat_to_bowl__seed00022,22,0,88,7.352950878936099,23.488298003008822,364bbde180b363b88832a89e5db86474432bbc2164c2901ec7a8679468b6357c
posttrain_pnp_novel_from_placemat_to_bowl,tabletop,ahs,posttrain_pnp_novel_from_placemat_to_bowl__seed00023,23,0,79,6.598924652818823,22.738466620998224,364bbde180b363b88832a89e5db86474432bbc2164c2901ec7a8679468b6357c
posttrain_pnp_novel_from_placemat_to_bowl,tabletop,ahs,posttrain_pnp_novel_from_placemat_to_bowl__seed00024,24,0,75,6.236823924089549,23.079174328013323,364bbde180b363b88832a89e5db86474432bbc2164c2901ec7a8679468b6357c
posttrain_pnp_novel_from_placemat_to_bowl,tabletop,ahs,posttrain_pnp_novel_from_placemat_to_bowl__seed00025,25,1,82,6.826601547159953,24.28764598700218,364bbde180b363b88832a89e5db86474432bbc2164c2901ec7a8679468b6357c
posttrain_pnp_novel_from_placemat_to_bowl,tabletop,ahs,posttrain_pnp_novel_from_placemat_to_bowl__seed00026,26,0,76,6.331142960989382,22.504217173001962,364bbde180b363b88832a89e5db86474432bbc2164c2901ec7a8679468b6357c
posttrain_pnp_novel_from_placemat_to_bowl,tabletop,ahs,posttrain_pnp_novel_from_placemat_to_bowl__seed00027,27,1,82,6.809407072985778,22.49754039099207,364bbde180b363b88832a89e5db86474432bbc2164c2901ec7a8679468b6357c
posttrain_pnp_novel_from_placemat_to_bowl,tabletop,ahs,posttrain_pnp_novel_from_placemat_to_bowl__seed00028,28,1,80,6.637181832804345,22.02427301800344,364bbde180b363b88832a89e5db86474432bbc2164c2901ec7a8679468b6357c
posttrain_pnp_novel_from_placemat_to_bowl,tabletop,ahs,posttrain_pnp_novel_from_placemat_to_bowl__seed00029,29,0,83,6.892953694012249,23.832387840986485,364bbde180b363b88832a89e5db86474432bbc2164c2901ec7a8679468b6357c
posttrain_pnp_novel_from_placemat_to_bowl,tabletop,ahs,posttrain_pnp_novel_from_placemat_to_bowl__seed00030,30,0,81,6.722044675057987,21.447958379983902,364bbde180b363b88832a89e5db86474432bbc2164c2901ec7a8679468b6357c
posttrain_pnp_novel_from_placemat_to_bowl,tabletop,ahs,posttrain_pnp_novel_from_placemat_to_bowl__seed00031,31,0,80,6.67884781898465,21.965294375026133,364bbde180b363b88832a89e5db86474432bbc2164c2901ec7a8679468b6357c
posttrain_pnp_novel_from_placemat_to_bowl,tabletop,ahs,posttrain_pnp_novel_from_placemat_to_bowl__seed00032,32,1,80,6.708515630103648,31.60194190099719,364bbde180b363b88832a89e5db86474432bbc2164c2901ec7a8679468b6357c
posttrain_pnp_novel_from_placemat_to_bowl,tabletop,ahs,posttrain_pnp_novel_from_placemat_to_bowl__seed00033,33,0,82,6.8719475089455955,22.55693754699314,364bbde180b363b88832a89e5db86474432bbc2164c2901ec7a8679468b6357c
posttrain_pnp_novel_from_placemat_to_bowl,tabletop,ahs,posttrain_pnp_novel_from_placemat_to_bowl__seed00034,34,0,79,6.60131943091983,31.09222751899506,364bbde180b363b88832a89e5db86474432bbc2164c2901ec7a8679468b6357c
posttrain_pnp_novel_from_placemat_to_bowl,tabletop,ahs,posttrain_pnp_novel_from_placemat_to_bowl__seed00035,35,0,81,6.756994899944402,22.399686706019565,364bbde180b363b88832a89e5db86474432bbc2164c2901ec7a8679468b6357c
posttrain_pnp_novel_from_placemat_to_bowl,tabletop,ahs,posttrain_pnp_novel_from_placemat_to_bowl__seed00036,36,0,79,6.579574245115509,22.383826379023958,364bbde180b363b88832a89e5db86474432bbc2164c2901ec7a8679468b6357c
posttrain_pnp_novel_from_placemat_to_bowl,tabletop,ahs,posttrain_pnp_novel_from_placemat_to_bowl__seed00037,37,0,80,6.676718272821745,29.672747335978784,364bbde180b363b88832a89e5db86474432bbc2164c2901ec7a8679468b6357c
posttrain_pnp_novel_from_placemat_to_bowl,tabletop,ahs,posttrain_pnp_novel_from_placemat_to_bowl__seed00038,38,0,78,6.494757140753791,21.930383607017575,364bbde180b363b88832a89e5db86474432bbc2164c2901ec7a8679468b6357c
posttrain_pnp_novel_from_placemat_to_bowl,tabletop,ahs,posttrain_pnp_novel_from_placemat_to_bowl__seed00039,39,0,78,6.51204587018583,27.028344863007078,364bbde180b363b88832a89e5db86474432bbc2164c2901ec7a8679468b6357c
posttrain_pnp_novel_from_placemat_to_bowl,tabletop,ahs,posttrain_pnp_novel_from_placemat_to_bowl__seed00040,40,1,74,6.151010058063548,21.803734067972982,364bbde180b363b88832a89e5db86474432bbc2164c2901ec7a8679468b6357c
posttrain_pnp_novel_from_placemat_to_bowl,tabletop,ahs,posttrain_pnp_novel_from_placemat_to_bowl__seed00041,41,0,77,6.395267162937671,26.672032406000653,364bbde180b363b88832a89e5db86474432bbc2164c2901ec7a8679468b6357c
posttrain_pnp_novel_from_placemat_to_bowl,tabletop,ahs,posttrain_pnp_novel_from_placemat_to_bowl__seed00042,42,0,76,6.334250014100689,23.33574323702487,364bbde180b363b88832a89e5db86474432bbc2164c2901ec7a8679468b6357c
posttrain_pnp_novel_from_placemat_to_bowl,tabletop,ahs,posttrain_pnp_novel_from_placemat_to_bowl__seed00043,43,0,79,6.59688832302345,27.18142939498648,364bbde180b363b88832a89e5db86474432bbc2164c2901ec7a8679468b6357c
posttrain_pnp_novel_from_placemat_to_bowl,tabletop,ahs,posttrain_pnp_novel_from_placemat_to_bowl__seed00044,44,0,86,7.1976013340754434,23.698331794003025,364bbde180b363b88832a89e5db86474432bbc2164c2901ec7a8679468b6357c
posttrain_pnp_novel_from_placemat_to_bowl,tabletop,ahs,posttrain_pnp_novel_from_placemat_to_bowl__seed00045,45,1,76,6.374575758032734,21.604391257016687,364bbde180b363b88832a89e5db86474432bbc2164c2901ec7a8679468b6357c
posttrain_pnp_novel_from_placemat_to_bowl,tabletop,ahs,posttrain_pnp_novel_from_placemat_to_bowl__seed00046,46,0,89,7.436958591832081,22.198875671019778,364bbde180b363b88832a89e5db86474432bbc2164c2901ec7a8679468b6357c
posttrain_pnp_novel_from_placemat_to_bowl,tabletop,ahs,posttrain_pnp_novel_from_placemat_to_bowl__seed00047,47,0,88,7.362664091895567,23.139188403001754,364bbde180b363b88832a89e5db86474432bbc2164c2901ec7a8679468b6357c
posttrain_pnp_novel_from_placemat_to_bowl,tabletop,ahs,posttrain_pnp_novel_from_placemat_to_bowl__seed00048,48,0,76,6.325222667044727,25.046229030995164,364bbde180b363b88832a89e5db86474432bbc2164c2901ec7a8679468b6357c
posttrain_pnp_novel_from_placemat_to_bowl,tabletop,ahs,posttrain_pnp_novel_from_placemat_to_bowl__seed00049,49,0,78,6.488594898866722,22.576068351016147,364bbde180b363b88832a89e5db86474432bbc2164c2901ec7a8679468b6357c
posttrain_pnp_novel_from_placemat_to_plate,tabletop,ahs,posttrain_pnp_novel_from_placemat_to_plate__seed00000,0,0,76,6.338308444042923,21.174661116005154,01c1f36fdcfb6f9c94a079cf38f38be6ed21df60c4bbde7df860ced8ae0cdf17
posttrain_pnp_novel_from_placemat_to_plate,tabletop,ahs,posttrain_pnp_novel_from_placemat_to_plate__seed00001,1,0,77,6.401527493871981,21.409988225001143,01c1f36fdcfb6f9c94a079cf38f38be6ed21df60c4bbde7df860ced8ae0cdf17
posttrain_pnp_novel_from_placemat_to_plate,tabletop,ahs,posttrain_pnp_novel_from_placemat_to_plate__seed00002,2,1,83,6.87884402484633,31.324647027999163,01c1f36fdcfb6f9c94a079cf38f38be6ed21df60c4bbde7df860ced8ae0cdf17
posttrain_pnp_novel_from_placemat_to_plate,tabletop,ahs,posttrain_pnp_novel_from_placemat_to_plate__seed00003,3,0,75,6.219994623941602,20.396663032996003,01c1f36fdcfb6f9c94a079cf38f38be6ed21df60c4bbde7df860ced8ae0cdf17
posttrain_pnp_novel_from_placemat_to_plate,tabletop,ahs,posttrain_pnp_novel_from_placemat_to_plate__seed00004,4,0,78,6.457392025797162,25.622133658995153,01c1f36fdcfb6f9c94a079cf38f38be6ed21df60c4bbde7df860ced8ae0cdf17
posttrain_pnp_novel_from_placemat_to_plate,tabletop,ahs,posttrain_pnp_novel_from_placemat_to_plate__seed00005,5,0,85,7.039881387085188,21.54027879500063,01c1f36fdcfb6f9c94a079cf38f38be6ed21df60c4bbde7df860ced8ae0cdf17
posttrain_pnp_novel_from_placemat_to_plate,tabletop,ahs,posttrain_pnp_novel_from_placemat_to_plate__seed00006,6,1,86,7.1825507979956456,22.152563574025407,01c1f36fdcfb6f9c94a079cf38f38be6ed21df60c4bbde7df860ced8ae0cdf17
posttrain_pnp_novel_from_placemat_to_plate,tabletop,ahs,posttrain_pnp_novel_from_placemat_to_plate__seed00007,7,0,81,6.750193915038835,20.821246930019697,01c1f36fdcfb6f9c94a079cf38f38be6ed21df60c4bbde7df860ced8ae0cdf17
posttrain_pnp_novel_from_placemat_to_plate,tabletop,ahs,posttrain_pnp_novel_from_placemat_to_plate__seed00008,8,0,78,6.5132475159771275,21.05282273099874,01c1f36fdcfb6f9c94a079cf38f38be6ed21df60c4bbde7df860ced8ae0cdf17
posttrain_pnp_novel_from_placemat_to_plate,tabletop,ahs,posttrain_pnp_novel_from_placemat_to_plate__seed00009,9,0,83,6.9262462040933315,25.31516254300368,01c1f36fdcfb6f9c94a079cf38f38be6ed21df60c4bbde7df860ced8ae0cdf17
posttrain_pnp_novel_from_placemat_to_plate,tabletop,ahs,posttrain_pnp_novel_from_placemat_to_plate__seed00010,10,1,87,7.268715705955401,21.814512354991166,01c1f36fdcfb6f9c94a079cf38f38be6ed21df60c4bbde7df860ced8ae0cdf17
posttrain_pnp_novel_from_placemat_to_plate,tabletop,ahs,posttrain_pnp_novel_from_placemat_to_plate__seed00011,11,1,88,7.357924700016156,24.854179376998218,01c1f36fdcfb6f9c94a079cf38f38be6ed21df60c4bbde7df860ced8ae0cdf17
posttrain_pnp_novel_from_placemat_to_plate,tabletop,ahs,posttrain_pnp_novel_from_placemat_to_plate__seed00012,12,1,78,6.518982597946888,21.56678491597995,01c1f36fdcfb6f9c94a079cf38f38be6ed21df60c4bbde7df860ced8ae0cdf17
posttrain_pnp_novel_from_placemat_to_plate,tabletop,ahs,posttrain_pnp_novel_from_placemat_to_plate__seed00013,13,0,82,6.847550694947131,23.104744198004482,01c1f36fdcfb6f9c94a079cf38f38be6ed21df60c4bbde7df860ced8ae0cdf17
posttrain_pnp_novel_from_placemat_to_plate,tabletop,ahs,posttrain_pnp_novel_from_placemat_to_plate__seed00014,14,0,87,7.234379144792911,22.745000327005982,01c1f36fdcfb6f9c94a079cf38f38be6ed21df60c4bbde7df860ced8ae0cdf17
posttrain_pnp_novel_from_placemat_to_plate,tabletop,ahs,posttrain_pnp_novel_from_placemat_to_plate__seed00015,15,0,84,6.988011227105744,22.27511195698753,01c1f36fdcfb6f9c94a079cf38f38be6ed21df60c4bbde7df860ced8ae0cdf17
posttrain_pnp_novel_from_placemat_to_plate,tabletop,ahs,posttrain_pnp_novel_from_placemat_to_plate__seed00016,16,0,81,6.729707903956296,21.443272962991614,01c1f36fdcfb6f9c94a079cf38f38be6ed21df60c4bbde7df860ced8ae0cdf17
posttrain_pnp_novel_from_placemat_to_plate,tabletop,ahs,posttrain_pnp_novel_from_placemat_to_plate__seed00017,17,1,79,6.547264397027902,26.753844974009553,01c1f36fdcfb6f9c94a079cf38f38be6ed21df60c4bbde7df860ced8ae0cdf17
posttrain_pnp_novel_from_placemat_to_plate,tabletop,ahs,posttrain_pnp_novel_from_placemat_to_plate__seed00018,18,1,81,6.728119045030326,21.149048588995356,01c1f36fdcfb6f9c94a079cf38f38be6ed21df60c4bbde7df860ced8ae0cdf17
posttrain_pnp_novel_from_placemat_to_plate,tabletop,ahs,posttrain_pnp_novel_from_placemat_to_plate__seed00019,19,0,84,6.974105860950658,21.153269342001295,01c1f36fdcfb6f9c94a079cf38f38be6ed21df60c4bbde7df860ced8ae0cdf17
posttrain_pnp_novel_from_placemat_to_plate,tabletop,ahs,posttrain_pnp_novel_from_placemat_to_plate__seed00020,20,1,80,6.647349396167556,21.019721386983292,01c1f36fdcfb6f9c94a079cf38f38be6ed21df60c4bbde7df860ced8ae0cdf17
posttrain_pnp_novel_from_placemat_to_plate,tabletop,ahs,posttrain_pnp_novel_from_placemat_to_plate__seed00021,21,1,73,6.069622547831386,27.083529608993558,01c1f36fdcfb6f9c94a079cf38f38be6ed21df60c4bbde7df860ced8ae0cdf17
posttrain_pnp_novel_from_placemat_to_plate,tabletop,ahs,posttrain_pnp_novel_from_placemat_to_plate__seed00022,22,0,78,6.486637897032779,20.630201716005104,01c1f36fdcfb6f9c94a079cf38f38be6ed21df60c4bbde7df860ced8ae0cdf17
posttrain_pnp_novel_from_placemat_to_plate,tabletop,ahs,posttrain_pnp_novel_from_placemat_to_plate__seed00023,23,0,83,6.9277410909417085,21.54598482901929,01c1f36fdcfb6f9c94a079cf38f38be6ed21df60c4bbde7df860ced8ae0cdf17
posttrain_pnp_novel_from_placemat_to_plate,tabletop,ahs,posttrain_pnp_novel_from_placemat_to_plate__seed00024,24,0,88,7.384549423091812,22.572530766017735,01c1f36fdcfb6f9c94a079cf38f38be6ed21df60c4bbde7df860ced8ae0cdf17
posttrain_pnp_novel_from_placemat_to_plate,tabletop,ahs,posttrain_pnp_novel_from_placemat_to_plate__seed00025,25,1,87,7.280113024986349,20.57953023200389,01c1f36fdcfb6f9c94a079cf38f38be6ed21df60c4bbde7df860ced8ae0cdf17
posttrain_pnp_novel_from_placemat_to_plate,tabletop,ahs,posttrain_pnp_novel_from_placemat_to_plate__seed00026,26,1,83,6.924225966009544,22.26545653498033,01c1f36fdcfb6f9c94a079cf38f38be6ed21df60c4bbde7df860ced8ae0cdf17
posttrain_pnp_novel_from_placemat_to_plate,tabletop,ahs,posttrain_pnp_novel_from_placemat_to_plate__seed00027,27,1,83,6.927682786015794,22.707081561995437,01c1f36fdcfb6f9c94a079cf38f38be6ed21df60c4bbde7df860ced8ae0cdf17
posttrain_pnp_novel_from_placemat_to_plate,tabletop,ahs,posttrain_pnp_novel_from_placemat_to_plate__seed00028,28,0,78,6.503510536043905,20.978877475019544,01c1f36fdcfb6f9c94a079cf38f38be6ed21df60c4bbde7df860ced8ae0cdf17
posttrain_pnp_novel_from_placemat_to_plate,tabletop,ahs,posttrain_pnp_novel_from_placemat_to_plate__seed00029,29,1,75,6.236205382941989,20.310648373997537,01c1f36fdcfb6f9c94a079cf38f38be6ed21df60c4bbde7df860ced8ae0cdf17
posttrain_pnp_novel_from_placemat_to_plate,tabletop,ahs,posttrain_pnp_novel_from_placemat_to_plate__seed00030,30,1,82,6.816688531136606,21.374937982996926,01c1f36fdcfb6f9c94a079cf38f38be6ed21df60c4bbde7df860ced8ae0cdf17
posttrain_pnp_novel_from_placemat_to_plate,tabletop,ahs,posttrain_pnp_novel_from_placemat_to_plate__seed00031,31,0,85,7.042312129953643,21.250460470997496,01c1f36fdcfb6f9c94a079cf38f38be6ed21df60c4bbde7df860ced8ae0cdf17
posttrain_pnp_novel_from_placemat_to_plate,tabletop,ahs,posttrain_pnp_novel_from_placemat_to_plate__seed00032,32,1,84,6.960236542014172,22.997522004996426,01c1f36fdcfb6f9c94a079cf38f38be6ed21df60c4bbde7df860ced8ae0cdf17
posttrain_pnp_novel_from_placemat_to_plate,tabletop,ahs,posttrain_pnp_novel_from_placemat_to_plate__seed00033,33,1,97,8.045657215232495,22.72754618601175,01c1f36fdcfb6f9c94a079cf38f38be6ed21df60c4bbde7df860ced8ae0cdf17
posttrain_pnp_novel_from_placemat_to_plate,tabletop,ahs,posttrain_pnp_novel_from_placemat_to_plate__seed00034,34,0,75,6.232711542019388,25.286969103006413,01c1f36fdcfb6f9c94a079cf38f38be6ed21df60c4bbde7df860ced8ae0cdf17
posttrain_pnp_novel_from_placemat_to_plate,tabletop,ahs,posttrain_pnp_novel_from_placemat_to_plate__seed00035,35,1,79,6.5533334899519105,23.7541441800131,01c1f36fdcfb6f9c94a079cf38f38be6ed21df60c4bbde7df860ced8ae0cdf17
posttrain_pnp_novel_from_placemat_to_plate,tabletop,ahs,posttrain_pnp_novel_from_placemat_to_plate__seed00036,36,1,88,7.312229969073087,21.8171595169988,01c1f36fdcfb6f9c94a079cf38f38be6ed21df60c4bbde7df860ced8ae0cdf17
posttrain_pnp_novel_from_placemat_to_plate,tabletop,ahs,posttrain_pnp_novel_from_placemat_to_plate__seed00037,37,1,89,7.404878844914492,21.615332053013844,01c1f36fdcfb6f9c94a079cf38f38be6ed21df60c4bbde7df860ced8ae0cdf17
posttrain_pnp_novel_from_placemat_to_plate,tabletop,ahs,posttrain_pnp_novel_from_placemat_to_plate__seed00038,38,1,86,7.17642776525463,21.848510512994835,01c1f36fdcfb6f9c94a079cf38f38be6ed21df60c4bbde7df860ced8ae0cdf17
posttrain_pnp_novel_from_placemat_to_plate,tabletop,ahs,posttrain_pnp_novel_from_placemat_to_plate__seed00039,39,0,82,6.854401185148163,28.017313435993856,01c1f36fdcfb6f9c94a079cf38f38be6ed21df60c4bbde7df860ced8ae0cdf17
posttrain_pnp_novel_from_placemat_to_plate,tabletop,ahs,posttrain_pnp_novel_from_placemat_to_plate__seed00040,40,1,90,7.539167578914203,21.161787753982935,01c1f36fdcfb6f9c94a079cf38f38be6ed21df60c4bbde7df860ced8ae0cdf17
posttrain_pnp_novel_from_placemat_to_plate,tabletop,ahs,posttrain_pnp_novel_from_placemat_to_plate__seed00041,41,0,86,7.186213753040647,26.87537669899757,01c1f36fdcfb6f9c94a079cf38f38be6ed21df60c4bbde7df860ced8ae0cdf17
posttrain_pnp_novel_from_placemat_to_plate,tabletop,ahs,posttrain_pnp_novel_from_placemat_to_plate__seed00042,42,0,77,6.42921839011251,22.568125704012346,01c1f36fdcfb6f9c94a079cf38f38be6ed21df60c4bbde7df860ced8ae0cdf17
posttrain_pnp_novel_from_placemat_to_plate,tabletop,ahs,posttrain_pnp_novel_from_placemat_to_plate__seed00043,43,1,81,6.730290031031473,20.883099055994535,01c1f36fdcfb6f9c94a079cf38f38be6ed21df60c4bbde7df860ced8ae0cdf17
posttrain_pnp_novel_from_placemat_to_plate,tabletop,ahs,posttrain_pnp_novel_from_placemat_to_plate__seed00044,44,0,73,6.0566314899188,20.20854484901065,01c1f36fdcfb6f9c94a079cf38f38be6ed21df60c4bbde7df860ced8ae0cdf17
posttrain_pnp_novel_from_placemat_to_plate,tabletop,ahs,posttrain_pnp_novel_from_placemat_to_plate__seed00045,45,0,87,7.238614557136316,22.115769254014594,01c1f36fdcfb6f9c94a079cf38f38be6ed21df60c4bbde7df860ced8ae0cdf17
posttrain_pnp_novel_from_placemat_to_plate,tabletop,ahs,posttrain_pnp_novel_from_placemat_to_plate__seed00046,46,1,80,6.642317372141406,20.457888387987623,01c1f36fdcfb6f9c94a079cf38f38be6ed21df60c4bbde7df860ced8ae0cdf17
posttrain_pnp_novel_from_placemat_to_plate,tabletop,ahs,posttrain_pnp_novel_from_placemat_to_plate__seed00047,47,0,84,6.984078933863202,20.839697733987123,01c1f36fdcfb6f9c94a079cf38f38be6ed21df60c4bbde7df860ced8ae0cdf17
posttrain_pnp_novel_from_placemat_to_plate,tabletop,ahs,posttrain_pnp_novel_from_placemat_to_plate__seed00048,48,0,82,6.819609482976375,21.888205313996878,01c1f36fdcfb6f9c94a079cf38f38be6ed21df60c4bbde7df860ced8ae0cdf17
posttrain_pnp_novel_from_placemat_to_plate,tabletop,ahs,posttrain_pnp_novel_from_placemat_to_plate__seed00049,49,1,77,6.391794717143057,21.545584275998408,01c1f36fdcfb6f9c94a079cf38f38be6ed21df60c4bbde7df860ced8ae0cdf17
posttrain_pnp_novel_from_placemat_to_tieredshelf,tabletop,ahs,posttrain_pnp_novel_from_placemat_to_tieredshelf__seed00000,0,0,85,7.10385282401694,23.215068518999033,364bbde180b363b88832a89e5db86474432bbc2164c2901ec7a8679468b6357c
posttrain_pnp_novel_from_placemat_to_tieredshelf,tabletop,ahs,posttrain_pnp_novel_from_placemat_to_tieredshelf__seed00001,1,0,77,6.446720339008607,22.19589943700703,364bbde180b363b88832a89e5db86474432bbc2164c2901ec7a8679468b6357c
posttrain_pnp_novel_from_placemat_to_tieredshelf,tabletop,ahs,posttrain_pnp_novel_from_placemat_to_tieredshelf__seed00002,2,1,77,6.437536713870941,22.28958153500571,364bbde180b363b88832a89e5db86474432bbc2164c2901ec7a8679468b6357c
posttrain_pnp_novel_from_placemat_to_tieredshelf,tabletop,ahs,posttrain_pnp_novel_from_placemat_to_tieredshelf__seed00003,3,0,82,6.857939098903444,26.681417455984047,364bbde180b363b88832a89e5db86474432bbc2164c2901ec7a8679468b6357c
posttrain_pnp_novel_from_placemat_to_tieredshelf,tabletop,ahs,posttrain_pnp_novel_from_placemat_to_tieredshelf__seed00004,4,1,74,6.15820623098989,28.373130776017206,364bbde180b363b88832a89e5db86474432bbc2164c2901ec7a8679468b6357c
posttrain_pnp_novel_from_placemat_to_tieredshelf,tabletop,ahs,posttrain_pnp_novel_from_placemat_to_tieredshelf__seed00005,5,0,82,6.840769734000787,23.643490200018277,364bbde180b363b88832a89e5db86474432bbc2164c2901ec7a8679468b6357c
posttrain_pnp_novel_from_placemat_to_tieredshelf,tabletop,ahs,posttrain_pnp_novel_from_placemat_to_tieredshelf__seed00006,6,1,84,6.982248248241376,24.805375191994244,364bbde180b363b88832a89e5db86474432bbc2164c2901ec7a8679468b6357c
posttrain_pnp_novel_from_placemat_to_tieredshelf,tabletop,ahs,posttrain_pnp_novel_from_placemat_to_tieredshelf__seed00007,7,0,83,6.893311271735001,23.97380151800462,364bbde180b363b88832a89e5db86474432bbc2164c2901ec7a8679468b6357c
posttrain_pnp_novel_from_placemat_to_tieredshelf,tabletop,ahs,posttrain_pnp_novel_from_placemat_to_tieredshelf__seed00008,8,0,77,6.403866889886558,22.81615726801101,364bbde180b363b88832a89e5db86474432bbc2164c2901ec7a8679468b6357c
posttrain_pnp_novel_from_placemat_to_tieredshelf,tabletop,ahs,posttrain_pnp_novel_from_placemat_to_tieredshelf__seed00009,9,1,82,6.824133699963568,25.63230032499996,364bbde180b363b88832a89e5db86474432bbc2164c2901ec7a8679468b6357c
posttrain_pnp_novel_from_placemat_to_tieredshelf,tabletop,ahs,posttrain_pnp_novel_from_placemat_to_tieredshelf__seed00010,10,1,74,6.17705875512911,22.243595431995345,364bbde180b363b88832a89e5db86474432bbc2164c2901ec7a8679468b6357c
posttrain_pnp_novel_from_placemat_to_tieredshelf,tabletop,ahs,posttrain_pnp_novel_from_placemat_to_tieredshelf__seed00011,11,0,78,6.52349863993004,22.01311485999031,364bbde180b363b88832a89e5db86474432bbc2164c2901ec7a8679468b6357c
posttrain_pnp_novel_from_placemat_to_tieredshelf,tabletop,ahs,posttrain_pnp_novel_from_placemat_to_tieredshelf__seed00012,12,0,82,6.865246287925402,26.179520276986295,364bbde180b363b88832a89e5db86474432bbc2164c2901ec7a8679468b6357c
posttrain_pnp_novel_from_placemat_to_tieredshelf,tabletop,ahs,posttrain_pnp_novel_from_placemat_to_tieredshelf__seed00013,13,0,79,6.60089034595876,22.55577411002014,364bbde180b363b88832a89e5db86474432bbc2164c2901ec7a8679468b6357c
posttrain_pnp_novel_from_placemat_to_tieredshelf,tabletop,ahs,posttrain_pnp_novel_from_placemat_to_tieredshelf__seed00014,14,1,79,6.599215183960041,23.446414400998037,364bbde180b363b88832a89e5db86474432bbc2164c2901ec7a8679468b6357c
posttrain_pnp_novel_from_placemat_to_tieredshelf,tabletop,ahs,posttrain_pnp_novel_from_placemat_to_tieredshelf__seed00015,15,0,84,7.001306434802245,26.61711987099261,364bbde180b363b88832a89e5db86474432bbc2164c2901ec7a8679468b6357c
posttrain_pnp_novel_from_placemat_to_tieredshelf,tabletop,ahs,posttrain_pnp_novel_from_placemat_to_tieredshelf__seed00016,16,0,81,6.744827636022819,25.58721519098617,364bbde180b363b88832a89e5db86474432bbc2164c2901ec7a8679468b6357c
posttrain_pnp_novel_from_placemat_to_tieredshelf,tabletop,ahs,posttrain_pnp_novel_from_placemat_to_tieredshelf__seed00017,17,1,75,6.216815567051526,29.48440096899867,364bbde180b363b88832a89e5db86474432bbc2164c2901ec7a8679468b6357c
posttrain_pnp_novel_from_placemat_to_tieredshelf,tabletop,ahs,posttrain_pnp_novel_from_placemat_to_tieredshelf__seed00018,18,1,82,6.819789451925317,22.701041130028898,364bbde180b363b88832a89e5db86474432bbc2164c2901ec7a8679468b6357c
posttrain_pnp_novel_from_placemat_to_tieredshelf,tabletop,ahs,posttrain_pnp_novel_from_placemat_to_tieredshelf__seed00019,19,0,78,6.478257516137091,24.60645239101723,364bbde180b363b88832a89e5db86474432bbc2164c2901ec7a8679468b6357c
posttrain_pnp_novel_from_placemat_to_tieredshelf,tabletop,ahs,posttrain_pnp_novel_from_placemat_to_tieredshelf__seed00020,20,1,78,6.485431312845321,31.490990048012463,364bbde180b363b88832a89e5db86474432bbc2164c2901ec7a8679468b6357c
posttrain_pnp_novel_from_placemat_to_tieredshelf,tabletop,ahs,posttrain_pnp_novel_from_placemat_to_tieredshelf__seed00021,21,1,77,6.415886455011787,30.760018997010775,364bbde180b363b88832a89e5db86474432bbc2164c2901ec7a8679468b6357c
posttrain_pnp_novel_from_placemat_to_tieredshelf,tabletop,ahs,posttrain_pnp_novel_from_placemat_to_tieredshelf__seed00022,22,0,79,6.596302835911047,22.686442238016753,364bbde180b363b88832a89e5db86474432bbc2164c2901ec7a8679468b6357c
posttrain_pnp_novel_from_placemat_to_tieredshelf,tabletop,ahs,posttrain_pnp_novel_from_placemat_to_tieredshelf__seed00023,23,0,79,6.627044085093075,23.679436971986433,364bbde180b363b88832a89e5db86474432bbc2164c2901ec7a8679468b6357c
posttrain_pnp_novel_from_placemat_to_tieredshelf,tabletop,ahs,posttrain_pnp_novel_from_placemat_to_tieredshelf__seed00024,24,0,84,7.041573879949283,23.49008272399078,364bbde180b363b88832a89e5db86474432bbc2164c2901ec7a8679468b6357c
posttrain_pnp_novel_from_placemat_to_tieredshelf,tabletop,ahs,posttrain_pnp_novel_from_placemat_to_tieredshelf__seed00025,25,0,81,6.780598605109844,24.061059016996296,364bbde180b363b88832a89e5db86474432bbc2164c2901ec7a8679468b6357c
posttrain_pnp_novel_from_placemat_to_tieredshelf,tabletop,ahs,posttrain_pnp_novel_from_placemat_to_tieredshelf__seed00026,26,1,78,6.499920107831713,24.84272940698429,364bbde180b363b88832a89e5db86474432bbc2164c2901ec7a8679468b6357c
posttrain_pnp_novel_from_placemat_to_tieredshelf,tabletop,ahs,posttrain_pnp_novel_from_placemat_to_tieredshelf__seed00027,27,0,79,6.577627185994061,24.146503992000362,364bbde180b363b88832a89e5db86474432bbc2164c2901ec7a8679468b6357c
posttrain_pnp_novel_from_placemat_to_tieredshelf,tabletop,ahs,posttrain_pnp_novel_from_placemat_to_tieredshelf__seed00028,28,0,80,6.65432707304717,22.368587592005497,364bbde180b363b88832a89e5db86474432bbc2164c2901ec7a8679468b6357c
posttrain_pnp_novel_from_placemat_to_tieredshelf,tabletop,ahs,posttrain_pnp_novel_from_placemat_to_tieredshelf__seed00029,29,1,82,6.796672911121277,24.420874161995016,364bbde180b363b88832a89e5db86474432bbc2164c2901ec7a8679468b6357c
posttrain_pnp_novel_from_placemat_to_tieredshelf,tabletop,ahs,posttrain_pnp_novel_from_placemat_to_tieredshelf__seed00030,30,0,77,6.407072479109047,24.178877041995293,364bbde180b363b88832a89e5db86474432bbc2164c2901ec7a8679468b6357c
posttrain_pnp_novel_from_placemat_to_tieredshelf,tabletop,ahs,posttrain_pnp_novel_from_placemat_to_tieredshelf__seed00031,31,0,89,7.401980658090906,23.612852596997982,364bbde180b363b88832a89e5db86474432bbc2164c2901ec7a8679468b6357c
posttrain_pnp_novel_from_placemat_to_tieredshelf,tabletop,ahs,posttrain_pnp_novel_from_placemat_to_tieredshelf__seed00032,32,0,76,6.355966264003655,21.794087144982768,364bbde180b363b88832a89e5db86474432bbc2164c2901ec7a8679468b6357c
posttrain_pnp_novel_from_placemat_to_tieredshelf,tabletop,ahs,posttrain_pnp_novel_from_placemat_to_tieredshelf__seed00033,33,1,89,7.420270048052771,23.252586097019957,364bbde180b363b88832a89e5db86474432bbc2164c2901ec7a8679468b6357c
posttrain_pnp_novel_from_placemat_to_tieredshelf,tabletop,ahs,posttrain_pnp_novel_from_placemat_to_tieredshelf__seed00034,34,0,75,6.276154849096201,27.984489208000014,364bbde180b363b88832a89e5db86474432bbc2164c2901ec7a8679468b6357c
posttrain_pnp_novel_from_placemat_to_tieredshelf,tabletop,ahs,posttrain_pnp_novel_from_placemat_to_tieredshelf__seed00035,35,0,80,6.7006987080094405,24.418001593992813,364bbde180b363b88832a89e5db86474432bbc2164c2901ec7a8679468b6357c
posttrain_pnp_novel_from_placemat_to_tieredshelf,tabletop,ahs,posttrain_pnp_novel_from_placemat_to_tieredshelf__seed00036,36,0,84,7.033886616060045,23.33300428997609,364bbde180b363b88832a89e5db86474432bbc2164c2901ec7a8679468b6357c
posttrain_pnp_novel_from_placemat_to_tieredshelf,tabletop,ahs,posttrain_pnp_novel_from_placemat_to_tieredshelf__seed00037,37,0,80,6.694415549893165,23.712720850977348,364bbde180b363b88832a89e5db86474432bbc2164c2901ec7a8679468b6357c
posttrain_pnp_novel_from_placemat_to_tieredshelf,tabletop,ahs,posttrain_pnp_novel_from_placemat_to_tieredshelf__seed00038,38,1,69,5.753809234040091,21.721043037978234,364bbde180b363b88832a89e5db86474432bbc2164c2901ec7a8679468b6357c
posttrain_pnp_novel_from_placemat_to_tieredshelf,tabletop,ahs,posttrain_pnp_novel_from_placemat_to_tieredshelf__seed00039,39,0,81,6.757735149090877,29.996113550005248,364bbde180b363b88832a89e5db86474432bbc2164c2901ec7a8679468b6357c
posttrain_pnp_novel_from_placemat_to_tieredshelf,tabletop,ahs,posttrain_pnp_novel_from_placemat_to_tieredshelf__seed00040,40,0,82,6.844076191948261,23.093889236013638,364bbde180b363b88832a89e5db86474432bbc2164c2901ec7a8679468b6357c
posttrain_pnp_novel_from_placemat_to_tieredshelf,tabletop,ahs,posttrain_pnp_novel_from_placemat_to_tieredshelf__seed00041,41,0,73,6.068134626926621,27.17596996499924,364bbde180b363b88832a89e5db86474432bbc2164c2901ec7a8679468b6357c
posttrain_pnp_novel_from_placemat_to_tieredshelf,tabletop,ahs,posttrain_pnp_novel_from_placemat_to_tieredshelf__seed00042,42,0,66,5.4889439780963585,26.10301919799531,364bbde180b363b88832a89e5db86474432bbc2164c2901ec7a8679468b6357c
posttrain_pnp_novel_from_placemat_to_tieredshelf,tabletop,ahs,posttrain_pnp_novel_from_placemat_to_tieredshelf__seed00043,43,0,74,6.150837712135399,31.021698862983612,364bbde180b363b88832a89e5db86474432bbc2164c2901ec7a8679468b6357c
posttrain_pnp_novel_from_placemat_to_tieredshelf,tabletop,ahs,posttrain_pnp_novel_from_placemat_to_tieredshelf__seed00044,44,0,77,6.393219730060082,23.80652742998791,364bbde180b363b88832a89e5db86474432bbc2164c2901ec7a8679468b6357c
posttrain_pnp_novel_from_placemat_to_tieredshelf,tabletop,ahs,posttrain_pnp_novel_from_placemat_to_tieredshelf__seed00045,45,0,88,7.333961473254021,22.36160442000255,364bbde180b363b88832a89e5db86474432bbc2164c2901ec7a8679468b6357c
posttrain_pnp_novel_from_placemat_to_tieredshelf,tabletop,ahs,posttrain_pnp_novel_from_placemat_to_tieredshelf__seed00046,46,0,81,6.766061472939327,23.39516917100991,364bbde180b363b88832a89e5db86474432bbc2164c2901ec7a8679468b6357c
posttrain_pnp_novel_from_placemat_to_tieredshelf,tabletop,ahs,posttrain_pnp_novel_from_placemat_to_tieredshelf__seed00047,47,0,78,6.51486105893855,21.088416073995177,364bbde180b363b88832a89e5db86474432bbc2164c2901ec7a8679468b6357c
posttrain_pnp_novel_from_placemat_to_tieredshelf,tabletop,ahs,posttrain_pnp_novel_from_placemat_to_tieredshelf__seed00048,48,0,77,6.440209830994718,24.45422877499368,364bbde180b363b88832a89e5db86474432bbc2164c2901ec7a8679468b6357c
posttrain_pnp_novel_from_placemat_to_tieredshelf,tabletop,ahs,posttrain_pnp_novel_from_placemat_to_tieredshelf__seed00049,49,0,81,6.7825174188183155,25.81933162600035,364bbde180b363b88832a89e5db86474432bbc2164c2901ec7a8679468b6357c
posttrain_pnp_novel_from_plate_to_bowl,tabletop,ahs,posttrain_pnp_novel_from_plate_to_bowl__seed00000,0,0,87,7.281540450872853,23.006917129998328,e12183b0ba1eb420d8cfe97b6df9069e3f858d750c4f7168a72e89b5c232a75e
posttrain_pnp_novel_from_plate_to_bowl,tabletop,ahs,posttrain_pnp_novel_from_plate_to_bowl__seed00001,1,0,75,6.266499755933182,22.771259194007143,e12183b0ba1eb420d8cfe97b6df9069e3f858d750c4f7168a72e89b5c232a75e
posttrain_pnp_novel_from_plate_to_bowl,tabletop,ahs,posttrain_pnp_novel_from_plate_to_bowl__seed00002,2,1,79,6.600790495926049,22.064007944980403,e12183b0ba1eb420d8cfe97b6df9069e3f858d750c4f7168a72e89b5c232a75e
posttrain_pnp_novel_from_plate_to_bowl,tabletop,ahs,posttrain_pnp_novel_from_plate_to_bowl__seed00003,3,1,77,6.4560487670241855,24.58701428200584,e12183b0ba1eb420d8cfe97b6df9069e3f858d750c4f7168a72e89b5c232a75e
posttrain_pnp_novel_from_plate_to_bowl,tabletop,ahs,posttrain_pnp_novel_from_plate_to_bowl__seed00004,4,0,84,7.026048324856674,27.924289585993392,e12183b0ba1eb420d8cfe97b6df9069e3f858d750c4f7168a72e89b5c232a75e
posttrain_pnp_novel_from_plate_to_bowl,tabletop,ahs,posttrain_pnp_novel_from_plate_to_bowl__seed00005,5,1,80,6.6858770830440335,22.910426871996606,e12183b0ba1eb420d8cfe97b6df9069e3f858d750c4f7168a72e89b5c232a75e
posttrain_pnp_novel_from_plate_to_bowl,tabletop,ahs,posttrain_pnp_novel_from_plate_to_bowl__seed00006,6,0,82,6.830358037841506,22.98490301601123,e12183b0ba1eb420d8cfe97b6df9069e3f858d750c4f7168a72e89b5c232a75e
posttrain_pnp_novel_from_plate_to_bowl,tabletop,ahs,posttrain_pnp_novel_from_plate_to_bowl__seed00007,7,0,83,6.928928358014673,22.1700724120019,e12183b0ba1eb420d8cfe97b6df9069e3f858d750c4f7168a72e89b5c232a75e
posttrain_pnp_novel_from_plate_to_bowl,tabletop,ahs,posttrain_pnp_novel_from_plate_to_bowl__seed00008,8,1,84,6.979953105910681,22.546159676014213,e12183b0ba1eb420d8cfe97b6df9069e3f858d750c4f7168a72e89b5c232a75e
posttrain_pnp_novel_from_plate_to_bowl,tabletop,ahs,posttrain_pnp_novel_from_plate_to_bowl__seed00009,9,1,77,6.4173548248945735,23.298941198008833,e12183b0ba1eb420d8cfe97b6df9069e3f858d750c4f7168a72e89b5c232a75e
posttrain_pnp_novel_from_plate_to_bowl,tabletop,ahs,posttrain_pnp_novel_from_plate_to_bowl__seed00010,10,0,79,6.561764098878484,23.901016718009487,e12183b0ba1eb420d8cfe97b6df9069e3f858d750c4f7168a72e89b5c232a75e
posttrain_pnp_novel_from_plate_to_bowl,tabletop,ahs,posttrain_pnp_novel_from_plate_to_bowl__seed00011,11,1,80,6.673224282974843,22.30538131899084,e12183b0ba1eb420d8cfe97b6df9069e3f858d750c4f7168a72e89b5c232a75e
posttrain_pnp_novel_from_plate_to_bowl,tabletop,ahs,posttrain_pnp_novel_from_plate_to_bowl__seed00012,12,0,85,7.070668769913027,24.195108195010107,e12183b0ba1eb420d8cfe97b6df9069e3f858d750c4f7168a72e89b5c232a75e
posttrain_pnp_novel_from_plate_to_bowl,tabletop,ahs,posttrain_pnp_novel_from_plate_to_bowl__seed00013,13,0,86,7.161861883971142,22.49866025900701,e12183b0ba1eb420d8cfe97b6df9069e3f858d750c4f7168a72e89b5c232a75e
posttrain_pnp_novel_from_plate_to_bowl,tabletop,ahs,posttrain_pnp_novel_from_plate_to_bowl__seed00014,14,0,86,7.171024972980376,23.2097529930179,e12183b0ba1eb420d8cfe97b6df9069e3f858d750c4f7168a72e89b5c232a75e
posttrain_pnp_novel_from_plate_to_bowl,tabletop,ahs,posttrain_pnp_novel_from_plate_to_bowl__seed00015,15,0,78,6.5215249759785365,23.169616272993153,e12183b0ba1eb420d8cfe97b6df9069e3f858d750c4f7168a72e89b5c232a75e
posttrain_pnp_novel_from_plate_to_bowl,tabletop,ahs,posttrain_pnp_novel_from_plate_to_bowl__seed00016,16,0,80,6.716458897833945,23.36180358499405,e12183b0ba1eb420d8cfe97b6df9069e3f858d750c4f7168a72e89b5c232a75e
posttrain_pnp_novel_from_plate_to_bowl,tabletop,ahs,posttrain_pnp_novel_from_plate_to_bowl__seed00017,17,1,98,8.180579101870535,25.126362042996334,e12183b0ba1eb420d8cfe97b6df9069e3f858d750c4f7168a72e89b5c232a75e
posttrain_pnp_novel_from_plate_to_bowl,tabletop,ahs,posttrain_pnp_novel_from_plate_to_bowl__seed00018,18,0,79,6.604420207993826,23.20983582199551,e12183b0ba1eb420d8cfe97b6df9069e3f858d750c4f7168a72e89b5c232a75e
posttrain_pnp_novel_from_plate_to_bowl,tabletop,ahs,posttrain_pnp_novel_from_plate_to_bowl__seed00019,19,1,83,6.929627144039841,24.13973882299615,e12183b0ba1eb420d8cfe97b6df9069e3f858d750c4f7168a72e89b5c232a75e
posttrain_pnp_novel_from_plate_to_bowl,tabletop,ahs,posttrain_pnp_novel_from_plate_to_bowl__seed00020,20,0,82,6.818709486891748,28.283825499995146,e12183b0ba1eb420d8cfe97b6df9069e3f858d750c4f7168a72e89b5c232a75e
posttrain_pnp_novel_from_plate_to_bowl,tabletop,ahs,posttrain_pnp_novel_from_plate_to_bowl__seed00021,21,0,83,6.916827184992144,28.203224960016087,e12183b0ba1eb420d8cfe97b6df9069e3f858d750c4f7168a72e89b5c232a75e
posttrain_pnp_novel_from_plate_to_bowl,tabletop,ahs,posttrain_pnp_novel_from_plate_to_bowl__seed00022,22,0,83,6.924810599011835,20.955234129010933,e12183b0ba1eb420d8cfe97b6df9069e3f858d750c4f7168a72e89b5c232a75e
posttrain_pnp_novel_from_plate_to_bowl,tabletop,ahs,posttrain_pnp_novel_from_plate_to_bowl__seed00023,23,1,80,6.62537351102219,21.800763534003636,e12183b0ba1eb420d8cfe97b6df9069e3f858d750c4f7168a72e89b5c232a75e
posttrain_pnp_novel_from_plate_to_bowl,tabletop,ahs,posttrain_pnp_novel_from_plate_to_bowl__seed00024,24,1,86,7.145814691029955,24.1055803510244,e12183b0ba1eb420d8cfe97b6df9069e3f858d750c4f7168a72e89b5c232a75e
posttrain_pnp_novel_from_plate_to_bowl,tabletop,ahs,posttrain_pnp_novel_from_plate_to_bowl__seed00025,25,1,82,6.8455232348060235,23.472941115993308,e12183b0ba1eb420d8cfe97b6df9069e3f858d750c4f7168a72e89b5c232a75e
posttrain_pnp_novel_from_plate_to_bowl,tabletop,ahs,posttrain_pnp_novel_from_plate_to_bowl__seed00026,26,1,83,6.915595748083433,22.81124295500922,e12183b0ba1eb420d8cfe97b6df9069e3f858d750c4f7168a72e89b5c232a75e
posttrain_pnp_novel_from_plate_to_bowl,tabletop,ahs,posttrain_pnp_novel_from_plate_to_bowl__seed00027,27,0,79,6.595235287997639,23.296336523024365,e12183b0ba1eb420d8cfe97b6df9069e3f858d750c4f7168a72e89b5c232a75e
posttrain_pnp_novel_from_plate_to_bowl,tabletop,ahs,posttrain_pnp_novel_from_plate_to_bowl__seed00028,28,0,76,6.34244595002383,30.41043040101067,e12183b0ba1eb420d8cfe97b6df9069e3f858d750c4f7168a72e89b5c232a75e
posttrain_pnp_novel_from_plate_to_bowl,tabletop,ahs,posttrain_pnp_novel_from_plate_to_bowl__seed00029,29,1,75,6.295193610189017,23.18651758998749,e12183b0ba1eb420d8cfe97b6df9069e3f858d750c4f7168a72e89b5c232a75e
posttrain_pnp_novel_from_plate_to_bowl,tabletop,ahs,posttrain_pnp_novel_from_plate_to_bowl__seed00030,30,1,85,7.103605780866928,23.622584942000685,e12183b0ba1eb420d8cfe97b6df9069e3f858d750c4f7168a72e89b5c232a75e
posttrain_pnp_novel_from_plate_to_bowl,tabletop,ahs,posttrain_pnp_novel_from_plate_to_bowl__seed00031,31,1,86,7.195618641126202,25.224155345989857,e12183b0ba1eb420d8cfe97b6df9069e3f858d750c4f7168a72e89b5c232a75e
posttrain_pnp_novel_from_plate_to_bowl,tabletop,ahs,posttrain_pnp_novel_from_plate_to_bowl__seed00032,32,1,77,6.411987831874285,22.841710088017862,e12183b0ba1eb420d8cfe97b6df9069e3f858d750c4f7168a72e89b5c232a75e
posttrain_pnp_novel_from_plate_to_bowl,tabletop,ahs,posttrain_pnp_novel_from_plate_to_bowl__seed00033,33,0,76,6.333645240025362,22.302832674002275,e12183b0ba1eb420d8cfe97b6df9069e3f858d750c4f7168a72e89b5c232a75e
posttrain_pnp_novel_from_plate_to_bowl,tabletop,ahs,posttrain_pnp_novel_from_plate_to_bowl__seed00034,34,1,86,7.159733045118628,25.521953235002,e12183b0ba1eb420d8cfe97b6df9069e3f858d750c4f7168a72e89b5c232a75e
posttrain_pnp_novel_from_plate_to_bowl,tabletop,ahs,posttrain_pnp_novel_from_plate_to_bowl__seed00035,35,0,85,7.078991597809363,22.597781393007608,e12183b0ba1eb420d8cfe97b6df9069e3f858d750c4f7168a72e89b5c232a75e
posttrain_pnp_novel_from_plate_to_bowl,tabletop,ahs,posttrain_pnp_novel_from_plate_to_bowl__seed00036,36,0,79,6.589637587952893,23.26416807100759,e12183b0ba1eb420d8cfe97b6df9069e3f858d750c4f7168a72e89b5c232a75e
posttrain_pnp_novel_from_plate_to_bowl,tabletop,ahs,posttrain_pnp_novel_from_plate_to_bowl__seed00037,37,0,84,6.981331654969836,21.25483927698224,e12183b0ba1eb420d8cfe97b6df9069e3f858d750c4f7168a72e89b5c232a75e
posttrain_pnp_novel_from_plate_to_bowl,tabletop,ahs,posttrain_pnp_novel_from_plate_to_bowl__seed00038,38,0,85,7.0816843718639575,25.42464777297573,e12183b0ba1eb420d8cfe97b6df9069e3f858d750c4f7168a72e89b5c232a75e
posttrain_pnp_novel_from_plate_to_bowl,tabletop,ahs,posttrain_pnp_novel_from_plate_to_bowl__seed00039,39,1,82,6.794070746895159,28.023111062997486,e12183b0ba1eb420d8cfe97b6df9069e3f858d750c4f7168a72e89b5c232a75e
posttrain_pnp_novel_from_plate_to_bowl,tabletop,ahs,posttrain_pnp_novel_from_plate_to_bowl__seed00040,40,1,79,6.589777935179882,22.194182006001938,e12183b0ba1eb420d8cfe97b6df9069e3f858d750c4f7168a72e89b5c232a75e
posttrain_pnp_novel_from_plate_to_bowl,tabletop,ahs,posttrain_pnp_novel_from_plate_to_bowl__seed00041,41,0,75,6.289184086810565,27.187163235998014,e12183b0ba1eb420d8cfe97b6df9069e3f858d750c4f7168a72e89b5c232a75e
posttrain_pnp_novel_from_plate_to_bowl,tabletop,ahs,posttrain_pnp_novel_from_plate_to_bowl__seed00042,42,1,85,7.123664023121819,24.61936219097697,e12183b0ba1eb420d8cfe97b6df9069e3f858d750c4f7168a72e89b5c232a75e
posttrain_pnp_novel_from_plate_to_bowl,tabletop,ahs,posttrain_pnp_novel_from_plate_to_bowl__seed00043,43,1,80,6.701399992045481,28.0621729150007,e12183b0ba1eb420d8cfe97b6df9069e3f858d750c4f7168a72e89b5c232a75e
posttrain_pnp_novel_from_plate_to_bowl,tabletop,ahs,posttrain_pnp_novel_from_plate_to_bowl__seed00044,44,0,80,6.669217251997907,26.212989308027318,e12183b0ba1eb420d8cfe97b6df9069e3f858d750c4f7168a72e89b5c232a75e
posttrain_pnp_novel_from_plate_to_bowl,tabletop,ahs,posttrain_pnp_novel_from_plate_to_bowl__seed00045,45,1,71,5.910664821974933,20.903531662974274,e12183b0ba1eb420d8cfe97b6df9069e3f858d750c4f7168a72e89b5c232a75e
posttrain_pnp_novel_from_plate_to_bowl,tabletop,ahs,posttrain_pnp_novel_from_plate_to_bowl__seed00046,46,0,75,6.238960057933582,23.500322707986925,e12183b0ba1eb420d8cfe97b6df9069e3f858d750c4f7168a72e89b5c232a75e
posttrain_pnp_novel_from_plate_to_bowl,tabletop,ahs,posttrain_pnp_novel_from_plate_to_bowl__seed00047,47,0,75,6.2419822170923,21.414337001013337,e12183b0ba1eb420d8cfe97b6df9069e3f858d750c4f7168a72e89b5c232a75e
posttrain_pnp_novel_from_plate_to_bowl,tabletop,ahs,posttrain_pnp_novel_from_plate_to_bowl__seed00048,48,0,84,7.011697448033374,22.679880370007595,e12183b0ba1eb420d8cfe97b6df9069e3f858d750c4f7168a72e89b5c232a75e
posttrain_pnp_novel_from_plate_to_bowl,tabletop,ahs,posttrain_pnp_novel_from_plate_to_bowl__seed00049,49,0,81,6.738249168090988,25.04704832099378,e12183b0ba1eb420d8cfe97b6df9069e3f858d750c4f7168a72e89b5c232a75e
posttrain_pnp_novel_from_plate_to_cardboardbox,tabletop,ahs,posttrain_pnp_novel_from_plate_to_cardboardbox__seed00000,0,0,81,6.759401555813383,21.292390818009153,01c1f36fdcfb6f9c94a079cf38f38be6ed21df60c4bbde7df860ced8ae0cdf17
posttrain_pnp_novel_from_plate_to_cardboardbox,tabletop,ahs,posttrain_pnp_novel_from_plate_to_cardboardbox__seed00001,1,1,87,7.2313644518726505,22.8456782780122,01c1f36fdcfb6f9c94a079cf38f38be6ed21df60c4bbde7df860ced8ae0cdf17
posttrain_pnp_novel_from_plate_to_cardboardbox,tabletop,ahs,posttrain_pnp_novel_from_plate_to_cardboardbox__seed00002,2,0,82,6.819102394860238,20.660698252992006,01c1f36fdcfb6f9c94a079cf38f38be6ed21df60c4bbde7df860ced8ae0cdf17
posttrain_pnp_novel_from_plate_to_cardboardbox,tabletop,ahs,posttrain_pnp_novel_from_plate_to_cardboardbox__seed00003,3,1,91,7.567507298110286,22.383612508012448,01c1f36fdcfb6f9c94a079cf38f38be6ed21df60c4bbde7df860ced8ae0cdf17
posttrain_pnp_novel_from_plate_to_cardboardbox,tabletop,ahs,posttrain_pnp_novel_from_plate_to_cardboardbox__seed00004,4,0,79,6.572495609987527,24.642510411998956,01c1f36fdcfb6f9c94a079cf38f38be6ed21df60c4bbde7df860ced8ae0cdf17
posttrain_pnp_novel_from_plate_to_cardboardbox,tabletop,ahs,posttrain_pnp_novel_from_plate_to_cardboardbox__seed00005,5,1,75,6.230302381009096,22.285098210995784,01c1f36fdcfb6f9c94a079cf38f38be6ed21df60c4bbde7df860ced8ae0cdf17
posttrain_pnp_novel_from_plate_to_cardboardbox,tabletop,ahs,posttrain_pnp_novel_from_plate_to_cardboardbox__seed00006,6,0,84,6.969865692954045,21.53124231399852,01c1f36fdcfb6f9c94a079cf38f38be6ed21df60c4bbde7df860ced8ae0cdf17
posttrain_pnp_novel_from_plate_to_cardboardbox,tabletop,ahs,posttrain_pnp_novel_from_plate_to_cardboardbox__seed00007,7,1,82,6.818703411030583,21.179454468016047,01c1f36fdcfb6f9c94a079cf38f38be6ed21df60c4bbde7df860ced8ae0cdf17
posttrain_pnp_novel_from_plate_to_cardboardbox,tabletop,ahs,posttrain_pnp_novel_from_plate_to_cardboardbox__seed00008,8,0,82,6.818594621872762,19.92357456497848,01c1f36fdcfb6f9c94a079cf38f38be6ed21df60c4bbde7df860ced8ae0cdf17
posttrain_pnp_novel_from_plate_to_cardboardbox,tabletop,ahs,posttrain_pnp_novel_from_plate_to_cardboardbox__seed00009,9,0,72,5.991525631776312,25.761618051998084,01c1f36fdcfb6f9c94a079cf38f38be6ed21df60c4bbde7df860ced8ae0cdf17
posttrain_pnp_novel_from_plate_to_cardboardbox,tabletop,ahs,posttrain_pnp_novel_from_plate_to_cardboardbox__seed00010,10,1,77,6.419464388978668,22.058687443000963,01c1f36fdcfb6f9c94a079cf38f38be6ed21df60c4bbde7df860ced8ae0cdf17
posttrain_pnp_novel_from_plate_to_cardboardbox,tabletop,ahs,posttrain_pnp_novel_from_plate_to_cardboardbox__seed00011,11,1,84,7.004388501052745,22.100965878984425,01c1f36fdcfb6f9c94a079cf38f38be6ed21df60c4bbde7df860ced8ae0cdf17
posttrain_pnp_novel_from_plate_to_cardboardbox,tabletop,ahs,posttrain_pnp_novel_from_plate_to_cardboardbox__seed00012,12,1,77,6.433248106914107,22.547583780018613,01c1f36fdcfb6f9c94a079cf38f38be6ed21df60c4bbde7df860ced8ae0cdf17
posttrain_pnp_novel_from_plate_to_cardboardbox,tabletop,ahs,posttrain_pnp_novel_from_plate_to_cardboardbox__seed00013,13,0,72,6.009079226030735,19.616997039993294,01c1f36fdcfb6f9c94a079cf38f38be6ed21df60c4bbde7df860ced8ae0cdf17
posttrain_pnp_novel_from_plate_to_cardboardbox,tabletop,ahs,posttrain_pnp_novel_from_plate_to_cardboardbox__seed00014,14,0,75,6.267282583954511,21.841523860988673,01c1f36fdcfb6f9c94a079cf38f38be6ed21df60c4bbde7df860ced8ae0cdf17
posttrain_pnp_novel_from_plate_to_cardboardbox,tabletop,ahs,posttrain_pnp_novel_from_plate_to_cardboardbox__seed00015,15,0,87,7.256655088160187,23.535388930991758,01c1f36fdcfb6f9c94a079cf38f38be6ed21df60c4bbde7df860ced8ae0cdf17
posttrain_pnp_novel_from_plate_to_cardboardbox,tabletop,ahs,posttrain_pnp_novel_from_plate_to_cardboardbox__seed00016,16,0,83,6.900319672102341,24.026658245013095,01c1f36fdcfb6f9c94a079cf38f38be6ed21df60c4bbde7df860ced8ae0cdf17
posttrain_pnp_novel_from_plate_to_cardboardbox,tabletop,ahs,posttrain_pnp_novel_from_plate_to_cardboardbox__seed00017,17,0,92,7.662978009931976,24.764710004004883,01c1f36fdcfb6f9c94a079cf38f38be6ed21df60c4bbde7df860ced8ae0cdf17
posttrain_pnp_novel_from_plate_to_cardboardbox,tabletop,ahs,posttrain_pnp_novel_from_plate_to_cardboardbox__seed00018,18,1,88,7.320525299932342,22.44503052899381,01c1f36fdcfb6f9c94a079cf38f38be6ed21df60c4bbde7df860ced8ae0cdf17
posttrain_pnp_novel_from_plate_to_cardboardbox,tabletop,ahs,posttrain_pnp_novel_from_plate_to_cardboardbox__seed00019,19,0,83,6.889598066918552,21.705694144009613,01c1f36fdcfb6f9c94a079cf38f38be6ed21df60c4bbde7df860ced8ae0cdf17
posttrain_pnp_novel_from_plate_to_cardboardbox,tabletop,ahs,posttrain_pnp_novel_from_plate_to_cardboardbox__seed00020,20,1,79,6.544436969095841,21.652417681994848,01c1f36fdcfb6f9c94a079cf38f38be6ed21df60c4bbde7df860ced8ae0cdf17
posttrain_pnp_novel_from_plate_to_cardboardbox,tabletop,ahs,posttrain_pnp_novel_from_plate_to_cardboardbox__seed00021,21,0,79,6.559619093168294,27.365096260997234,01c1f36fdcfb6f9c94a079cf38f38be6ed21df60c4bbde7df860ced8ae0cdf17
posttrain_pnp_novel_from_plate_to_cardboardbox,tabletop,ahs,posttrain_pnp_novel_from_plate_to_cardboardbox__seed00022,22,1,81,6.726377642014995,21.007542701001512,01c1f36fdcfb6f9c94a079cf38f38be6ed21df60c4bbde7df860ced8ae0cdf17
posttrain_pnp_novel_from_plate_to_cardboardbox,tabletop,ahs,posttrain_pnp_novel_from_plate_to_cardboardbox__seed00023,23,0,82,6.817941281944513,21.531758647004608,01c1f36fdcfb6f9c94a079cf38f38be6ed21df60c4bbde7df860ced8ae0cdf17
posttrain_pnp_novel_from_plate_to_cardboardbox,tabletop,ahs,posttrain_pnp_novel_from_plate_to_cardboardbox__seed00024,24,1,78,6.478398079081671,21.142691852990538,01c1f36fdcfb6f9c94a079cf38f38be6ed21df60c4bbde7df860ced8ae0cdf17
posttrain_pnp_novel_from_plate_to_cardboardbox,tabletop,ahs,posttrain_pnp_novel_from_plate_to_cardboardbox__seed00025,25,0,82,6.838381997018587,21.98059351099073,01c1f36fdcfb6f9c94a079cf38f38be6ed21df60c4bbde7df860ced8ae0cdf17
posttrain_pnp_novel_from_plate_to_cardboardbox,tabletop,ahs,posttrain_pnp_novel_from_plate_to_cardboardbox__seed00026,26,0,87,7.262576402892591,21.280377016984858,01c1f36fdcfb6f9c94a079cf38f38be6ed21df60c4bbde7df860ced8ae0cdf17
posttrain_pnp_novel_from_plate_to_cardboardbox,tabletop,ahs,posttrain_pnp_novel_from_plate_to_cardboardbox__seed00027,27,0,76,6.385580181959085,22.33429007101222,01c1f36fdcfb6f9c94a079cf38f38be6ed21df60c4bbde7df860ced8ae0cdf17
posttrain_pnp_novel_from_plate_to_cardboardbox,tabletop,ahs,posttrain_pnp_novel_from_plate_to_cardboardbox__seed00028,28,0,85,7.111848940898199,22.169967191992328,01c1f36fdcfb6f9c94a079cf38f38be6ed21df60c4bbde7df860ced8ae0cdf17
posttrain_pnp_novel_from_plate_to_cardboardbox,tabletop,ahs,posttrain_pnp_novel_from_plate_to_cardboardbox__seed00029,29,0,79,6.586671340017347,25.712215525010834,01c1f36fdcfb6f9c94a079cf38f38be6ed21df60c4bbde7df860ced8ae0cdf17
posttrain_pnp_novel_from_plate_to_cardboardbox,tabletop,ahs,posttrain_pnp_novel_from_plate_to_cardboardbox__seed00030,30,1,74,6.189599039091263,20.540445641003316,01c1f36fdcfb6f9c94a079cf38f38be6ed21df60c4bbde7df860ced8ae0cdf17
posttrain_pnp_novel_from_plate_to_cardboardbox,tabletop,ahs,posttrain_pnp_novel_from_plate_to_cardboardbox__seed00031,31,0,78,6.5000367690226994,20.92490201201872,01c1f36fdcfb6f9c94a079cf38f38be6ed21df60c4bbde7df860ced8ae0cdf17
posttrain_pnp_novel_from_plate_to_cardboardbox,tabletop,ahs,posttrain_pnp_novel_from_plate_to_cardboardbox__seed00032,32,0,77,6.422571661008988,20.719056949019432,01c1f36fdcfb6f9c94a079cf38f38be6ed21df60c4bbde7df860ced8ae0cdf17
posttrain_pnp_novel_from_plate_to_cardboardbox,tabletop,ahs,posttrain_pnp_novel_from_plate_to_cardboardbox__seed00033,33,0,87,7.230520575947594,22.90118881998933,01c1f36fdcfb6f9c94a079cf38f38be6ed21df60c4bbde7df860ced8ae0cdf17
posttrain_pnp_novel_from_plate_to_cardboardbox,tabletop,ahs,posttrain_pnp_novel_from_plate_to_cardboardbox__seed00034,34,0,75,6.2317508168926,25.663807453005575,01c1f36fdcfb6f9c94a079cf38f38be6ed21df60c4bbde7df860ced8ae0cdf17
posttrain_pnp_novel_from_plate_to_cardboardbox,tabletop,ahs,posttrain_pnp_novel_from_plate_to_cardboardbox__seed00035,35,0,80,6.639800579025177,22.809567571006482,01c1f36fdcfb6f9c94a079cf38f38be6ed21df60c4bbde7df860ced8ae0cdf17
posttrain_pnp_novel_from_plate_to_cardboardbox,tabletop,ahs,posttrain_pnp_novel_from_plate_to_cardboardbox__seed00036,36,0,74,6.158270520274527,21.568057194992434,01c1f36fdcfb6f9c94a079cf38f38be6ed21df60c4bbde7df860ced8ae0cdf17
posttrain_pnp_novel_from_plate_to_cardboardbox,tabletop,ahs,posttrain_pnp_novel_from_plate_to_cardboardbox__seed00037,37,1,78,6.491021299822023,21.03218038502382,01c1f36fdcfb6f9c94a079cf38f38be6ed21df60c4bbde7df860ced8ae0cdf17
posttrain_pnp_novel_from_plate_to_cardboardbox,tabletop,ahs,posttrain_pnp_novel_from_plate_to_cardboardbox__seed00038,38,1,81,6.735918278078316,21.544504950987175,01c1f36fdcfb6f9c94a079cf38f38be6ed21df60c4bbde7df860ced8ae0cdf17
posttrain_pnp_novel_from_plate_to_cardboardbox,tabletop,ahs,posttrain_pnp_novel_from_plate_to_cardboardbox__seed00039,39,0,88,7.344560082041426,27.818616675009253,01c1f36fdcfb6f9c94a079cf38f38be6ed21df60c4bbde7df860ced8ae0cdf17
posttrain_pnp_novel_from_plate_to_cardboardbox,tabletop,ahs,posttrain_pnp_novel_from_plate_to_cardboardbox__seed00040,40,0,92,7.688237273890991,21.253450049000094,01c1f36fdcfb6f9c94a079cf38f38be6ed21df60c4bbde7df860ced8ae0cdf17
posttrain_pnp_novel_from_plate_to_cardboardbox,tabletop,ahs,posttrain_pnp_novel_from_plate_to_cardboardbox__seed00041,41,0,77,6.4554447419941425,26.21436565500335,01c1f36fdcfb6f9c94a079cf38f38be6ed21df60c4bbde7df860ced8ae0cdf17
posttrain_pnp_novel_from_plate_to_cardboardbox,tabletop,ahs,posttrain_pnp_novel_from_plate_to_cardboardbox__seed00042,42,0,87,7.281805888895178,23.45514618497691,01c1f36fdcfb6f9c94a079cf38f38be6ed21df60c4bbde7df860ced8ae0cdf17
posttrain_pnp_novel_from_plate_to_cardboardbox,tabletop,ahs,posttrain_pnp_novel_from_plate_to_cardboardbox__seed00043,43,0,75,6.2518111540412065,23.163047164998716,01c1f36fdcfb6f9c94a079cf38f38be6ed21df60c4bbde7df860ced8ae0cdf17
posttrain_pnp_novel_from_plate_to_cardboardbox,tabletop,ahs,posttrain_pnp_novel_from_plate_to_cardboardbox__seed00044,44,0,76,6.35600453504594,21.58631074099685,01c1f36fdcfb6f9c94a079cf38f38be6ed21df60c4bbde7df860ced8ae0cdf17
posttrain_pnp_novel_from_plate_to_cardboardbox,tabletop,ahs,posttrain_pnp_novel_from_plate_to_cardboardbox__seed00045,45,0,83,6.912240991950966,22.183736264996696,01c1f36fdcfb6f9c94a079cf38f38be6ed21df60c4bbde7df860ced8ae0cdf17
posttrain_pnp_novel_from_plate_to_cardboardbox,tabletop,ahs,posttrain_pnp_novel_from_plate_to_cardboardbox__seed00046,46,0,82,6.809994276933139,22.72018158697756,01c1f36fdcfb6f9c94a079cf38f38be6ed21df60c4bbde7df860ced8ae0cdf17
posttrain_pnp_novel_from_plate_to_cardboardbox,tabletop,ahs,posttrain_pnp_novel_from_plate_to_cardboardbox__seed00047,47,1,83,6.886595166986808,20.707226550992345,01c1f36fdcfb6f9c94a079cf38f38be6ed21df60c4bbde7df860ced8ae0cdf17
posttrain_pnp_novel_from_plate_to_cardboardbox,tabletop,ahs,posttrain_pnp_novel_from_plate_to_cardboardbox__seed00048,48,0,77,6.379298430052586,22.43508772199857,01c1f36fdcfb6f9c94a079cf38f38be6ed21df60c4bbde7df860ced8ae0cdf17
posttrain_pnp_novel_from_plate_to_cardboardbox,tabletop,ahs,posttrain_pnp_novel_from_plate_to_cardboardbox__seed00049,49,0,82,6.8005523379542865,21.536187769990647,01c1f36fdcfb6f9c94a079cf38f38be6ed21df60c4bbde7df860ced8ae0cdf17
posttrain_pnp_novel_from_plate_to_pan,tabletop,ahs,posttrain_pnp_novel_from_plate_to_pan__seed00000,0,1,83,6.895158765022643,21.106983115023468,01c1f36fdcfb6f9c94a079cf38f38be6ed21df60c4bbde7df860ced8ae0cdf17
posttrain_pnp_novel_from_plate_to_pan,tabletop,ahs,posttrain_pnp_novel_from_plate_to_pan__seed00001,1,0,73,6.061084068205673,21.358117288997164,01c1f36fdcfb6f9c94a079cf38f38be6ed21df60c4bbde7df860ced8ae0cdf17
posttrain_pnp_novel_from_plate_to_pan,tabletop,ahs,posttrain_pnp_novel_from_plate_to_pan__seed00002,2,0,80,6.6387684559158515,21.48101479501929,01c1f36fdcfb6f9c94a079cf38f38be6ed21df60c4bbde7df860ced8ae0cdf17
posttrain_pnp_novel_from_plate_to_pan,tabletop,ahs,posttrain_pnp_novel_from_plate_to_pan__seed00003,3,1,77,6.396619687933708,21.19157353200717,01c1f36fdcfb6f9c94a079cf38f38be6ed21df60c4bbde7df860ced8ae0cdf17
posttrain_pnp_novel_from_plate_to_pan,tabletop,ahs,posttrain_pnp_novel_from_plate_to_pan__seed00004,4,0,80,6.660879201052012,26.764361683977768,01c1f36fdcfb6f9c94a079cf38f38be6ed21df60c4bbde7df860ced8ae0cdf17
posttrain_pnp_novel_from_plate_to_pan,tabletop,ahs,posttrain_pnp_novel_from_plate_to_pan__seed00005,5,1,75,6.257604319922393,22.11934177202056,01c1f36fdcfb6f9c94a079cf38f38be6ed21df60c4bbde7df860ced8ae0cdf17
posttrain_pnp_novel_from_plate_to_pan,tabletop,ahs,posttrain_pnp_novel_from_plate_to_pan__seed00006,6,1,81,6.745641555142356,21.939433104998898,01c1f36fdcfb6f9c94a079cf38f38be6ed21df60c4bbde7df860ced8ae0cdf17
posttrain_pnp_novel_from_plate_to_pan,tabletop,ahs,posttrain_pnp_novel_from_plate_to_pan__seed00007,7,0,77,6.440618594060652,23.535849948995747,01c1f36fdcfb6f9c94a079cf38f38be6ed21df60c4bbde7df860ced8ae0cdf17
posttrain_pnp_novel_from_plate_to_pan,tabletop,ahs,posttrain_pnp_novel_from_plate_to_pan__seed00008,8,0,85,7.107548239000607,21.573791858012555,01c1f36fdcfb6f9c94a079cf38f38be6ed21df60c4bbde7df860ced8ae0cdf17
posttrain_pnp_novel_from_plate_to_pan,tabletop,ahs,posttrain_pnp_novel_from_plate_to_pan__seed00009,9,0,74,6.18902466900181,26.00589477099129,01c1f36fdcfb6f9c94a079cf38f38be6ed21df60c4bbde7df860ced8ae0cdf17
posttrain_pnp_novel_from_plate_to_pan,tabletop,ahs,posttrain_pnp_novel_from_plate_to_pan__seed00010,10,0,75,6.25494696124224,20.42093133801245,01c1f36fdcfb6f9c94a079cf38f38be6ed21df60c4bbde7df860ced8ae0cdf17
posttrain_pnp_novel_from_plate_to_pan,tabletop,ahs,posttrain_pnp_novel_from_plate_to_pan__seed00011,11,1,79,6.568341032019816,21.897180166997714,01c1f36fdcfb6f9c94a079cf38f38be6ed21df60c4bbde7df860ced8ae0cdf17
posttrain_pnp_novel_from_plate_to_pan,tabletop,ahs,posttrain_pnp_novel_from_plate_to_pan__seed00012,12,0,80,6.632647096965229,22.37913842999842,01c1f36fdcfb6f9c94a079cf38f38be6ed21df60c4bbde7df860ced8ae0cdf17
posttrain_pnp_novel_from_plate_to_pan,tabletop,ahs,posttrain_pnp_novel_from_plate_to_pan__seed00013,13,0,80,6.582430834881961,21.13352691399632,01c1f36fdcfb6f9c94a079cf38f38be6ed21df60c4bbde7df860ced8ae0cdf17
posttrain_pnp_novel_from_plate_to_pan,tabletop,ahs,posttrain_pnp_novel_from_plate_to_pan__seed00014,14,0,86,7.167947840032866,23.06592031798209,01c1f36fdcfb6f9c94a079cf38f38be6ed21df60c4bbde7df860ced8ae0cdf17
posttrain_pnp_novel_from_plate_to_pan,tabletop,ahs,posttrain_pnp_novel_from_plate_to_pan__seed00015,15,0,79,6.558102520008106,21.233362490020227,01c1f36fdcfb6f9c94a079cf38f38be6ed21df60c4bbde7df860ced8ae0cdf17
posttrain_pnp_novel_from_plate_to_pan,tabletop,ahs,posttrain_pnp_novel_from_plate_to_pan__seed00016,16,0,86,7.15813187189633,24.212794879014837,01c1f36fdcfb6f9c94a079cf38f38be6ed21df60c4bbde7df860ced8ae0cdf17
posttrain_pnp_novel_from_plate_to_pan,tabletop,ahs,posttrain_pnp_novel_from_plate_to_pan__seed00017,17,0,83,6.889237912895624,21.459883985022316,01c1f36fdcfb6f9c94a079cf38f38be6ed21df60c4bbde7df860ced8ae0cdf17
posttrain_pnp_novel_from_plate_to_pan,tabletop,ahs,posttrain_pnp_novel_from_plate_to_pan__seed00018,18,1,80,6.628513180912705,20.671231454994995,01c1f36fdcfb6f9c94a079cf38f38be6ed21df60c4bbde7df860ced8ae0cdf17
posttrain_pnp_novel_from_plate_to_pan,tabletop,ahs,posttrain_pnp_novel_from_plate_to_pan__seed00019,19,0,74,6.155616464006016,21.94353443698492,01c1f36fdcfb6f9c94a079cf38f38be6ed21df60c4bbde7df860ced8ae0cdf17
posttrain_pnp_novel_from_plate_to_pan,tabletop,ahs,posttrain_pnp_novel_from_plate_to_pan__seed00020,20,1,84,6.989396517135901,21.544989335001446,01c1f36fdcfb6f9c94a079cf38f38be6ed21df60c4bbde7df860ced8ae0cdf17
posttrain_pnp_novel_from_plate_to_pan,tabletop,ahs,posttrain_pnp_novel_from_plate_to_pan__seed00021,21,1,76,6.343276307190536,26.988769468007376,01c1f36fdcfb6f9c94a079cf38f38be6ed21df60c4bbde7df860ced8ae0cdf17
posttrain_pnp_novel_from_plate_to_pan,tabletop,ahs,posttrain_pnp_novel_from_plate_to_pan__seed00022,22,1,81,6.795492783829104,20.660170916991774,01c1f36fdcfb6f9c94a079cf38f38be6ed21df60c4bbde7df860ced8ae0cdf17
posttrain_pnp_novel_from_plate_to_pan,tabletop,ahs,posttrain_pnp_novel_from_plate_to_pan__seed00023,23,1,80,6.697355144104222,20.27106895801262,01c1f36fdcfb6f9c94a079cf38f38be6ed21df60c4bbde7df860ced8ae0cdf17
posttrain_pnp_novel_from_plate_to_pan,tabletop,ahs,posttrain_pnp_novel_from_plate_to_pan__seed00024,24,0,81,6.768714232835919,22.343870932993013,01c1f36fdcfb6f9c94a079cf38f38be6ed21df60c4bbde7df860ced8ae0cdf17
posttrain_pnp_novel_from_plate_to_pan,tabletop,ahs,posttrain_pnp_novel_from_plate_to_pan__seed00025,25,1,80,6.665140828961739,21.563281762995757,01c1f36fdcfb6f9c94a079cf38f38be6ed21df60c4bbde7df860ced8ae0cdf17
posttrain_pnp_novel_from_plate_to_pan,tabletop,ahs,posttrain_pnp_novel_from_plate_to_pan__seed00026,26,0,84,6.978828556108056,21.469341642979998,01c1f36fdcfb6f9c94a079cf38f38be6ed21df60c4bbde7df860ced8ae0cdf17
posttrain_pnp_novel_from_plate_to_pan,tabletop,ahs,posttrain_pnp_novel_from_plate_to_pan__seed00027,27,0,83,6.89906139287632,22.085530226002447,01c1f36fdcfb6f9c94a079cf38f38be6ed21df60c4bbde7df860ced8ae0cdf17
posttrain_pnp_novel_from_plate_to_pan,tabletop,ahs,posttrain_pnp_novel_from_plate_to_pan__seed00028,28,0,77,6.389732507843291,20.889554739987943,01c1f36fdcfb6f9c94a079cf38f38be6ed21df60c4bbde7df860ced8ae0cdf17
posttrain_pnp_novel_from_plate_to_pan,tabletop,ahs,posttrain_pnp_novel_from_plate_to_pan__seed00029,29,0,84,6.976994526106864,23.146901783009525,01c1f36fdcfb6f9c94a079cf38f38be6ed21df60c4bbde7df860ced8ae0cdf17
posttrain_pnp_novel_from_plate_to_pan,tabletop,ahs,posttrain_pnp_novel_from_plate_to_pan__seed00030,30,0,79,6.576672767085256,22.146791264007334,01c1f36fdcfb6f9c94a079cf38f38be6ed21df60c4bbde7df860ced8ae0cdf17
posttrain_pnp_novel_from_plate_to_pan,tabletop,ahs,posttrain_pnp_novel_from_plate_to_pan__seed00031,31,0,82,6.803023382002721,22.383527394995326,01c1f36fdcfb6f9c94a079cf38f38be6ed21df60c4bbde7df860ced8ae0cdf17
posttrain_pnp_novel_from_plate_to_pan,tabletop,ahs,posttrain_pnp_novel_from_plate_to_pan__seed00032,32,0,81,6.723579224082641,20.62936262402218,01c1f36fdcfb6f9c94a079cf38f38be6ed21df60c4bbde7df860ced8ae0cdf17
posttrain_pnp_novel_from_plate_to_pan,tabletop,ahs,posttrain_pnp_novel_from_plate_to_pan__seed00033,33,1,73,6.0717684240371455,20.09589974299888,01c1f36fdcfb6f9c94a079cf38f38be6ed21df60c4bbde7df860ced8ae0cdf17
posttrain_pnp_novel_from_plate_to_pan,tabletop,ahs,posttrain_pnp_novel_from_plate_to_pan__seed00034,34,1,84,6.9782476849795785,27.369007227011025,01c1f36fdcfb6f9c94a079cf38f38be6ed21df60c4bbde7df860ced8ae0cdf17
posttrain_pnp_novel_from_plate_to_pan,tabletop,ahs,posttrain_pnp_novel_from_plate_to_pan__seed00035,35,0,85,7.107184329011943,23.1555332870048,01c1f36fdcfb6f9c94a079cf38f38be6ed21df60c4bbde7df860ced8ae0cdf17
posttrain_pnp_novel_from_plate_to_pan,tabletop,ahs,posttrain_pnp_novel_from_plate_to_pan__seed00036,36,0,81,6.784710676118266,22.03756196302129,01c1f36fdcfb6f9c94a079cf38f38be6ed21df60c4bbde7df860ced8ae0cdf17
posttrain_pnp_novel_from_plate_to_pan,tabletop,ahs,posttrain_pnp_novel_from_plate_to_pan__seed00037,37,1,94,7.864834480016725,22.197209998994367,01c1f36fdcfb6f9c94a079cf38f38be6ed21df60c4bbde7df860ced8ae0cdf17
posttrain_pnp_novel_from_plate_to_pan,tabletop,ahs,posttrain_pnp_novel_from_plate_to_pan__seed00038,38,0,83,6.95765369507717,22.355473873001756,01c1f36fdcfb6f9c94a079cf38f38be6ed21df60c4bbde7df860ced8ae0cdf17
posttrain_pnp_novel_from_plate_to_pan,tabletop,ahs,posttrain_pnp_novel_from_plate_to_pan__seed00039,39,0,81,6.75423873309046,28.30055460598669,01c1f36fdcfb6f9c94a079cf38f38be6ed21df60c4bbde7df860ced8ae0cdf17
posttrain_pnp_novel_from_plate_to_pan,tabletop,ahs,posttrain_pnp_novel_from_plate_to_pan__seed00040,40,0,77,6.406119253864745,20.883893915015506,01c1f36fdcfb6f9c94a079cf38f38be6ed21df60c4bbde7df860ced8ae0cdf17
posttrain_pnp_novel_from_plate_to_pan,tabletop,ahs,posttrain_pnp_novel_from_plate_to_pan__seed00041,41,1,79,6.575210652197711,25.626089404016966,01c1f36fdcfb6f9c94a079cf38f38be6ed21df60c4bbde7df860ced8ae0cdf17
posttrain_pnp_novel_from_plate_to_pan,tabletop,ahs,posttrain_pnp_novel_from_plate_to_pan__seed00042,42,1,80,6.654237962968182,22.343174743000418,01c1f36fdcfb6f9c94a079cf38f38be6ed21df60c4bbde7df860ced8ae0cdf17
posttrain_pnp_novel_from_plate_to_pan,tabletop,ahs,posttrain_pnp_novel_from_plate_to_pan__seed00043,43,1,79,6.559335388883483,21.89929328399012,01c1f36fdcfb6f9c94a079cf38f38be6ed21df60c4bbde7df860ced8ae0cdf17
posttrain_pnp_novel_from_plate_to_pan,tabletop,ahs,posttrain_pnp_novel_from_plate_to_pan__seed00044,44,0,72,5.976875938096782,19.59178858497762,01c1f36fdcfb6f9c94a079cf38f38be6ed21df60c4bbde7df860ced8ae0cdf17
posttrain_pnp_novel_from_plate_to_pan,tabletop,ahs,posttrain_pnp_novel_from_plate_to_pan__seed00045,45,0,87,7.203778202965623,22.77636745298514,01c1f36fdcfb6f9c94a079cf38f38be6ed21df60c4bbde7df860ced8ae0cdf17
posttrain_pnp_novel_from_plate_to_pan,tabletop,ahs,posttrain_pnp_novel_from_plate_to_pan__seed00046,46,1,90,7.4751164088374935,22.350415462016826,01c1f36fdcfb6f9c94a079cf38f38be6ed21df60c4bbde7df860ced8ae0cdf17
posttrain_pnp_novel_from_plate_to_pan,tabletop,ahs,posttrain_pnp_novel_from_plate_to_pan__seed00047,47,0,81,6.725625640974613,21.031663731992012,01c1f36fdcfb6f9c94a079cf38f38be6ed21df60c4bbde7df860ced8ae0cdf17
posttrain_pnp_novel_from_plate_to_pan,tabletop,ahs,posttrain_pnp_novel_from_plate_to_pan__seed00048,48,0,78,6.497076910978649,21.22810384898912,01c1f36fdcfb6f9c94a079cf38f38be6ed21df60c4bbde7df860ced8ae0cdf17
posttrain_pnp_novel_from_plate_to_pan,tabletop,ahs,posttrain_pnp_novel_from_plate_to_pan__seed00049,49,0,75,6.248970726999687,21.35251738197985,01c1f36fdcfb6f9c94a079cf38f38be6ed21df60c4bbde7df860ced8ae0cdf17
posttrain_pnp_novel_from_plate_to_plate,tabletop,ahs,posttrain_pnp_novel_from_plate_to_plate__seed00000,0,0,81,6.734041302930564,19.815645386988763,01c1f36fdcfb6f9c94a079cf38f38be6ed21df60c4bbde7df860ced8ae0cdf17
posttrain_pnp_novel_from_plate_to_plate,tabletop,ahs,posttrain_pnp_novel_from_plate_to_plate__seed00001,1,1,90,7.47320644010324,20.67356274300255,01c1f36fdcfb6f9c94a079cf38f38be6ed21df60c4bbde7df860ced8ae0cdf17
posttrain_pnp_novel_from_plate_to_plate,tabletop,ahs,posttrain_pnp_novel_from_plate_to_plate__seed00002,2,1,76,6.301703886856558,19.649083505995804,01c1f36fdcfb6f9c94a079cf38f38be6ed21df60c4bbde7df860ced8ae0cdf17
posttrain_pnp_novel_from_plate_to_plate,tabletop,ahs,posttrain_pnp_novel_from_plate_to_plate__seed00003,3,0,79,6.572753970045596,20.192389777017524,01c1f36fdcfb6f9c94a079cf38f38be6ed21df60c4bbde7df860ced8ae0cdf17
posttrain_pnp_novel_from_plate_to_plate,tabletop,ahs,posttrain_pnp_novel_from_plate_to_plate__seed00004,4,0,78,6.491930636082543,24.395127456984483,01c1f36fdcfb6f9c94a079cf38f38be6ed21df60c4bbde7df860ced8ae0cdf17
posttrain_pnp_novel_from_plate_to_plate,tabletop,ahs,posttrain_pnp_novel_from_plate_to_plate__seed00005,5,1,92,7.684222319920082,21.828260045993375,01c1f36fdcfb6f9c94a079cf38f38be6ed21df60c4bbde7df860ced8ae0cdf17
posttrain_pnp_novel_from_plate_to_plate,tabletop,ahs,posttrain_pnp_novel_from_plate_to_plate__seed00006,6,1,77,6.419685613218462,19.841958842996974,01c1f36fdcfb6f9c94a079cf38f38be6ed21df60c4bbde7df860ced8ae0cdf17
posttrain_pnp_novel_from_plate_to_plate,tabletop,ahs,posttrain_pnp_novel_from_plate_to_plate__seed00007,7,0,86,7.196684049325995,20.02801502100192,01c1f36fdcfb6f9c94a079cf38f38be6ed21df60c4bbde7df860ced8ae0cdf17
posttrain_pnp_novel_from_plate_to_plate,tabletop,ahs,posttrain_pnp_novel_from_plate_to_plate__seed00008,8,1,76,6.356544191861758,19.296514988003764,01c1f36fdcfb6f9c94a079cf38f38be6ed21df60c4bbde7df860ced8ae0cdf17
posttrain_pnp_novel_from_plate_to_plate,tabletop,ahs,posttrain_pnp_novel_from_plate_to_plate__seed00009,9,0,80,6.688836868881481,21.024527926987503,01c1f36fdcfb6f9c94a079cf38f38be6ed21df60c4bbde7df860ced8ae0cdf17
posttrain_pnp_novel_from_plate_to_plate,tabletop,ahs,posttrain_pnp_novel_from_plate_to_plate__seed00010,10,0,76,6.340990605182014,19.16039696201915,01c1f36fdcfb6f9c94a079cf38f38be6ed21df60c4bbde7df860ced8ae0cdf17
posttrain_pnp_novel_from_plate_to_plate,tabletop,ahs,posttrain_pnp_novel_from_plate_to_plate__seed00011,11,0,83,6.913730790809495,21.84582942898851,01c1f36fdcfb6f9c94a079cf38f38be6ed21df60c4bbde7df860ced8ae0cdf17
posttrain_pnp_novel_from_plate_to_plate,tabletop,ahs,posttrain_pnp_novel_from_plate_to_plate__seed00012,12,1,81,6.726358553045429,20.969814687006874,01c1f36fdcfb6f9c94a079cf38f38be6ed21df60c4bbde7df860ced8ae0cdf17
posttrain_pnp_novel_from_plate_to_plate,tabletop,ahs,posttrain_pnp_novel_from_plate_to_plate__seed00013,13,1,86,7.1378896362148225,20.513968169980217,01c1f36fdcfb6f9c94a079cf38f38be6ed21df60c4bbde7df860ced8ae0cdf17
posttrain_pnp_novel_from_plate_to_plate,tabletop,ahs,posttrain_pnp_novel_from_plate_to_plate__seed00014,14,0,79,6.557217111811042,20.548730245005572,01c1f36fdcfb6f9c94a079cf38f38be6ed21df60c4bbde7df860ced8ae0cdf17
posttrain_pnp_novel_from_plate_to_plate,tabletop,ahs,posttrain_pnp_novel_from_plate_to_plate__seed00015,15,1,83,6.891615550965071,20.849625721981283,01c1f36fdcfb6f9c94a079cf38f38be6ed21df60c4bbde7df860ced8ae0cdf17
posttrain_pnp_novel_from_plate_to_plate,tabletop,ahs,posttrain_pnp_novel_from_plate_to_plate__seed00016,16,1,80,6.6416515000746585,20.344197902013548,01c1f36fdcfb6f9c94a079cf38f38be6ed21df60c4bbde7df860ced8ae0cdf17
posttrain_pnp_novel_from_plate_to_plate,tabletop,ahs,posttrain_pnp_novel_from_plate_to_plate__seed00017,17,0,88,7.298619655950461,22.167562087997794,01c1f36fdcfb6f9c94a079cf38f38be6ed21df60c4bbde7df860ced8ae0cdf17
posttrain_pnp_novel_from_plate_to_plate,tabletop,ahs,posttrain_pnp_novel_from_plate_to_plate__seed00018,18,0,78,6.480261618911754,18.776358887000242,01c1f36fdcfb6f9c94a079cf38f38be6ed21df60c4bbde7df860ced8ae0cdf17
posttrain_pnp_novel_from_plate_to_plate,tabletop,ahs,posttrain_pnp_novel_from_plate_to_plate__seed00019,19,0,83,6.910299203911563,19.70402377800201,01c1f36fdcfb6f9c94a079cf38f38be6ed21df60c4bbde7df860ced8ae0cdf17
posttrain_pnp_novel_from_plate_to_plate,tabletop,ahs,posttrain_pnp_novel_from_plate_to_plate__seed00020,20,1,75,6.244119442271767,19.27706708299229,01c1f36fdcfb6f9c94a079cf38f38be6ed21df60c4bbde7df860ced8ae0cdf17
posttrain_pnp_novel_from_plate_to_plate,tabletop,ahs,posttrain_pnp_novel_from_plate_to_plate__seed00021,21,0,82,6.829487157985568,21.403756722982507,01c1f36fdcfb6f9c94a079cf38f38be6ed21df60c4bbde7df860ced8ae0cdf17
posttrain_pnp_novel_from_plate_to_plate,tabletop,ahs,posttrain_pnp_novel_from_plate_to_plate__seed00022,22,1,86,7.167855523817707,20.872296538000228,01c1f36fdcfb6f9c94a079cf38f38be6ed21df60c4bbde7df860ced8ae0cdf17
posttrain_pnp_novel_from_plate_to_plate,tabletop,ahs,posttrain_pnp_novel_from_plate_to_plate__seed00023,23,0,77,6.407238125975709,18.82518569601234,01c1f36fdcfb6f9c94a079cf38f38be6ed21df60c4bbde7df860ced8ae0cdf17
posttrain_pnp_novel_from_plate_to_plate,tabletop,ahs,posttrain_pnp_novel_from_plate_to_plate__seed00024,24,1,86,7.20315313298488,20.513975209003547,01c1f36fdcfb6f9c94a079cf38f38be6ed21df60c4bbde7df860ced8ae0cdf17
posttrain_pnp_novel_from_plate_to_plate,tabletop,ahs,posttrain_pnp_novel_from_plate_to_plate__seed00025,25,1,79,6.598909693944734,20.067060170986224,01c1f36fdcfb6f9c94a079cf38f38be6ed21df60c4bbde7df860ced8ae0cdf17
posttrain_pnp_novel_from_plate_to_plate,tabletop,ahs,posttrain_pnp_novel_from_plate_to_plate__seed00026,26,0,89,7.421996240998851,20.328463338984875,01c1f36fdcfb6f9c94a079cf38f38be6ed21df60c4bbde7df860ced8ae0cdf17
posttrain_pnp_novel_from_plate_to_plate,tabletop,ahs,posttrain_pnp_novel_from_plate_to_plate__seed00027,27,1,79,6.5904180468351115,20.872427318012342,01c1f36fdcfb6f9c94a079cf38f38be6ed21df60c4bbde7df860ced8ae0cdf17
posttrain_pnp_novel_from_plate_to_plate,tabletop,ahs,posttrain_pnp_novel_from_plate_to_plate__seed00028,28,1,86,7.153386507998221,20.605654815997696,01c1f36fdcfb6f9c94a079cf38f38be6ed21df60c4bbde7df860ced8ae0cdf17
posttrain_pnp_novel_from_plate_to_plate,tabletop,ahs,posttrain_pnp_novel_from_plate_to_plate__seed00029,29,1,84,6.972823373042047,21.14052056800574,01c1f36fdcfb6f9c94a079cf38f38be6ed21df60c4bbde7df860ced8ae0cdf17
posttrain_pnp_novel_from_plate_to_plate,tabletop,ahs,posttrain_pnp_novel_from_plate_to_plate__seed00030,30,1,91,7.558459496998694,22.126139350992162,01c1f36fdcfb6f9c94a079cf38f38be6ed21df60c4bbde7df860ced8ae0cdf17
posttrain_pnp_novel_from_plate_to_plate,tabletop,ahs,posttrain_pnp_novel_from_plate_to_plate__seed00031,31,0,82,6.806852457055356,18.78848067999934,01c1f36fdcfb6f9c94a079cf38f38be6ed21df60c4bbde7df860ced8ae0cdf17
posttrain_pnp_novel_from_plate_to_plate,tabletop,ahs,posttrain_pnp_novel_from_plate_to_plate__seed00032,32,1,89,7.4073200758430175,21.51340567000443,01c1f36fdcfb6f9c94a079cf38f38be6ed21df60c4bbde7df860ced8ae0cdf17
posttrain_pnp_novel_from_plate_to_plate,tabletop,ahs,posttrain_pnp_novel_from_plate_to_plate__seed00033,33,1,82,6.807203768810723,20.043963261996396,01c1f36fdcfb6f9c94a079cf38f38be6ed21df60c4bbde7df860ced8ae0cdf17
posttrain_pnp_novel_from_plate_to_plate,tabletop,ahs,posttrain_pnp_novel_from_plate_to_plate__seed00034,34,0,79,6.550281446077861,19.674193399987416,01c1f36fdcfb6f9c94a079cf38f38be6ed21df60c4bbde7df860ced8ae0cdf17
posttrain_pnp_novel_from_plate_to_plate,tabletop,ahs,posttrain_pnp_novel_from_plate_to_plate__seed00035,35,0,87,7.2118196639057714,21.13058443699265,01c1f36fdcfb6f9c94a079cf38f38be6ed21df60c4bbde7df860ced8ae0cdf17
posttrain_pnp_novel_from_plate_to_plate,tabletop,ahs,posttrain_pnp_novel_from_plate_to_plate__seed00036,36,0,83,6.900970832968596,20.49615699998685,01c1f36fdcfb6f9c94a079cf38f38be6ed21df60c4bbde7df860ced8ae0cdf17
posttrain_pnp_novel_from_plate_to_plate,tabletop,ahs,posttrain_pnp_novel_from_plate_to_plate__seed00037,37,1,90,7.445906390668824,20.711299551010597,01c1f36fdcfb6f9c94a079cf38f38be6ed21df60c4bbde7df860ced8ae0cdf17
posttrain_pnp_novel_from_plate_to_plate,tabletop,ahs,posttrain_pnp_novel_from_plate_to_plate__seed00038,38,0,82,6.841779107024195,20.533164528984344,01c1f36fdcfb6f9c94a079cf38f38be6ed21df60c4bbde7df860ced8ae0cdf17
posttrain_pnp_novel_from_plate_to_plate,tabletop,ahs,posttrain_pnp_novel_from_plate_to_plate__seed00039,39,1,84,7.034651043097256,26.682875336002326,01c1f36fdcfb6f9c94a079cf38f38be6ed21df60c4bbde7df860ced8ae0cdf17
posttrain_pnp_novel_from_plate_to_plate,tabletop,ahs,posttrain_pnp_novel_from_plate_to_plate__seed00040,40,1,79,6.6073605419369414,19.102080120006576,01c1f36fdcfb6f9c94a079cf38f38be6ed21df60c4bbde7df860ced8ae0cdf17
posttrain_pnp_novel_from_plate_to_plate,tabletop,ahs,posttrain_pnp_novel_from_plate_to_plate__seed00041,41,0,81,6.78319065598771,24.65399106600671,01c1f36fdcfb6f9c94a079cf38f38be6ed21df60c4bbde7df860ced8ae0cdf17
posttrain_pnp_novel_from_plate_to_plate,tabletop,ahs,posttrain_pnp_novel_from_plate_to_plate__seed00042,42,1,80,6.670777919149259,21.84371344401734,01c1f36fdcfb6f9c94a079cf38f38be6ed21df60c4bbde7df860ced8ae0cdf17
posttrain_pnp_novel_from_plate_to_plate,tabletop,ahs,posttrain_pnp_novel_from_plate_to_plate__seed00043,43,0,86,7.171861990878824,19.80945574300131,01c1f36fdcfb6f9c94a079cf38f38be6ed21df60c4bbde7df860ced8ae0cdf17
posttrain_pnp_novel_from_plate_to_plate,tabletop,ahs,posttrain_pnp_novel_from_plate_to_plate__seed00044,44,1,76,6.307731326902285,19.004116958007216,01c1f36fdcfb6f9c94a079cf38f38be6ed21df60c4bbde7df860ced8ae0cdf17
posttrain_pnp_novel_from_plate_to_plate,tabletop,ahs,posttrain_pnp_novel_from_plate_to_plate__seed00045,45,1,77,6.379742115997942,19.495819492003648,01c1f36fdcfb6f9c94a079cf38f38be6ed21df60c4bbde7df860ced8ae0cdf17
posttrain_pnp_novel_from_plate_to_plate,tabletop,ahs,posttrain_pnp_novel_from_plate_to_plate__seed00046,46,0,85,7.0777056929364335,20.815367165982025,01c1f36fdcfb6f9c94a079cf38f38be6ed21df60c4bbde7df860ced8ae0cdf17
posttrain_pnp_novel_from_plate_to_plate,tabletop,ahs,posttrain_pnp_novel_from_plate_to_plate__seed00047,47,0,81,6.736600441887276,19.898999967990676,01c1f36fdcfb6f9c94a079cf38f38be6ed21df60c4bbde7df860ced8ae0cdf17
posttrain_pnp_novel_from_plate_to_plate,tabletop,ahs,posttrain_pnp_novel_from_plate_to_plate__seed00048,48,1,92,7.642129205109086,20.970875418017386,01c1f36fdcfb6f9c94a079cf38f38be6ed21df60c4bbde7df860ced8ae0cdf17
posttrain_pnp_novel_from_plate_to_plate,tabletop,ahs,posttrain_pnp_novel_from_plate_to_plate__seed00049,49,1,74,6.1520971360150725,19.395046762016136,01c1f36fdcfb6f9c94a079cf38f38be6ed21df60c4bbde7df860ced8ae0cdf17
posttrain_pnp_novel_from_tray_to_cardboardbox,tabletop,ahs,posttrain_pnp_novel_from_tray_to_cardboardbox__seed00000,0,0,77,6.394459381845081,20.447040666011162,01c1f36fdcfb6f9c94a079cf38f38be6ed21df60c4bbde7df860ced8ae0cdf17
posttrain_pnp_novel_from_tray_to_cardboardbox,tabletop,ahs,posttrain_pnp_novel_from_tray_to_cardboardbox__seed00001,1,1,74,6.1443707859143615,20.023815198015654,01c1f36fdcfb6f9c94a079cf38f38be6ed21df60c4bbde7df860ced8ae0cdf17
posttrain_pnp_novel_from_tray_to_cardboardbox,tabletop,ahs,posttrain_pnp_novel_from_tray_to_cardboardbox__seed00002,2,0,80,6.641325978911482,25.35652626497904,01c1f36fdcfb6f9c94a079cf38f38be6ed21df60c4bbde7df860ced8ae0cdf17
posttrain_pnp_novel_from_tray_to_cardboardbox,tabletop,ahs,posttrain_pnp_novel_from_tray_to_cardboardbox__seed00003,3,1,82,6.797777693922399,19.654858541005524,01c1f36fdcfb6f9c94a079cf38f38be6ed21df60c4bbde7df860ced8ae0cdf17
posttrain_pnp_novel_from_tray_to_cardboardbox,tabletop,ahs,posttrain_pnp_novel_from_tray_to_cardboardbox__seed00004,4,0,80,6.604971458000364,24.614989212015644,01c1f36fdcfb6f9c94a079cf38f38be6ed21df60c4bbde7df860ced8ae0cdf17
posttrain_pnp_novel_from_tray_to_cardboardbox,tabletop,ahs,posttrain_pnp_novel_from_tray_to_cardboardbox__seed00005,5,1,74,6.131601345085073,20.341338641999755,01c1f36fdcfb6f9c94a079cf38f38be6ed21df60c4bbde7df860ced8ae0cdf17
posttrain_pnp_novel_from_tray_to_cardboardbox,tabletop,ahs,posttrain_pnp_novel_from_tray_to_cardboardbox__seed00006,6,0,85,7.0738421130226925,20.29810905799968,01c1f36fdcfb6f9c94a079cf38f38be6ed21df60c4bbde7df860ced8ae0cdf17
posttrain_pnp_novel_from_tray_to_cardboardbox,tabletop,ahs,posttrain_pnp_novel_from_tray_to_cardboardbox__seed00007,7,1,86,7.167802440730156,20.558842622995144,01c1f36fdcfb6f9c94a079cf38f38be6ed21df60c4bbde7df860ced8ae0cdf17
posttrain_pnp_novel_from_tray_to_cardboardbox,tabletop,ahs,posttrain_pnp_novel_from_tray_to_cardboardbox__seed00008,8,1,84,7.019058429839788,20.999271581997164,01c1f36fdcfb6f9c94a079cf38f38be6ed21df60c4bbde7df860ced8ae0cdf17
posttrain_pnp_novel_from_tray_to_cardboardbox,tabletop,ahs,posttrain_pnp_novel_from_tray_to_cardboardbox__seed00009,9,1,83,6.941419922164641,20.671606827003416,01c1f36fdcfb6f9c94a079cf38f38be6ed21df60c4bbde7df860ced8ae0cdf17
posttrain_pnp_novel_from_tray_to_cardboardbox,tabletop,ahs,posttrain_pnp_novel_from_tray_to_cardboardbox__seed00010,10,1,82,6.858172138017835,20.675388700998155,01c1f36fdcfb6f9c94a079cf38f38be6ed21df60c4bbde7df860ced8ae0cdf17
posttrain_pnp_novel_from_tray_to_cardboardbox,tabletop,ahs,posttrain_pnp_novel_from_tray_to_cardboardbox__seed00011,11,0,78,6.5120572490559425,19.761374113993952,01c1f36fdcfb6f9c94a079cf38f38be6ed21df60c4bbde7df860ced8ae0cdf17
posttrain_pnp_novel_from_tray_to_cardboardbox,tabletop,ahs,posttrain_pnp_novel_from_tray_to_cardboardbox__seed00012,12,0,77,6.4223853808071,25.129312045988627,01c1f36fdcfb6f9c94a079cf38f38be6ed21df60c4bbde7df860ced8ae0cdf17
posttrain_pnp_novel_from_tray_to_cardboardbox,tabletop,ahs,posttrain_pnp_novel_from_tray_to_cardboardbox__seed00013,13,0,76,6.298084739974001,18.965431143005844,01c1f36fdcfb6f9c94a079cf38f38be6ed21df60c4bbde7df860ced8ae0cdf17
posttrain_pnp_novel_from_tray_to_cardboardbox,tabletop,ahs,posttrain_pnp_novel_from_tray_to_cardboardbox__seed00014,14,1,82,6.799588438210776,21.110155597998528,01c1f36fdcfb6f9c94a079cf38f38be6ed21df60c4bbde7df860ced8ae0cdf17
posttrain_pnp_novel_from_tray_to_cardboardbox,tabletop,ahs,posttrain_pnp_novel_from_tray_to_cardboardbox__seed00015,15,0,80,6.636121294926852,26.09475505098817,01c1f36fdcfb6f9c94a079cf38f38be6ed21df60c4bbde7df860ced8ae0cdf17
posttrain_pnp_novel_from_tray_to_cardboardbox,tabletop,ahs,posttrain_pnp_novel_from_tray_to_cardboardbox__seed00016,16,0,82,6.815844707278302,19.975176231004298,01c1f36fdcfb6f9c94a079cf38f38be6ed21df60c4bbde7df860ced8ae0cdf17
posttrain_pnp_novel_from_tray_to_cardboardbox,tabletop,ahs,posttrain_pnp_novel_from_tray_to_cardboardbox__seed00017,17,1,82,6.825545479980065,21.83632186698378,01c1f36fdcfb6f9c94a079cf38f38be6ed21df60c4bbde7df860ced8ae0cdf17
posttrain_pnp_novel_from_tray_to_cardboardbox,tabletop,ahs,posttrain_pnp_novel_from_tray_to_cardboardbox__seed00018,18,1,81,6.736630027095089,20.37939134699991,01c1f36fdcfb6f9c94a079cf38f38be6ed21df60c4bbde7df860ced8ae0cdf17
posttrain_pnp_novel_from_tray_to_cardboardbox,tabletop,ahs,posttrain_pnp_novel_from_tray_to_cardboardbox__seed00019,19,1,82,6.8106396769871935,21.08803832702688,01c1f36fdcfb6f9c94a079cf38f38be6ed21df60c4bbde7df860ced8ae0cdf17
posttrain_pnp_novel_from_tray_to_cardboardbox,tabletop,ahs,posttrain_pnp_novel_from_tray_to_cardboardbox__seed00020,20,1,74,6.130547212058445,19.47263753900188,01c1f36fdcfb6f9c94a079cf38f38be6ed21df60c4bbde7df860ced8ae0cdf17
posttrain_pnp_novel_from_tray_to_cardboardbox,tabletop,ahs,posttrain_pnp_novel_from_tray_to_cardboardbox__seed00021,21,0,80,6.646320342813851,21.189949480991345,01c1f36fdcfb6f9c94a079cf38f38be6ed21df60c4bbde7df860ced8ae0cdf17
posttrain_pnp_novel_from_tray_to_cardboardbox,tabletop,ahs,posttrain_pnp_novel_from_tray_to_cardboardbox__seed00022,22,1,81,6.736155454127584,20.962641335005173,01c1f36fdcfb6f9c94a079cf38f38be6ed21df60c4bbde7df860ced8ae0cdf17
posttrain_pnp_novel_from_tray_to_cardboardbox,tabletop,ahs,posttrain_pnp_novel_from_tray_to_cardboardbox__seed00023,23,0,82,6.8350273419346195,19.524003728001844,01c1f36fdcfb6f9c94a079cf38f38be6ed21df60c4bbde7df860ced8ae0cdf17
posttrain_pnp_novel_from_tray_to_cardboardbox,tabletop,ahs,posttrain_pnp_novel_from_tray_to_cardboardbox__seed00024,24,0,79,6.581260129110888,19.06412131700199,01c1f36fdcfb6f9c94a079cf38f38be6ed21df60c4bbde7df860ced8ae0cdf17
posttrain_pnp_novel_from_tray_to_cardboardbox,tabletop,ahs,posttrain_pnp_novel_from_tray_to_cardboardbox__seed00025,25,0,80,6.686194137961138,20.06446292999317,01c1f36fdcfb6f9c94a079cf38f38be6ed21df60c4bbde7df860ced8ae0cdf17
posttrain_pnp_novel_from_tray_to_cardboardbox,tabletop,ahs,posttrain_pnp_novel_from_tray_to_cardboardbox__seed00026,26,0,84,7.018852939858334,20.764531797001837,01c1f36fdcfb6f9c94a079cf38f38be6ed21df60c4bbde7df860ced8ae0cdf17
posttrain_pnp_novel_from_tray_to_cardboardbox,tabletop,ahs,posttrain_pnp_novel_from_tray_to_cardboardbox__seed00027,27,0,82,6.844804828055203,24.531064590992173,01c1f36fdcfb6f9c94a079cf38f38be6ed21df60c4bbde7df860ced8ae0cdf17
posttrain_pnp_novel_from_tray_to_cardboardbox,tabletop,ahs,posttrain_pnp_novel_from_tray_to_cardboardbox__seed00028,28,0,77,6.43938742208411,19.325123420974705,01c1f36fdcfb6f9c94a079cf38f38be6ed21df60c4bbde7df860ced8ae0cdf17
posttrain_pnp_novel_from_tray_to_cardboardbox,tabletop,ahs,posttrain_pnp_novel_from_tray_to_cardboardbox__seed00029,29,1,77,6.423202081059571,20.751617513014935,01c1f36fdcfb6f9c94a079cf38f38be6ed21df60c4bbde7df860ced8ae0cdf17
posttrain_pnp_novel_from_tray_to_cardboardbox,tabletop,ahs,posttrain_pnp_novel_from_tray_to_cardboardbox__seed00030,30,0,74,6.149038715841016,19.22604360699188,01c1f36fdcfb6f9c94a079cf38f38be6ed21df60c4bbde7df860ced8ae0cdf17
posttrain_pnp_novel_from_tray_to_cardboardbox,tabletop,ahs,posttrain_pnp_novel_from_tray_to_cardboardbox__seed00031,31,1,78,6.498305653018178,20.387971360993106,01c1f36fdcfb6f9c94a079cf38f38be6ed21df60c4bbde7df860ced8ae0cdf17
posttrain_pnp_novel_from_tray_to_cardboardbox,tabletop,ahs,posttrain_pnp_novel_from_tray_to_cardboardbox__seed00032,32,0,79,6.565096957056085,19.54989215399837,01c1f36fdcfb6f9c94a079cf38f38be6ed21df60c4bbde7df860ced8ae0cdf17
posttrain_pnp_novel_from_tray_to_cardboardbox,tabletop,ahs,posttrain_pnp_novel_from_tray_to_cardboardbox__seed00033,33,1,84,6.938891621102812,19.964017552003497,01c1f36fdcfb6f9c94a079cf38f38be6ed21df60c4bbde7df860ced8ae0cdf17
posttrain_pnp_novel_from_tray_to_cardboardbox,tabletop,ahs,posttrain_pnp_novel_from_tray_to_cardboardbox__seed00034,34,0,83,6.8963179530983325,21.63345477398252,01c1f36fdcfb6f9c94a079cf38f38be6ed21df60c4bbde7df860ced8ae0cdf17
posttrain_pnp_novel_from_tray_to_cardboardbox,tabletop,ahs,posttrain_pnp_novel_from_tray_to_cardboardbox__seed00035,35,1,80,6.648373702802928,20.18470118800178,01c1f36fdcfb6f9c94a079cf38f38be6ed21df60c4bbde7df860ced8ae0cdf17
posttrain_pnp_novel_from_tray_to_cardboardbox,tabletop,ahs,posttrain_pnp_novel_from_tray_to_cardboardbox__seed00036,36,1,79,6.559692109003663,24.1054396990221,01c1f36fdcfb6f9c94a079cf38f38be6ed21df60c4bbde7df860ced8ae0cdf17
posttrain_pnp_novel_from_tray_to_cardboardbox,tabletop,ahs,posttrain_pnp_novel_from_tray_to_cardboardbox__seed00037,37,1,79,6.588535771035822,19.59149833500851,01c1f36fdcfb6f9c94a079cf38f38be6ed21df60c4bbde7df860ced8ae0cdf17
posttrain_pnp_novel_from_tray_to_cardboardbox,tabletop,ahs,posttrain_pnp_novel_from_tray_to_cardboardbox__seed00038,38,0,83,6.884783473040443,20.064637908973964,01c1f36fdcfb6f9c94a079cf38f38be6ed21df60c4bbde7df860ced8ae0cdf17
posttrain_pnp_novel_from_tray_to_cardboardbox,tabletop,ahs,posttrain_pnp_novel_from_tray_to_cardboardbox__seed00039,39,1,81,6.757405864162138,25.135927343013464,01c1f36fdcfb6f9c94a079cf38f38be6ed21df60c4bbde7df860ced8ae0cdf17
posttrain_pnp_novel_from_tray_to_cardboardbox,tabletop,ahs,posttrain_pnp_novel_from_tray_to_cardboardbox__seed00040,40,0,74,6.176211073878221,18.8990883329825,01c1f36fdcfb6f9c94a079cf38f38be6ed21df60c4bbde7df860ced8ae0cdf17
posttrain_pnp_novel_from_tray_to_cardboardbox,tabletop,ahs,posttrain_pnp_novel_from_tray_to_cardboardbox__seed00041,41,0,81,6.783355894178385,24.35879005602328,01c1f36fdcfb6f9c94a079cf38f38be6ed21df60c4bbde7df860ced8ae0cdf17
posttrain_pnp_novel_from_tray_to_cardboardbox,tabletop,ahs,posttrain_pnp_novel_from_tray_to_cardboardbox__seed00042,42,1,83,6.924332141992636,22.3177081719914,01c1f36fdcfb6f9c94a079cf38f38be6ed21df60c4bbde7df860ced8ae0cdf17
posttrain_pnp_novel_from_tray_to_cardboardbox,tabletop,ahs,posttrain_pnp_novel_from_tray_to_cardboardbox__seed00043,43,0,74,6.176728733931668,20.092393794009695,01c1f36fdcfb6f9c94a079cf38f38be6ed21df60c4bbde7df860ced8ae0cdf17
posttrain_pnp_novel_from_tray_to_cardboardbox,tabletop,ahs,posttrain_pnp_novel_from_tray_to_cardboardbox__seed00044,44,1,78,6.497627135046059,19.48113723300048,01c1f36fdcfb6f9c94a079cf38f38be6ed21df60c4bbde7df860ced8ae0cdf17
posttrain_pnp_novel_from_tray_to_cardboardbox,tabletop,ahs,posttrain_pnp_novel_from_tray_to_cardboardbox__seed00045,45,0,84,7.007136339903809,20.53226266099955,01c1f36fdcfb6f9c94a079cf38f38be6ed21df60c4bbde7df860ced8ae0cdf17
posttrain_pnp_novel_from_tray_to_cardboardbox,tabletop,ahs,posttrain_pnp_novel_from_tray_to_cardboardbox__seed00046,46,1,88,7.314184913993813,22.284549927979242,01c1f36fdcfb6f9c94a079cf38f38be6ed21df60c4bbde7df860ced8ae0cdf17
posttrain_pnp_novel_from_tray_to_cardboardbox,tabletop,ahs,posttrain_pnp_novel_from_tray_to_cardboardbox__seed00047,47,1,81,6.737303146102931,21.05410020198906,01c1f36fdcfb6f9c94a079cf38f38be6ed21df60c4bbde7df860ced8ae0cdf17
posttrain_pnp_novel_from_tray_to_cardboardbox,tabletop,ahs,posttrain_pnp_novel_from_tray_to_cardboardbox__seed00048,48,1,76,6.312629521969939,20.414151483011665,01c1f36fdcfb6f9c94a079cf38f38be6ed21df60c4bbde7df860ced8ae0cdf17
posttrain_pnp_novel_from_tray_to_cardboardbox,tabletop,ahs,posttrain_pnp_novel_from_tray_to_cardboardbox__seed00049,49,0,77,6.384633257024689,20.02181234699674,01c1f36fdcfb6f9c94a079cf38f38be6ed21df60c4bbde7df860ced8ae0cdf17
posttrain_pnp_novel_from_tray_to_plate,tabletop,ahs,posttrain_pnp_novel_from_tray_to_plate__seed00000,0,0,84,6.97685482603265,20.27904705700348,01c1f36fdcfb6f9c94a079cf38f38be6ed21df60c4bbde7df860ced8ae0cdf17
posttrain_pnp_novel_from_tray_to_plate,tabletop,ahs,posttrain_pnp_novel_from_tray_to_plate__seed00001,1,0,79,6.556398851971608,22.091086335014552,01c1f36fdcfb6f9c94a079cf38f38be6ed21df60c4bbde7df860ced8ae0cdf17
posttrain_pnp_novel_from_tray_to_plate,tabletop,ahs,posttrain_pnp_novel_from_tray_to_plate__seed00002,2,1,85,7.057886348804459,23.296401725994656,01c1f36fdcfb6f9c94a079cf38f38be6ed21df60c4bbde7df860ced8ae0cdf17
posttrain_pnp_novel_from_tray_to_plate,tabletop,ahs,posttrain_pnp_novel_from_tray_to_plate__seed00003,3,0,82,6.824059016915271,21.159072468988597,01c1f36fdcfb6f9c94a079cf38f38be6ed21df60c4bbde7df860ced8ae0cdf17
posttrain_pnp_novel_from_tray_to_plate,tabletop,ahs,posttrain_pnp_novel_from_tray_to_plate__seed00004,4,1,79,6.580241976829711,25.992428150988417,01c1f36fdcfb6f9c94a079cf38f38be6ed21df60c4bbde7df860ced8ae0cdf17
posttrain_pnp_novel_from_tray_to_plate,tabletop,ahs,posttrain_pnp_novel_from_tray_to_plate__seed00005,5,0,94,7.812883358943509,22.780376748996787,01c1f36fdcfb6f9c94a079cf38f38be6ed21df60c4bbde7df860ced8ae0cdf17
posttrain_pnp_novel_from_tray_to_plate,tabletop,ahs,posttrain_pnp_novel_from_tray_to_plate__seed00006,6,0,89,7.387436894059647,20.830043340014527,01c1f36fdcfb6f9c94a079cf38f38be6ed21df60c4bbde7df860ced8ae0cdf17
posttrain_pnp_novel_from_tray_to_plate,tabletop,ahs,posttrain_pnp_novel_from_tray_to_plate__seed00007,7,0,77,6.42803008374176,23.44927542700316,01c1f36fdcfb6f9c94a079cf38f38be6ed21df60c4bbde7df860ced8ae0cdf17
posttrain_pnp_novel_from_tray_to_plate,tabletop,ahs,posttrain_pnp_novel_from_tray_to_plate__seed00008,8,1,75,6.251638488000026,20.60597579900059,01c1f36fdcfb6f9c94a079cf38f38be6ed21df60c4bbde7df860ced8ae0cdf17
posttrain_pnp_novel_from_tray_to_plate,tabletop,ahs,posttrain_pnp_novel_from_tray_to_plate__seed00009,9,0,80,6.6893459239799995,19.90741335498751,01c1f36fdcfb6f9c94a079cf38f38be6ed21df60c4bbde7df860ced8ae0cdf17
posttrain_pnp_novel_from_tray_to_plate,tabletop,ahs,posttrain_pnp_novel_from_tray_to_plate__seed00010,10,1,85,7.097071907977806,21.177951969002606,01c1f36fdcfb6f9c94a079cf38f38be6ed21df60c4bbde7df860ced8ae0cdf17
posttrain_pnp_novel_from_tray_to_plate,tabletop,ahs,posttrain_pnp_novel_from_tray_to_plate__seed00011,11,0,86,7.158293465850875,24.121597010991536,01c1f36fdcfb6f9c94a079cf38f38be6ed21df60c4bbde7df860ced8ae0cdf17
posttrain_pnp_novel_from_tray_to_plate,tabletop,ahs,posttrain_pnp_novel_from_tray_to_plate__seed00012,12,0,80,6.6826827519980725,26.407563471992034,01c1f36fdcfb6f9c94a079cf38f38be6ed21df60c4bbde7df860ced8ae0cdf17
posttrain_pnp_novel_from_tray_to_plate,tabletop,ahs,posttrain_pnp_novel_from_tray_to_plate__seed00013,13,0,80,6.66357719397638,21.11474076702143,01c1f36fdcfb6f9c94a079cf38f38be6ed21df60c4bbde7df860ced8ae0cdf17
posttrain_pnp_novel_from_tray_to_plate,tabletop,ahs,posttrain_pnp_novel_from_tray_to_plate__seed00014,14,1,83,6.904401961044641,22.16401158401277,01c1f36fdcfb6f9c94a079cf38f38be6ed21df60c4bbde7df860ced8ae0cdf17
posttrain_pnp_novel_from_tray_to_plate,tabletop,ahs,posttrain_pnp_novel_from_tray_to_plate__seed00015,15,0,91,7.576392090995796,24.019309877010528,01c1f36fdcfb6f9c94a079cf38f38be6ed21df60c4bbde7df860ced8ae0cdf17
posttrain_pnp_novel_from_tray_to_plate,tabletop,ahs,posttrain_pnp_novel_from_tray_to_plate__seed00016,16,1,80,6.640039181831526,24.04615878398181,01c1f36fdcfb6f9c94a079cf38f38be6ed21df60c4bbde7df860ced8ae0cdf17
posttrain_pnp_novel_from_tray_to_plate,tabletop,ahs,posttrain_pnp_novel_from_tray_to_plate__seed00017,17,0,77,6.407323154009646,21.77821820101235,01c1f36fdcfb6f9c94a079cf38f38be6ed21df60c4bbde7df860ced8ae0cdf17
posttrain_pnp_novel_from_tray_to_plate,tabletop,ahs,posttrain_pnp_novel_from_tray_to_plate__seed00018,18,1,85,7.043796998972539,21.332091648015194,01c1f36fdcfb6f9c94a079cf38f38be6ed21df60c4bbde7df860ced8ae0cdf17
posttrain_pnp_novel_from_tray_to_plate,tabletop,ahs,posttrain_pnp_novel_from_tray_to_plate__seed00019,19,1,75,6.225268283975311,21.159840443986468,01c1f36fdcfb6f9c94a079cf38f38be6ed21df60c4bbde7df860ced8ae0cdf17
posttrain_pnp_novel_from_tray_to_plate,tabletop,ahs,posttrain_pnp_novel_from_tray_to_plate__seed00020,20,0,77,6.392115243972512,20.58204344002297,01c1f36fdcfb6f9c94a079cf38f38be6ed21df60c4bbde7df860ced8ae0cdf17
posttrain_pnp_novel_from_tray_to_plate,tabletop,ahs,posttrain_pnp_novel_from_tray_to_plate__seed00021,21,0,77,6.397953849926125,21.424922117003007,01c1f36fdcfb6f9c94a079cf38f38be6ed21df60c4bbde7df860ced8ae0cdf17
posttrain_pnp_novel_from_tray_to_plate,tabletop,ahs,posttrain_pnp_novel_from_tray_to_plate__seed00022,22,0,86,7.148857155814767,22.285149375005858,01c1f36fdcfb6f9c94a079cf38f38be6ed21df60c4bbde7df860ced8ae0cdf17
posttrain_pnp_novel_from_tray_to_plate,tabletop,ahs,posttrain_pnp_novel_from_tray_to_plate__seed00023,23,1,84,6.992747018841328,21.88464192597894,01c1f36fdcfb6f9c94a079cf38f38be6ed21df60c4bbde7df860ced8ae0cdf17
posttrain_pnp_novel_from_tray_to_plate,tabletop,ahs,posttrain_pnp_novel_from_tray_to_plate__seed00024,24,1,77,6.4325235881551635,21.57805019497755,01c1f36fdcfb6f9c94a079cf38f38be6ed21df60c4bbde7df860ced8ae0cdf17
posttrain_pnp_novel_from_tray_to_plate,tabletop,ahs,posttrain_pnp_novel_from_tray_to_plate__seed00025,25,0,84,7.017910496040713,22.49104744399665,01c1f36fdcfb6f9c94a079cf38f38be6ed21df60c4bbde7df860ced8ae0cdf17
posttrain_pnp_novel_from_tray_to_plate,tabletop,ahs,posttrain_pnp_novel_from_tray_to_plate__seed00026,26,1,81,6.760101610940183,21.732401681976626,01c1f36fdcfb6f9c94a079cf38f38be6ed21df60c4bbde7df860ced8ae0cdf17
posttrain_pnp_novel_from_tray_to_plate,tabletop,ahs,posttrain_pnp_novel_from_tray_to_plate__seed00027,27,1,83,6.943409058148973,24.222777357004816,01c1f36fdcfb6f9c94a079cf38f38be6ed21df60c4bbde7df860ced8ae0cdf17
posttrain_pnp_novel_from_tray_to_plate,tabletop,ahs,posttrain_pnp_novel_from_tray_to_plate__seed00028,28,0,74,6.163138275820529,18.988036306982394,01c1f36fdcfb6f9c94a079cf38f38be6ed21df60c4bbde7df860ced8ae0cdf17
posttrain_pnp_novel_from_tray_to_plate,tabletop,ahs,posttrain_pnp_novel_from_tray_to_plate__seed00029,29,1,81,6.749015253997641,21.109218728990527,01c1f36fdcfb6f9c94a079cf38f38be6ed21df60c4bbde7df860ced8ae0cdf17
posttrain_pnp_novel_from_tray_to_plate,tabletop,ahs,posttrain_pnp_novel_from_tray_to_plate__seed00030,30,1,88,7.3236777870042715,21.181358772999374,01c1f36fdcfb6f9c94a079cf38f38be6ed21df60c4bbde7df860ced8ae0cdf17
posttrain_pnp_novel_from_tray_to_plate,tabletop,ahs,posttrain_pnp_novel_from_tray_to_plate__seed00031,31,0,86,7.15186920191627,21.29645475198049,01c1f36fdcfb6f9c94a079cf38f38be6ed21df60c4bbde7df860ced8ae0cdf17
posttrain_pnp_novel_from_tray_to_plate,tabletop,ahs,posttrain_pnp_novel_from_tray_to_plate__seed00032,32,1,86,7.142939808953088,23.497781448997557,01c1f36fdcfb6f9c94a079cf38f38be6ed21df60c4bbde7df860ced8ae0cdf17
posttrain_pnp_novel_from_tray_to_plate,tabletop,ahs,posttrain_pnp_novel_from_tray_to_plate__seed00033,33,0,81,6.739376895944588,21.582586452015676,01c1f36fdcfb6f9c94a079cf38f38be6ed21df60c4bbde7df860ced8ae0cdf17
posttrain_pnp_novel_from_tray_to_plate,tabletop,ahs,posttrain_pnp_novel_from_tray_to_plate__seed00034,34,0,78,6.489576155960094,22.368123082007514,01c1f36fdcfb6f9c94a079cf38f38be6ed21df60c4bbde7df860ced8ae0cdf17
posttrain_pnp_novel_from_tray_to_plate,tabletop,ahs,posttrain_pnp_novel_from_tray_to_plate__seed00035,35,0,75,6.22230667117401,19.47404768600245,01c1f36fdcfb6f9c94a079cf38f38be6ed21df60c4bbde7df860ced8ae0cdf17
posttrain_pnp_novel_from_tray_to_plate,tabletop,ahs,posttrain_pnp_novel_from_tray_to_plate__seed00036,36,0,87,7.2315333377046045,25.48432184700505,01c1f36fdcfb6f9c94a079cf38f38be6ed21df60c4bbde7df860ced8ae0cdf17
posttrain_pnp_novel_from_tray_to_plate,tabletop,ahs,posttrain_pnp_novel_from_tray_to_plate__seed00037,37,1,79,6.5694697748404,20.209853066015057,01c1f36fdcfb6f9c94a079cf38f38be6ed21df60c4bbde7df860ced8ae0cdf17
posttrain_pnp_novel_from_tray_to_plate,tabletop,ahs,posttrain_pnp_novel_from_tray_to_plate__seed00038,38,1,75,6.2512633010337595,21.32002777699381,01c1f36fdcfb6f9c94a079cf38f38be6ed21df60c4bbde7df860ced8ae0cdf17
posttrain_pnp_novel_from_tray_to_plate,tabletop,ahs,posttrain_pnp_novel_from_tray_to_plate__seed00039,39,0,76,6.3619534200115595,24.52191617398057,01c1f36fdcfb6f9c94a079cf38f38be6ed21df60c4bbde7df860ced8ae0cdf17
posttrain_pnp_novel_from_tray_to_plate,tabletop,ahs,posttrain_pnp_novel_from_tray_to_plate__seed00040,40,0,80,6.706231171963736,22.172105520992773,01c1f36fdcfb6f9c94a079cf38f38be6ed21df60c4bbde7df860ced8ae0cdf17
posttrain_pnp_novel_from_tray_to_plate,tabletop,ahs,posttrain_pnp_novel_from_tray_to_plate__seed00041,41,0,81,6.765177499153651,26.84276096097892,01c1f36fdcfb6f9c94a079cf38f38be6ed21df60c4bbde7df860ced8ae0cdf17
posttrain_pnp_novel_from_tray_to_plate,tabletop,ahs,posttrain_pnp_novel_from_tray_to_plate__seed00042,42,0,82,6.846155032952083,21.1891293170047,01c1f36fdcfb6f9c94a079cf38f38be6ed21df60c4bbde7df860ced8ae0cdf17
posttrain_pnp_novel_from_tray_to_plate,tabletop,ahs,posttrain_pnp_novel_from_tray_to_plate__seed00043,43,0,74,6.162955622159643,20.85293090599589,01c1f36fdcfb6f9c94a079cf38f38be6ed21df60c4bbde7df860ced8ae0cdf17
posttrain_pnp_novel_from_tray_to_plate,tabletop,ahs,posttrain_pnp_novel_from_tray_to_plate__seed00044,44,0,81,6.724847665056586,22.6338067400211,01c1f36fdcfb6f9c94a079cf38f38be6ed21df60c4bbde7df860ced8ae0cdf17
posttrain_pnp_novel_from_tray_to_plate,tabletop,ahs,posttrain_pnp_novel_from_tray_to_plate__seed00045,45,1,87,7.240414497005986,20.676611472008517,01c1f36fdcfb6f9c94a079cf38f38be6ed21df60c4bbde7df860ced8ae0cdf17
posttrain_pnp_novel_from_tray_to_plate,tabletop,ahs,posttrain_pnp_novel_from_tray_to_plate__seed00046,46,1,95,7.887638275278732,22.43765170298866,01c1f36fdcfb6f9c94a079cf38f38be6ed21df60c4bbde7df860ced8ae0cdf17
posttrain_pnp_novel_from_tray_to_plate,tabletop,ahs,posttrain_pnp_novel_from_tray_to_plate__seed00047,47,0,81,6.7271973729657475,22.366517321002902,01c1f36fdcfb6f9c94a079cf38f38be6ed21df60c4bbde7df860ced8ae0cdf17
posttrain_pnp_novel_from_tray_to_plate,tabletop,ahs,posttrain_pnp_novel_from_tray_to_plate__seed00048,48,1,76,6.296612625941634,21.03634460500325,01c1f36fdcfb6f9c94a079cf38f38be6ed21df60c4bbde7df860ced8ae0cdf17
posttrain_pnp_novel_from_tray_to_plate,tabletop,ahs,posttrain_pnp_novel_from_tray_to_plate__seed00049,49,0,80,6.621083439007634,20.302223375008907,01c1f36fdcfb6f9c94a079cf38f38be6ed21df60c4bbde7df860ced8ae0cdf17
posttrain_pnp_novel_from_tray_to_pot,tabletop,ahs,posttrain_pnp_novel_from_tray_to_pot__seed00000,0,1,80,6.662063226947794,20.62815859800321,01c1f36fdcfb6f9c94a079cf38f38be6ed21df60c4bbde7df860ced8ae0cdf17
posttrain_pnp_novel_from_tray_to_pot,tabletop,ahs,posttrain_pnp_novel_from_tray_to_pot__seed00001,1,0,77,6.411271857097745,19.648188057995867,01c1f36fdcfb6f9c94a079cf38f38be6ed21df60c4bbde7df860ced8ae0cdf17
posttrain_pnp_novel_from_tray_to_pot,tabletop,ahs,posttrain_pnp_novel_from_tray_to_pot__seed00002,2,1,87,7.242159599001752,25.624293695989763,01c1f36fdcfb6f9c94a079cf38f38be6ed21df60c4bbde7df860ced8ae0cdf17
posttrain_pnp_novel_from_tray_to_pot,tabletop,ahs,posttrain_pnp_novel_from_tray_to_pot__seed00003,3,0,80,6.647410420962842,19.100185880000936,01c1f36fdcfb6f9c94a079cf38f38be6ed21df60c4bbde7df860ced8ae0cdf17
posttrain_pnp_novel_from_tray_to_pot,tabletop,ahs,posttrain_pnp_novel_from_tray_to_pot__seed00004,4,1,79,6.573830550885759,25.406651053985115,01c1f36fdcfb6f9c94a079cf38f38be6ed21df60c4bbde7df860ced8ae0cdf17
posttrain_pnp_novel_from_tray_to_pot,tabletop,ahs,posttrain_pnp_novel_from_tray_to_pot__seed00005,5,1,74,6.164298799820244,20.41541085598874,01c1f36fdcfb6f9c94a079cf38f38be6ed21df60c4bbde7df860ced8ae0cdf17
posttrain_pnp_novel_from_tray_to_pot,tabletop,ahs,posttrain_pnp_novel_from_tray_to_pot__seed00006,6,1,79,6.599900105939014,20.068825852998998,01c1f36fdcfb6f9c94a079cf38f38be6ed21df60c4bbde7df860ced8ae0cdf17
posttrain_pnp_novel_from_tray_to_pot,tabletop,ahs,posttrain_pnp_novel_from_tray_to_pot__seed00007,7,1,86,7.198575344169512,20.300035893014865,01c1f36fdcfb6f9c94a079cf38f38be6ed21df60c4bbde7df860ced8ae0cdf17
posttrain_pnp_novel_from_tray_to_pot,tabletop,ahs,posttrain_pnp_novel_from_tray_to_pot__seed00008,8,1,85,7.09626096097054,22.38382408002508,01c1f36fdcfb6f9c94a079cf38f38be6ed21df60c4bbde7df860ced8ae0cdf17
posttrain_pnp_novel_from_tray_to_pot,tabletop,ahs,posttrain_pnp_novel_from_tray_to_pot__seed00009,9,1,76,6.3512532940658275,20.436083771986887,01c1f36fdcfb6f9c94a079cf38f38be6ed21df60c4bbde7df860ced8ae0cdf17
posttrain_pnp_novel_from_tray_to_pot,tabletop,ahs,posttrain_pnp_novel_from_tray_to_pot__seed00010,10,0,75,6.259751878998941,19.018560630996944,01c1f36fdcfb6f9c94a079cf38f38be6ed21df60c4bbde7df860ced8ae0cdf17
posttrain_pnp_novel_from_tray_to_pot,tabletop,ahs,posttrain_pnp_novel_from_tray_to_pot__seed00011,11,0,82,6.833477130072424,24.927831826003967,01c1f36fdcfb6f9c94a079cf38f38be6ed21df60c4bbde7df860ced8ae0cdf17
posttrain_pnp_novel_from_tray_to_pot,tabletop,ahs,posttrain_pnp_novel_from_tray_to_pot__seed00012,12,1,76,6.322147041064454,26.167972057999577,01c1f36fdcfb6f9c94a079cf38f38be6ed21df60c4bbde7df860ced8ae0cdf17
posttrain_pnp_novel_from_tray_to_pot,tabletop,ahs,posttrain_pnp_novel_from_tray_to_pot__seed00013,13,0,86,7.151195939077297,20.683349606988486,01c1f36fdcfb6f9c94a079cf38f38be6ed21df60c4bbde7df860ced8ae0cdf17
posttrain_pnp_novel_from_tray_to_pot,tabletop,ahs,posttrain_pnp_novel_from_tray_to_pot__seed00014,14,0,76,6.29644554387778,20.43885237700306,01c1f36fdcfb6f9c94a079cf38f38be6ed21df60c4bbde7df860ced8ae0cdf17
posttrain_pnp_novel_from_tray_to_pot,tabletop,ahs,posttrain_pnp_novel_from_tray_to_pot__seed00015,15,0,79,6.5521385439205915,25.019576898019295,01c1f36fdcfb6f9c94a079cf38f38be6ed21df60c4bbde7df860ced8ae0cdf17
posttrain_pnp_novel_from_tray_to_pot,tabletop,ahs,posttrain_pnp_novel_from_tray_to_pot__seed00016,16,0,81,6.754811327118659,22.539345880009932,01c1f36fdcfb6f9c94a079cf38f38be6ed21df60c4bbde7df860ced8ae0cdf17
posttrain_pnp_novel_from_tray_to_pot,tabletop,ahs,posttrain_pnp_novel_from_tray_to_pot__seed00017,17,1,79,6.547370902932016,21.26437357600662,01c1f36fdcfb6f9c94a079cf38f38be6ed21df60c4bbde7df860ced8ae0cdf17
posttrain_pnp_novel_from_tray_to_pot,tabletop,ahs,posttrain_pnp_novel_from_tray_to_pot__seed00018,18,0,74,6.155824788904283,21.20083391299704,01c1f36fdcfb6f9c94a079cf38f38be6ed21df60c4bbde7df860ced8ae0cdf17
posttrain_pnp_novel_from_tray_to_pot,tabletop,ahs,posttrain_pnp_novel_from_tray_to_pot__seed00019,19,1,77,6.416810019087279,19.723926527018193,01c1f36fdcfb6f9c94a079cf38f38be6ed21df60c4bbde7df860ced8ae0cdf17
posttrain_pnp_novel_from_tray_to_pot,tabletop,ahs,posttrain_pnp_novel_from_tray_to_pot__seed00020,20,1,82,6.825859907956328,20.28124827699503,01c1f36fdcfb6f9c94a079cf38f38be6ed21df60c4bbde7df860ced8ae0cdf17
posttrain_pnp_novel_from_tray_to_pot,tabletop,ahs,posttrain_pnp_novel_from_tray_to_pot__seed00021,21,0,81,6.767453802953241,22.267556812992552,01c1f36fdcfb6f9c94a079cf38f38be6ed21df60c4bbde7df860ced8ae0cdf17
posttrain_pnp_novel_from_tray_to_pot,tabletop,ahs,posttrain_pnp_novel_from_tray_to_pot__seed00022,22,1,83,6.938216416863725,20.811737918003928,01c1f36fdcfb6f9c94a079cf38f38be6ed21df60c4bbde7df860ced8ae0cdf17
posttrain_pnp_novel_from_tray_to_pot,tabletop,ahs,posttrain_pnp_novel_from_tray_to_pot__seed00023,23,1,80,6.712064954161178,19.881955967022805,01c1f36fdcfb6f9c94a079cf38f38be6ed21df60c4bbde7df860ced8ae0cdf17
posttrain_pnp_novel_from_tray_to_pot,tabletop,ahs,posttrain_pnp_novel_from_tray_to_pot__seed00024,24,0,87,7.270116381259868,19.786434042005567,01c1f36fdcfb6f9c94a079cf38f38be6ed21df60c4bbde7df860ced8ae0cdf17
posttrain_pnp_novel_from_tray_to_pot,tabletop,ahs,posttrain_pnp_novel_from_tray_to_pot__seed00025,25,1,80,6.6930823172442615,20.001816913019866,01c1f36fdcfb6f9c94a079cf38f38be6ed21df60c4bbde7df860ced8ae0cdf17
posttrain_pnp_novel_from_tray_to_pot,tabletop,ahs,posttrain_pnp_novel_from_tray_to_pot__seed00026,26,1,82,6.841743266937556,20.798430349997943,01c1f36fdcfb6f9c94a079cf38f38be6ed21df60c4bbde7df860ced8ae0cdf17
posttrain_pnp_novel_from_tray_to_pot,tabletop,ahs,posttrain_pnp_novel_from_tray_to_pot__seed00027,27,1,81,6.732788577093743,24.98055139699136,01c1f36fdcfb6f9c94a079cf38f38be6ed21df60c4bbde7df860ced8ae0cdf17
posttrain_pnp_novel_from_tray_to_pot,tabletop,ahs,posttrain_pnp_novel_from_tray_to_pot__seed00028,28,1,88,7.304241777950665,21.524666207988048,01c1f36fdcfb6f9c94a079cf38f38be6ed21df60c4bbde7df860ced8ae0cdf17
posttrain_pnp_novel_from_tray_to_pot,tabletop,ahs,posttrain_pnp_novel_from_tray_to_pot__seed00029,29,1,76,6.317960314074298,21.939088906976394,01c1f36fdcfb6f9c94a079cf38f38be6ed21df60c4bbde7df860ced8ae0cdf17
posttrain_pnp_novel_from_tray_to_pot,tabletop,ahs,posttrain_pnp_novel_from_tray_to_pot__seed00030,30,0,83,6.91057514178101,23.02797164200456,01c1f36fdcfb6f9c94a079cf38f38be6ed21df60c4bbde7df860ced8ae0cdf17
posttrain_pnp_novel_from_tray_to_pot,tabletop,ahs,posttrain_pnp_novel_from_tray_to_pot__seed00031,31,0,91,7.5540439170436,20.624988700001268,01c1f36fdcfb6f9c94a079cf38f38be6ed21df60c4bbde7df860ced8ae0cdf17
posttrain_pnp_novel_from_tray_to_pot,tabletop,ahs,posttrain_pnp_novel_from_tray_to_pot__seed00032,32,0,84,6.965793988958467,19.582528521015774,01c1f36fdcfb6f9c94a079cf38f38be6ed21df60c4bbde7df860ced8ae0cdf17
posttrain_pnp_novel_from_tray_to_pot,tabletop,ahs,posttrain_pnp_novel_from_tray_to_pot__seed00033,33,0,84,6.960067954991246,20.03738790101488,01c1f36fdcfb6f9c94a079cf38f38be6ed21df60c4bbde7df860ced8ae0cdf17
posttrain_pnp_novel_from_tray_to_pot,tabletop,ahs,posttrain_pnp_novel_from_tray_to_pot__seed00034,34,1,79,6.569521701982012,20.636331084999256,01c1f36fdcfb6f9c94a079cf38f38be6ed21df60c4bbde7df860ced8ae0cdf17
posttrain_pnp_novel_from_tray_to_pot,tabletop,ahs,posttrain_pnp_novel_from_tray_to_pot__seed00035,35,1,89,7.418294828006765,21.6032188719837,01c1f36fdcfb6f9c94a079cf38f38be6ed21df60c4bbde7df860ced8ae0cdf17
posttrain_pnp_novel_from_tray_to_pot,tabletop,ahs,posttrain_pnp_novel_from_tray_to_pot__seed00036,36,0,84,7.001173584838398,25.75577082799282,01c1f36fdcfb6f9c94a079cf38f38be6ed21df60c4bbde7df860ced8ae0cdf17
posttrain_pnp_novel_from_tray_to_pot,tabletop,ahs,posttrain_pnp_novel_from_tray_to_pot__seed00037,37,0,83,6.936544102005428,20.501392306003254,01c1f36fdcfb6f9c94a079cf38f38be6ed21df60c4bbde7df860ced8ae0cdf17
posttrain_pnp_novel_from_tray_to_pot,tabletop,ahs,posttrain_pnp_novel_from_tray_to_pot__seed00038,38,0,81,6.77520862093661,20.696751809999114,01c1f36fdcfb6f9c94a079cf38f38be6ed21df60c4bbde7df860ced8ae0cdf17
posttrain_pnp_novel_from_tray_to_pot,tabletop,ahs,posttrain_pnp_novel_from_tray_to_pot__seed00039,39,0,73,6.093120332050603,23.56323885297752,01c1f36fdcfb6f9c94a079cf38f38be6ed21df60c4bbde7df860ced8ae0cdf17
posttrain_pnp_novel_from_tray_to_pot,tabletop,ahs,posttrain_pnp_novel_from_tray_to_pot__seed00040,40,1,78,6.524160447937902,20.47666555599426,01c1f36fdcfb6f9c94a079cf38f38be6ed21df60c4bbde7df860ced8ae0cdf17
posttrain_pnp_novel_from_tray_to_pot,tabletop,ahs,posttrain_pnp_novel_from_tray_to_pot__seed00041,41,0,78,6.484283948899247,26.02721155100153,01c1f36fdcfb6f9c94a079cf38f38be6ed21df60c4bbde7df860ced8ae0cdf17
posttrain_pnp_novel_from_tray_to_pot,tabletop,ahs,posttrain_pnp_novel_from_tray_to_pot__seed00042,42,0,79,6.580029238946736,20.144066384003963,01c1f36fdcfb6f9c94a079cf38f38be6ed21df60c4bbde7df860ced8ae0cdf17
posttrain_pnp_novel_from_tray_to_pot,tabletop,ahs,posttrain_pnp_novel_from_tray_to_pot__seed00043,43,1,81,6.729837957944255,22.91587460800656,01c1f36fdcfb6f9c94a079cf38f38be6ed21df60c4bbde7df860ced8ae0cdf17
posttrain_pnp_novel_from_tray_to_pot,tabletop,ahs,posttrain_pnp_novel_from_tray_to_pot__seed00044,44,1,79,6.560580166842556,20.082134585012682,01c1f36fdcfb6f9c94a079cf38f38be6ed21df60c4bbde7df860ced8ae0cdf17
posttrain_pnp_novel_from_tray_to_pot,tabletop,ahs,posttrain_pnp_novel_from_tray_to_pot__seed00045,45,0,82,6.813710299087688,21.00435276600183,01c1f36fdcfb6f9c94a079cf38f38be6ed21df60c4bbde7df860ced8ae0cdf17
posttrain_pnp_novel_from_tray_to_pot,tabletop,ahs,posttrain_pnp_novel_from_tray_to_pot__seed00046,46,0,88,7.327253462950466,19.988239389989758,01c1f36fdcfb6f9c94a079cf38f38be6ed21df60c4bbde7df860ced8ae0cdf17
posttrain_pnp_novel_from_tray_to_pot,tabletop,ahs,posttrain_pnp_novel_from_tray_to_pot__seed00047,47,1,76,6.3103170289541595,21.046725333988434,01c1f36fdcfb6f9c94a079cf38f38be6ed21df60c4bbde7df860ced8ae0cdf17
posttrain_pnp_novel_from_tray_to_pot,tabletop,ahs,posttrain_pnp_novel_from_tray_to_pot__seed00048,48,1,76,6.321885161014507,21.654222080978798,01c1f36fdcfb6f9c94a079cf38f38be6ed21df60c4bbde7df860ced8ae0cdf17
posttrain_pnp_novel_from_tray_to_pot,tabletop,ahs,posttrain_pnp_novel_from_tray_to_pot__seed00049,49,1,76,6.315082775981864,20.244581970007857,01c1f36fdcfb6f9c94a079cf38f38be6ed21df60c4bbde7df860ced8ae0cdf17
posttrain_pnp_novel_from_tray_to_tieredbasket,tabletop,ahs,posttrain_pnp_novel_from_tray_to_tieredbasket__seed00000,0,0,75,6.278001127880998,23.09003245900385,4a2f2dda16c3f89207cf02b76055881a7b1cec6e508d4ad0e2325100e97acd19
posttrain_pnp_novel_from_tray_to_tieredbasket,tabletop,ahs,posttrain_pnp_novel_from_tray_to_tieredbasket__seed00001,1,1,81,6.763559274957515,23.089565096015576,4a2f2dda16c3f89207cf02b76055881a7b1cec6e508d4ad0e2325100e97acd19
posttrain_pnp_novel_from_tray_to_tieredbasket,tabletop,ahs,posttrain_pnp_novel_from_tray_to_tieredbasket__seed00002,2,0,84,6.994852935837116,27.415984002000187,4a2f2dda16c3f89207cf02b76055881a7b1cec6e508d4ad0e2325100e97acd19
posttrain_pnp_novel_from_tray_to_tieredbasket,tabletop,ahs,posttrain_pnp_novel_from_tray_to_tieredbasket__seed00003,3,1,82,6.82295704894932,27.812393654021434,4a2f2dda16c3f89207cf02b76055881a7b1cec6e508d4ad0e2325100e97acd19
posttrain_pnp_novel_from_tray_to_tieredbasket,tabletop,ahs,posttrain_pnp_novel_from_tray_to_tieredbasket__seed00004,4,1,86,7.1414992549980525,26.705636102007702,4a2f2dda16c3f89207cf02b76055881a7b1cec6e508d4ad0e2325100e97acd19
posttrain_pnp_novel_from_tray_to_tieredbasket,tabletop,ahs,posttrain_pnp_novel_from_tray_to_tieredbasket__seed00005,5,0,76,6.309444697981235,21.706925106002018,4a2f2dda16c3f89207cf02b76055881a7b1cec6e508d4ad0e2325100e97acd19
posttrain_pnp_novel_from_tray_to_tieredbasket,tabletop,ahs,posttrain_pnp_novel_from_tray_to_tieredbasket__seed00006,6,1,83,6.90653952897992,23.664224566018675,4a2f2dda16c3f89207cf02b76055881a7b1cec6e508d4ad0e2325100e97acd19
posttrain_pnp_novel_from_tray_to_tieredbasket,tabletop,ahs,posttrain_pnp_novel_from_tray_to_tieredbasket__seed00007,7,0,84,6.970906144124456,22.69280738400994,4a2f2dda16c3f89207cf02b76055881a7b1cec6e508d4ad0e2325100e97acd19
posttrain_pnp_novel_from_tray_to_tieredbasket,tabletop,ahs,posttrain_pnp_novel_from_tray_to_tieredbasket__seed00008,8,1,82,6.818449887068709,22.514678198989714,4a2f2dda16c3f89207cf02b76055881a7b1cec6e508d4ad0e2325100e97acd19
posttrain_pnp_novel_from_tray_to_tieredbasket,tabletop,ahs,posttrain_pnp_novel_from_tray_to_tieredbasket__seed00009,9,0,85,7.113323463097913,22.197954377974384,4a2f2dda16c3f89207cf02b76055881a7b1cec6e508d4ad0e2325100e97acd19
posttrain_pnp_novel_from_tray_to_tieredbasket,tabletop,ahs,posttrain_pnp_novel_from_tray_to_tieredbasket__seed00010,10,1,78,6.5335015589080285,24.224225985992234,4a2f2dda16c3f89207cf02b76055881a7b1cec6e508d4ad0e2325100e97acd19
posttrain_pnp_novel_from_tray_to_tieredbasket,tabletop,ahs,posttrain_pnp_novel_from_tray_to_tieredbasket__seed00011,11,0,73,6.125268527917797,24.694856082991464,4a2f2dda16c3f89207cf02b76055881a7b1cec6e508d4ad0e2325100e97acd19
posttrain_pnp_novel_from_tray_to_tieredbasket,tabletop,ahs,posttrain_pnp_novel_from_tray_to_tieredbasket__seed00012,12,0,80,6.700434660015162,27.109898206981597,4a2f2dda16c3f89207cf02b76055881a7b1cec6e508d4ad0e2325100e97acd19
posttrain_pnp_novel_from_tray_to_tieredbasket,tabletop,ahs,posttrain_pnp_novel_from_tray_to_tieredbasket__seed00013,13,0,82,6.862548780947691,21.95202629000414,4a2f2dda16c3f89207cf02b76055881a7b1cec6e508d4ad0e2325100e97acd19
posttrain_pnp_novel_from_tray_to_tieredbasket,tabletop,ahs,posttrain_pnp_novel_from_tray_to_tieredbasket__seed00014,14,0,82,6.849848236015532,22.669875087973196,4a2f2dda16c3f89207cf02b76055881a7b1cec6e508d4ad0e2325100e97acd19
posttrain_pnp_novel_from_tray_to_tieredbasket,tabletop,ahs,posttrain_pnp_novel_from_tray_to_tieredbasket__seed00015,15,0,75,6.248978985095164,21.68630351999309,4a2f2dda16c3f89207cf02b76055881a7b1cec6e508d4ad0e2325100e97acd19
posttrain_pnp_novel_from_tray_to_tieredbasket,tabletop,ahs,posttrain_pnp_novel_from_tray_to_tieredbasket__seed00016,16,1,82,6.827975634107133,24.92170688699116,4a2f2dda16c3f89207cf02b76055881a7b1cec6e508d4ad0e2325100e97acd19
posttrain_pnp_novel_from_tray_to_tieredbasket,tabletop,ahs,posttrain_pnp_novel_from_tray_to_tieredbasket__seed00017,17,1,75,6.234810025955085,23.328382406994933,4a2f2dda16c3f89207cf02b76055881a7b1cec6e508d4ad0e2325100e97acd19
posttrain_pnp_novel_from_tray_to_tieredbasket,tabletop,ahs,posttrain_pnp_novel_from_tray_to_tieredbasket__seed00018,18,0,87,7.262380522995954,21.856384457001695,4a2f2dda16c3f89207cf02b76055881a7b1cec6e508d4ad0e2325100e97acd19
posttrain_pnp_novel_from_tray_to_tieredbasket,tabletop,ahs,posttrain_pnp_novel_from_tray_to_tieredbasket__seed00019,19,0,85,7.070002138032578,21.917946216999553,4a2f2dda16c3f89207cf02b76055881a7b1cec6e508d4ad0e2325100e97acd19
posttrain_pnp_novel_from_tray_to_tieredbasket,tabletop,ahs,posttrain_pnp_novel_from_tray_to_tieredbasket__seed00020,20,0,74,6.157826224021846,22.26121906901244,4a2f2dda16c3f89207cf02b76055881a7b1cec6e508d4ad0e2325100e97acd19
posttrain_pnp_novel_from_tray_to_tieredbasket,tabletop,ahs,posttrain_pnp_novel_from_tray_to_tieredbasket__seed00021,21,0,83,6.8971726899035275,24.781100084015634,4a2f2dda16c3f89207cf02b76055881a7b1cec6e508d4ad0e2325100e97acd19
posttrain_pnp_novel_from_tray_to_tieredbasket,tabletop,ahs,posttrain_pnp_novel_from_tray_to_tieredbasket__seed00022,22,0,77,6.436560938163893,28.504129934997763,4a2f2dda16c3f89207cf02b76055881a7b1cec6e508d4ad0e2325100e97acd19
posttrain_pnp_novel_from_tray_to_tieredbasket,tabletop,ahs,posttrain_pnp_novel_from_tray_to_tieredbasket__seed00023,23,0,86,7.204282452905318,22.04971740298788,4a2f2dda16c3f89207cf02b76055881a7b1cec6e508d4ad0e2325100e97acd19
posttrain_pnp_novel_from_tray_to_tieredbasket,tabletop,ahs,posttrain_pnp_novel_from_tray_to_tieredbasket__seed00024,24,0,76,6.356998073053546,22.695283690991346,4a2f2dda16c3f89207cf02b76055881a7b1cec6e508d4ad0e2325100e97acd19
posttrain_pnp_novel_from_tray_to_tieredbasket,tabletop,ahs,posttrain_pnp_novel_from_tray_to_tieredbasket__seed00025,25,1,88,7.32061158088618,21.957114849006757,4a2f2dda16c3f89207cf02b76055881a7b1cec6e508d4ad0e2325100e97acd19
posttrain_pnp_novel_from_tray_to_tieredbasket,tabletop,ahs,posttrain_pnp_novel_from_tray_to_tieredbasket__seed00026,26,0,88,7.272442046698416,25.297961059986847,4a2f2dda16c3f89207cf02b76055881a7b1cec6e508d4ad0e2325100e97acd19
posttrain_pnp_novel_from_tray_to_tieredbasket,tabletop,ahs,posttrain_pnp_novel_from_tray_to_tieredbasket__seed00027,27,1,83,6.905026219203137,27.147881026001414,4a2f2dda16c3f89207cf02b76055881a7b1cec6e508d4ad0e2325100e97acd19
posttrain_pnp_novel_from_tray_to_tieredbasket,tabletop,ahs,posttrain_pnp_novel_from_tray_to_tieredbasket__seed00028,28,0,77,6.408955916092964,20.721408523997525,4a2f2dda16c3f89207cf02b76055881a7b1cec6e508d4ad0e2325100e97acd19
posttrain_pnp_novel_from_tray_to_tieredbasket,tabletop,ahs,posttrain_pnp_novel_from_tray_to_tieredbasket__seed00029,29,1,80,6.616854060906917,21.9206781660032,4a2f2dda16c3f89207cf02b76055881a7b1cec6e508d4ad0e2325100e97acd19
posttrain_pnp_novel_from_tray_to_tieredbasket,tabletop,ahs,posttrain_pnp_novel_from_tray_to_tieredbasket__seed00030,30,0,83,6.87672624894185,23.5280512010213,4a2f2dda16c3f89207cf02b76055881a7b1cec6e508d4ad0e2325100e97acd19
posttrain_pnp_novel_from_tray_to_tieredbasket,tabletop,ahs,posttrain_pnp_novel_from_tray_to_tieredbasket__seed00031,31,1,85,7.029981663043145,20.796281982999062,4a2f2dda16c3f89207cf02b76055881a7b1cec6e508d4ad0e2325100e97acd19
posttrain_pnp_novel_from_tray_to_tieredbasket,tabletop,ahs,posttrain_pnp_novel_from_tray_to_tieredbasket__seed00032,32,0,76,6.296742910024477,23.95573269200395,4a2f2dda16c3f89207cf02b76055881a7b1cec6e508d4ad0e2325100e97acd19
posttrain_pnp_novel_from_tray_to_tieredbasket,tabletop,ahs,posttrain_pnp_novel_from_tray_to_tieredbasket__seed00033,33,1,79,6.5872910330072045,22.404512031993363,4a2f2dda16c3f89207cf02b76055881a7b1cec6e508d4ad0e2325100e97acd19
posttrain_pnp_novel_from_tray_to_tieredbasket,tabletop,ahs,posttrain_pnp_novel_from_tray_to_tieredbasket__seed00034,34,0,83,6.902403173036873,25.94093815900851,4a2f2dda16c3f89207cf02b76055881a7b1cec6e508d4ad0e2325100e97acd19
posttrain_pnp_novel_from_tray_to_tieredbasket,tabletop,ahs,posttrain_pnp_novel_from_tray_to_tieredbasket__seed00035,35,0,80,6.6961655568447895,25.3977736030065,4a2f2dda16c3f89207cf02b76055881a7b1cec6e508d4ad0e2325100e97acd19
posttrain_pnp_novel_from_tray_to_tieredbasket,tabletop,ahs,posttrain_pnp_novel_from_tray_to_tieredbasket__seed00036,36,0,82,6.847827694087755,29.410373942984734,4a2f2dda16c3f89207cf02b76055881a7b1cec6e508d4ad0e2325100e97acd19
posttrain_pnp_novel_from_tray_to_tieredbasket,tabletop,ahs,posttrain_pnp_novel_from_tray_to_tieredbasket__seed00037,37,0,87,7.2763299160287715,22.272183675988344,4a2f2dda16c3f89207cf02b76055881a7b1cec6e508d4ad0e2325100e97acd19
posttrain_pnp_novel_from_tray_to_tieredbasket,tabletop,ahs,posttrain_pnp_novel_from_tray_to_tieredbasket__seed00038,38,0,76,6.349553024105262,21.848432172002504,4a2f2dda16c3f89207cf02b76055881a7b1cec6e508d4ad0e2325100e97acd19
posttrain_pnp_novel_from_tray_to_tieredbasket,tabletop,ahs,posttrain_pnp_novel_from_tray_to_tieredbasket__seed00039,39,0,77,6.409835811849916,28.836063182010548,4a2f2dda16c3f89207cf02b76055881a7b1cec6e508d4ad0e2325100e97acd19
posttrain_pnp_novel_from_tray_to_tieredbasket,tabletop,ahs,posttrain_pnp_novel_from_tray_to_tieredbasket__seed00040,40,0,85,7.079180764005287,24.62753425500705,4a2f2dda16c3f89207cf02b76055881a7b1cec6e508d4ad0e2325100e97acd19
posttrain_pnp_novel_from_tray_to_tieredbasket,tabletop,ahs,posttrain_pnp_novel_from_tray_to_tieredbasket__seed00041,41,1,82,6.8147860229655635,27.900794187997235,4a2f2dda16c3f89207cf02b76055881a7b1cec6e508d4ad0e2325100e97acd19
posttrain_pnp_novel_from_tray_to_tieredbasket,tabletop,ahs,posttrain_pnp_novel_from_tray_to_tieredbasket__seed00042,42,0,81,6.730453047784977,21.99890341400169,4a2f2dda16c3f89207cf02b76055881a7b1cec6e508d4ad0e2325100e97acd19
posttrain_pnp_novel_from_tray_to_tieredbasket,tabletop,ahs,posttrain_pnp_novel_from_tray_to_tieredbasket__seed00043,43,0,84,6.998840575921349,22.68151767499512,4a2f2dda16c3f89207cf02b76055881a7b1cec6e508d4ad0e2325100e97acd19
posttrain_pnp_novel_from_tray_to_tieredbasket,tabletop,ahs,posttrain_pnp_novel_from_tray_to_tieredbasket__seed00044,44,0,72,6.002734159963438,21.148160190001363,4a2f2dda16c3f89207cf02b76055881a7b1cec6e508d4ad0e2325100e97acd19
posttrain_pnp_novel_from_tray_to_tieredbasket,tabletop,ahs,posttrain_pnp_novel_from_tray_to_tieredbasket__seed00045,45,0,79,6.586359906970756,24.421249013976194,4a2f2dda16c3f89207cf02b76055881a7b1cec6e508d4ad0e2325100e97acd19
posttrain_pnp_novel_from_tray_to_tieredbasket,tabletop,ahs,posttrain_pnp_novel_from_tray_to_tieredbasket__seed00046,46,1,74,6.174611837923294,22.96880297700409,4a2f2dda16c3f89207cf02b76055881a7b1cec6e508d4ad0e2325100e97acd19
posttrain_pnp_novel_from_tray_to_tieredbasket,tabletop,ahs,posttrain_pnp_novel_from_tray_to_tieredbasket__seed00047,47,1,78,6.519595379999373,22.662942397990264,4a2f2dda16c3f89207cf02b76055881a7b1cec6e508d4ad0e2325100e97acd19
posttrain_pnp_novel_from_tray_to_tieredbasket,tabletop,ahs,posttrain_pnp_novel_from_tray_to_tieredbasket__seed00048,48,1,78,6.538103268074337,24.355911013000878,4a2f2dda16c3f89207cf02b76055881a7b1cec6e508d4ad0e2325100e97acd19
posttrain_pnp_novel_from_tray_to_tieredbasket,tabletop,ahs,posttrain_pnp_novel_from_tray_to_tieredbasket__seed00049,49,1,78,6.530151232145727,27.057376014010515,4a2f2dda16c3f89207cf02b76055881a7b1cec6e508d4ad0e2325100e97acd19
posttrain_pnp_novel_from_tray_to_tieredshelf,tabletop,ahs,posttrain_pnp_novel_from_tray_to_tieredshelf__seed00000,0,0,83,6.936388956033625,25.903130902006524,b04e70b43fd43d420966a92323f65837bdacdfee0336cef225cf3851e8de3d90
posttrain_pnp_novel_from_tray_to_tieredshelf,tabletop,ahs,posttrain_pnp_novel_from_tray_to_tieredshelf__seed00001,1,0,78,6.537964000017382,25.418230420007603,b04e70b43fd43d420966a92323f65837bdacdfee0336cef225cf3851e8de3d90
posttrain_pnp_novel_from_tray_to_tieredshelf,tabletop,ahs,posttrain_pnp_novel_from_tray_to_tieredshelf__seed00002,2,0,79,6.622650064848131,28.76188791298773,b04e70b43fd43d420966a92323f65837bdacdfee0336cef225cf3851e8de3d90
posttrain_pnp_novel_from_tray_to_tieredshelf,tabletop,ahs,posttrain_pnp_novel_from_tray_to_tieredshelf__seed00003,3,0,76,6.355439270089846,23.083259588020155,b04e70b43fd43d420966a92323f65837bdacdfee0336cef225cf3851e8de3d90
posttrain_pnp_novel_from_tray_to_tieredshelf,tabletop,ahs,posttrain_pnp_novel_from_tray_to_tieredshelf__seed00004,4,0,76,6.33628622291144,28.504323105007643,b04e70b43fd43d420966a92323f65837bdacdfee0336cef225cf3851e8de3d90
posttrain_pnp_novel_from_tray_to_tieredshelf,tabletop,ahs,posttrain_pnp_novel_from_tray_to_tieredshelf__seed00005,5,0,81,6.749738185026217,24.227598064986523,b04e70b43fd43d420966a92323f65837bdacdfee0336cef225cf3851e8de3d90
posttrain_pnp_novel_from_tray_to_tieredshelf,tabletop,ahs,posttrain_pnp_novel_from_tray_to_tieredshelf__seed00006,6,0,77,6.407978529081447,27.167586694995407,b04e70b43fd43d420966a92323f65837bdacdfee0336cef225cf3851e8de3d90
posttrain_pnp_novel_from_tray_to_tieredshelf,tabletop,ahs,posttrain_pnp_novel_from_tray_to_tieredshelf__seed00007,7,0,80,6.664976094121812,22.758503413002472,b04e70b43fd43d420966a92323f65837bdacdfee0336cef225cf3851e8de3d90
posttrain_pnp_novel_from_tray_to_tieredshelf,tabletop,ahs,posttrain_pnp_novel_from_tray_to_tieredshelf__seed00008,8,0,79,6.586160346050747,24.867899153992767,b04e70b43fd43d420966a92323f65837bdacdfee0336cef225cf3851e8de3d90
posttrain_pnp_novel_from_tray_to_tieredshelf,tabletop,ahs,posttrain_pnp_novel_from_tray_to_tieredshelf__seed00009,9,0,90,7.49797778800712,25.27990892197704,b04e70b43fd43d420966a92323f65837bdacdfee0336cef225cf3851e8de3d90
posttrain_pnp_novel_from_tray_to_tieredshelf,tabletop,ahs,posttrain_pnp_novel_from_tray_to_tieredshelf__seed00010,10,0,80,6.681320977950236,23.9268208029971,b04e70b43fd43d420966a92323f65837bdacdfee0336cef225cf3851e8de3d90
posttrain_pnp_novel_from_tray_to_tieredshelf,tabletop,ahs,posttrain_pnp_novel_from_tray_to_tieredshelf__seed00011,11,0,78,6.535579168848926,23.069903986004647,b04e70b43fd43d420966a92323f65837bdacdfee0336cef225cf3851e8de3d90
posttrain_pnp_novel_from_tray_to_tieredshelf,tabletop,ahs,posttrain_pnp_novel_from_tray_to_tieredshelf__seed00012,12,0,84,7.039069138001651,30.139588354999432,b04e70b43fd43d420966a92323f65837bdacdfee0336cef225cf3851e8de3d90
posttrain_pnp_novel_from_tray_to_tieredshelf,tabletop,ahs,posttrain_pnp_novel_from_tray_to_tieredshelf__seed00013,13,0,76,6.356554053054424,24.292523137002718,b04e70b43fd43d420966a92323f65837bdacdfee0336cef225cf3851e8de3d90
posttrain_pnp_novel_from_tray_to_tieredshelf,tabletop,ahs,posttrain_pnp_novel_from_tray_to_tieredshelf__seed00014,14,0,88,7.359572443907382,24.180464071017923,b04e70b43fd43d420966a92323f65837bdacdfee0336cef225cf3851e8de3d90
posttrain_pnp_novel_from_tray_to_tieredshelf,tabletop,ahs,posttrain_pnp_novel_from_tray_to_tieredshelf__seed00015,15,0,80,6.64539706002688,29.80085789199802,b04e70b43fd43d420966a92323f65837bdacdfee0336cef225cf3851e8de3d90
posttrain_pnp_novel_from_tray_to_tieredshelf,tabletop,ahs,posttrain_pnp_novel_from_tray_to_tieredshelf__seed00016,16,0,83,6.933051093830727,22.99882741898182,b04e70b43fd43d420966a92323f65837bdacdfee0336cef225cf3851e8de3d90
posttrain_pnp_novel_from_tray_to_tieredshelf,tabletop,ahs,posttrain_pnp_novel_from_tray_to_tieredshelf__seed00017,17,0,88,7.321434509882238,26.041815390984993,b04e70b43fd43d420966a92323f65837bdacdfee0336cef225cf3851e8de3d90
posttrain_pnp_novel_from_tray_to_tieredshelf,tabletop,ahs,posttrain_pnp_novel_from_tray_to_tieredshelf__seed00018,18,1,80,6.655986638099421,23.369567435001954,b04e70b43fd43d420966a92323f65837bdacdfee0336cef225cf3851e8de3d90
posttrain_pnp_novel_from_tray_to_tieredshelf,tabletop,ahs,posttrain_pnp_novel_from_tray_to_tieredshelf__seed00019,19,1,80,6.646167813829379,23.351572847022908,b04e70b43fd43d420966a92323f65837bdacdfee0336cef225cf3851e8de3d90
posttrain_pnp_novel_from_tray_to_tieredshelf,tabletop,ahs,posttrain_pnp_novel_from_tray_to_tieredshelf__seed00020,20,0,74,6.145285143109504,28.857097333995625,b04e70b43fd43d420966a92323f65837bdacdfee0336cef225cf3851e8de3d90
posttrain_pnp_novel_from_tray_to_tieredshelf,tabletop,ahs,posttrain_pnp_novel_from_tray_to_tieredshelf__seed00021,21,1,74,6.155517345207045,29.27493157700519,b04e70b43fd43d420966a92323f65837bdacdfee0336cef225cf3851e8de3d90
posttrain_pnp_novel_from_tray_to_tieredshelf,tabletop,ahs,posttrain_pnp_novel_from_tray_to_tieredshelf__seed00022,22,0,81,6.792372765950859,27.11229476000881,b04e70b43fd43d420966a92323f65837bdacdfee0336cef225cf3851e8de3d90
posttrain_pnp_novel_from_tray_to_tieredshelf,tabletop,ahs,posttrain_pnp_novel_from_tray_to_tieredshelf__seed00023,23,0,74,6.194006330042612,23.355693335994147,b04e70b43fd43d420966a92323f65837bdacdfee0336cef225cf3851e8de3d90
posttrain_pnp_novel_from_tray_to_tieredshelf,tabletop,ahs,posttrain_pnp_novel_from_tray_to_tieredshelf__seed00024,24,1,86,7.187486858834745,24.849799920018995,b04e70b43fd43d420966a92323f65837bdacdfee0336cef225cf3851e8de3d90
posttrain_pnp_novel_from_tray_to_tieredshelf,tabletop,ahs,posttrain_pnp_novel_from_tray_to_tieredshelf__seed00025,25,0,81,6.754716967087006,24.830669852992287,b04e70b43fd43d420966a92323f65837bdacdfee0336cef225cf3851e8de3d90
posttrain_pnp_novel_from_tray_to_tieredshelf,tabletop,ahs,posttrain_pnp_novel_from_tray_to_tieredshelf__seed00026,26,0,84,7.004918581049424,26.23485681298189,b04e70b43fd43d420966a92323f65837bdacdfee0336cef225cf3851e8de3d90
posttrain_pnp_novel_from_tray_to_tieredshelf,tabletop,ahs,posttrain_pnp_novel_from_tray_to_tieredshelf__seed00027,27,1,84,6.978681030246662,27.954300217999844,b04e70b43fd43d420966a92323f65837bdacdfee0336cef225cf3851e8de3d90
posttrain_pnp_novel_from_tray_to_tieredshelf,tabletop,ahs,posttrain_pnp_novel_from_tray_to_tieredshelf__seed00028,28,1,77,6.401827801950276,22.493923434027238,b04e70b43fd43d420966a92323f65837bdacdfee0336cef225cf3851e8de3d90
posttrain_pnp_novel_from_tray_to_tieredshelf,tabletop,ahs,posttrain_pnp_novel_from_tray_to_tieredshelf__seed00029,29,0,75,6.207333650905639,25.7686435530195,b04e70b43fd43d420966a92323f65837bdacdfee0336cef225cf3851e8de3d90
posttrain_pnp_novel_from_tray_to_tieredshelf,tabletop,ahs,posttrain_pnp_novel_from_tray_to_tieredshelf__seed00030,30,1,77,6.4076824409130495,22.7997048709949,b04e70b43fd43d420966a92323f65837bdacdfee0336cef225cf3851e8de3d90
posttrain_pnp_novel_from_tray_to_tieredshelf,tabletop,ahs,posttrain_pnp_novel_from_tray_to_tieredshelf__seed00031,31,0,83,6.896142697019968,27.945319817983545,b04e70b43fd43d420966a92323f65837bdacdfee0336cef225cf3851e8de3d90
posttrain_pnp_novel_from_tray_to_tieredshelf,tabletop,ahs,posttrain_pnp_novel_from_tray_to_tieredshelf__seed00032,32,0,70,5.821193764859345,21.133600741974078,b04e70b43fd43d420966a92323f65837bdacdfee0336cef225cf3851e8de3d90
posttrain_pnp_novel_from_tray_to_tieredshelf,tabletop,ahs,posttrain_pnp_novel_from_tray_to_tieredshelf__seed00033,33,0,82,6.8260905860806815,24.712491387006594,b04e70b43fd43d420966a92323f65837bdacdfee0336cef225cf3851e8de3d90
posttrain_pnp_novel_from_tray_to_tieredshelf,tabletop,ahs,posttrain_pnp_novel_from_tray_to_tieredshelf__seed00034,34,0,83,6.9311257370281965,29.44900166298612,b04e70b43fd43d420966a92323f65837bdacdfee0336cef225cf3851e8de3d90
posttrain_pnp_novel_from_tray_to_tieredshelf,tabletop,ahs,posttrain_pnp_novel_from_tray_to_tieredshelf__seed00035,35,1,84,7.025523454911308,25.763314373994945,b04e70b43fd43d420966a92323f65837bdacdfee0336cef225cf3851e8de3d90
posttrain_pnp_novel_from_tray_to_tieredshelf,tabletop,ahs,posttrain_pnp_novel_from_tray_to_tieredshelf__seed00036,36,0,84,7.054834530106746,28.341841060988372,b04e70b43fd43d420966a92323f65837bdacdfee0336cef225cf3851e8de3d90
posttrain_pnp_novel_from_tray_to_tieredshelf,tabletop,ahs,posttrain_pnp_novel_from_tray_to_tieredshelf__seed00037,37,1,86,7.226198712945916,23.225399093003944,b04e70b43fd43d420966a92323f65837bdacdfee0336cef225cf3851e8de3d90
posttrain_pnp_novel_from_tray_to_tieredshelf,tabletop,ahs,posttrain_pnp_novel_from_tray_to_tieredshelf__seed00038,38,0,75,6.25873286096612,23.215916682995157,b04e70b43fd43d420966a92323f65837bdacdfee0336cef225cf3851e8de3d90
posttrain_pnp_novel_from_tray_to_tieredshelf,tabletop,ahs,posttrain_pnp_novel_from_tray_to_tieredshelf__seed00039,39,1,89,7.386726791912224,28.99537366599543,b04e70b43fd43d420966a92323f65837bdacdfee0336cef225cf3851e8de3d90
posttrain_pnp_novel_from_tray_to_tieredshelf,tabletop,ahs,posttrain_pnp_novel_from_tray_to_tieredshelf__seed00040,40,0,67,5.5856391869310755,34.146645680011716,b04e70b43fd43d420966a92323f65837bdacdfee0336cef225cf3851e8de3d90
posttrain_pnp_novel_from_tray_to_tieredshelf,tabletop,ahs,posttrain_pnp_novel_from_tray_to_tieredshelf__seed00041,41,0,78,6.4925158999394625,27.996712255990133,b04e70b43fd43d420966a92323f65837bdacdfee0336cef225cf3851e8de3d90
posttrain_pnp_novel_from_tray_to_tieredshelf,tabletop,ahs,posttrain_pnp_novel_from_tray_to_tieredshelf__seed00042,42,1,83,6.903115574124968,25.388155396998627,b04e70b43fd43d420966a92323f65837bdacdfee0336cef225cf3851e8de3d90
posttrain_pnp_novel_from_tray_to_tieredshelf,tabletop,ahs,posttrain_pnp_novel_from_tray_to_tieredshelf__seed00043,43,0,82,6.841362898907391,24.652934411977185,b04e70b43fd43d420966a92323f65837bdacdfee0336cef225cf3851e8de3d90
posttrain_pnp_novel_from_tray_to_tieredshelf,tabletop,ahs,posttrain_pnp_novel_from_tray_to_tieredshelf__seed00044,44,1,81,6.758449790038867,23.333991913008504,b04e70b43fd43d420966a92323f65837bdacdfee0336cef225cf3851e8de3d90
posttrain_pnp_novel_from_tray_to_tieredshelf,tabletop,ahs,posttrain_pnp_novel_from_tray_to_tieredshelf__seed00045,45,0,81,6.7559331972151995,27.551433848013403,b04e70b43fd43d420966a92323f65837bdacdfee0336cef225cf3851e8de3d90
posttrain_pnp_novel_from_tray_to_tieredshelf,tabletop,ahs,posttrain_pnp_novel_from_tray_to_tieredshelf__seed00046,46,1,82,6.860655924159801,26.15980384699651,b04e70b43fd43d420966a92323f65837bdacdfee0336cef225cf3851e8de3d90
posttrain_pnp_novel_from_tray_to_tieredshelf,tabletop,ahs,posttrain_pnp_novel_from_tray_to_tieredshelf__seed00047,47,0,80,6.702078437054297,30.137426670000423,b04e70b43fd43d420966a92323f65837bdacdfee0336cef225cf3851e8de3d90
posttrain_pnp_novel_from_tray_to_tieredshelf,tabletop,ahs,posttrain_pnp_novel_from_tray_to_tieredshelf__seed00048,48,0,79,6.618139646889176,23.57833712597494,b04e70b43fd43d420966a92323f65837bdacdfee0336cef225cf3851e8de3d90
posttrain_pnp_novel_from_tray_to_tieredshelf,tabletop,ahs,posttrain_pnp_novel_from_tray_to_tieredshelf__seed00049,49,1,86,7.189463501883438,23.19114820699906,b04e70b43fd43d420966a92323f65837bdacdfee0336cef225cf3851e8de3d90
